-- phpMyAdmin SQL Dump
-- version 5.1.1
-- https://www.phpmyadmin.net/
--
-- Host: 127.0.0.1
-- Generation Time: Mar 28, 2024 at 10:34 AM
-- Server version: 10.4.22-MariaDB
-- PHP Version: 7.4.27

SET SQL_MODE = "NO_AUTO_VALUE_ON_ZERO";
START TRANSACTION;
SET time_zone = "+00:00";


/*!40101 SET @OLD_CHARACTER_SET_CLIENT=@@CHARACTER_SET_CLIENT */;
/*!40101 SET @OLD_CHARACTER_SET_RESULTS=@@CHARACTER_SET_RESULTS */;
/*!40101 SET @OLD_COLLATION_CONNECTION=@@COLLATION_CONNECTION */;
/*!40101 SET NAMES utf8mb4 */;

--
-- Database: `bintang_distributor`
--

-- --------------------------------------------------------

--
-- Table structure for table `area`
--

CREATE TABLE `area` (
  `id_area` int(100) NOT NULL,
  `id_nama_area` varchar(255) NOT NULL,
  `nama_area` varchar(255) NOT NULL,
  `id_branch` int(11) NOT NULL,
  `created_at` date NOT NULL,
  `updated_at` date NOT NULL,
  `deleted_at` date NOT NULL
) ENGINE=InnoDB DEFAULT CHARSET=utf8mb4;

--
-- Dumping data for table `area`
--

INSERT INTO `area` (`id_area`, `id_nama_area`, `nama_area`, `id_branch`, `created_at`, `updated_at`, `deleted_at`) VALUES
(84, 'BLSDRP', 'BELILAS DROP', 0, '0000-00-00', '0000-00-00', '0000-00-00'),
(85, 'SRKDRP', 'SOREK DROP', 0, '0000-00-00', '0000-00-00', '0000-00-00'),
(87, 'PPNDRP', 'PASIR PANGARAIAN DROP', 0, '0000-00-00', '0000-00-00', '0000-00-00'),
(88, 'SIAKDRP', 'SIAK DROP', 0, '0000-00-00', '0000-00-00', '0000-00-00'),
(89, 'TLKDRP', 'TALUK DROP', 0, '0000-00-00', '0000-00-00', '0000-00-00'),
(90, 'UTJDRP', 'UJUNG TANJUNG DROP', 0, '0000-00-00', '0000-00-00', '0000-00-00'),
(91, 'DRDKVS', 'DURI-DUMAI KANVAS', 0, '0000-00-00', '0000-00-00', '0000-00-00'),
(92, 'FBYDRP', 'FLAMBOYAN DROP', 0, '0000-00-00', '0000-00-00', '0000-00-00'),
(93, 'PKUKVS', 'PEKAN BARU KANVAS', 1, '0000-00-00', '0000-00-00', '0000-00-00'),
(94, 'UJBDRP', 'UJUNG BATU DROP', 0, '0000-00-00', '0000-00-00', '0000-00-00'),
(95, 'JMB', 'JAMBI', 0, '0000-00-00', '0000-00-00', '0000-00-00'),
(96, 'PLB', 'PALEMBANG', 0, '0000-00-00', '0000-00-00', '0000-00-00'),
(97, 'DUMAI', 'DUMAI', 0, '0000-00-00', '0000-00-00', '0000-00-00'),
(98, 'MEDAN', 'MEDAN', 0, '0000-00-00', '0000-00-00', '0000-00-00'),
(99, 'BGNBTU', 'BAGAN BATU', 0, '0000-00-00', '0000-00-00', '0000-00-00'),
(100, 'PPN2DRP', 'PASIR PANGARAIAN DROP 2', 0, '0000-00-00', '0000-00-00', '0000-00-00'),
(105, 'GRSK', 'GRESIK', 0, '0000-00-00', '0000-00-00', '0000-00-00'),
(117, 'PDGKT', 'PADANG KOTA', 2, '0000-00-00', '0000-00-00', '0000-00-00'),
(118, 'SLKKVS', 'SOLOK KANVAS', 2, '0000-00-00', '0000-00-00', '0000-00-00'),
(119, 'PRMKVS', 'PARIAMAN KANVAS', 2, '0000-00-00', '0000-00-00', '0000-00-00'),
(122, 'OFFICEPKU', 'KOTA PEKANBARU', 1, '0000-00-00', '0000-00-00', '0000-00-00'),
(133, 'PSMKVS', 'PASAMAN KANVAS', 2, '0000-00-00', '0000-00-00', '0000-00-00'),
(134, 'PESSELKVS', 'PESISIR SELATAN KANVAS', 2, '0000-00-00', '0000-00-00', '0000-00-00'),
(135, 'PKBKVS', 'PAYUKUMBUH KANVAS', 2, '0000-00-00', '0000-00-00', '0000-00-00'),
(186, 'DMSKVS', 'DHARMASRAYA KANVAS', 2, '0000-00-00', '0000-00-00', '0000-00-00'),
(193, 'BR BGO', 'BUNGO', 2, '0000-00-00', '0000-00-00', '0000-00-00'),
(203, 'PASTIM', 'PADAMAN TIMUR KANVAS', 2, '0000-00-00', '0000-00-00', '0000-00-00'),
(204, 'BTSKR KVS', 'BATU  SANGKAR KAVAS', 2, '0000-00-00', '0000-00-00', '0000-00-00'),
(219, 'PRMDRP', 'PARIAMAN DROPING', 2, '0000-00-00', '0000-00-00', '0000-00-00'),
(220, 'PASBAR DRP', 'PASAMAN BARAT DROPING', 2, '0000-00-00', '0000-00-00', '0000-00-00'),
(221, 'SOLSEL DRP', 'SOLOK SELATAN DROPING', 2, '0000-00-00', '0000-00-00', '0000-00-00'),
(234, 'DMSDRP', 'DHAMASRAYA DROP', 2, '0000-00-00', '0000-00-00', '0000-00-00'),
(236, 'PDG', 'PADANG', 2, '0000-00-00', '0000-00-00', '0000-00-00'),
(249, 'BR-KUDUS', 'KUDUS', 2, '0000-00-00', '0000-00-00', '0000-00-00'),
(253, 'KUDUS', 'KUDUS', 4, '0000-00-00', '0000-00-00', '0000-00-00'),
(255, 'GSK', 'BR GRESIK', 2, '0000-00-00', '0000-00-00', '0000-00-00'),
(261, 'BR-BGKL', 'BENGKULU', 2, '0000-00-00', '0000-00-00', '0000-00-00'),
(264, 'PRM 1 DRP', 'PARIAMAN 1 DROP', 2, '0000-00-00', '0000-00-00', '0000-00-00'),
(265, 'PRM 2 DRP', 'PARIAMAN 2 DROP', 2, '0000-00-00', '0000-00-00', '0000-00-00'),
(266, 'LBKBSG DRP', 'LUBUK BASUNG DROP', 2, '0000-00-00', '0000-00-00', '0000-00-00'),
(267, 'LBKBSG KVS', 'LUBUK BASUNG KANVAS', 2, '0000-00-00', '0000-00-00', '0000-00-00'),
(270, 'BR-PKNBR', 'PEKANBARU', 2, '0000-00-00', '0000-00-00', '0000-00-00'),
(271, 'BR-PLG', 'PALEMBANG', 2, '0000-00-00', '0000-00-00', '0000-00-00'),
(272, 'BR-JMB', 'KOTA JAMBI', 2, '0000-00-00', '0000-00-00', '0000-00-00'),
(274, 'BRJMBSKM', 'JAMBI SKM', 2, '0000-00-00', '0000-00-00', '0000-00-00'),
(275, 'BGOEXC', 'MA BUNGO', 0, '0000-00-00', '0000-00-00', '0000-00-00'),
(276, 'BKL', 'BENGKULU', 0, '0000-00-00', '0000-00-00', '0000-00-00'),
(277, 'BKTTGI', 'BUKIT TINGGI', 2, '0000-00-00', '0000-00-00', '0000-00-00'),
(278, 'PDGPJG', 'PADANG PANJANG', 2, '0000-00-00', '0000-00-00', '0000-00-00'),
(280, 'PSM2', 'PASAMAN BARAT 2', 2, '0000-00-00', '0000-00-00', '0000-00-00'),
(281, 'PSM 1', 'PASAMAN 1', 2, '0000-00-00', '0000-00-00', '0000-00-00'),
(283, 'PSRDRP', 'PESISIR DROP', 2, '0000-00-00', '0000-00-00', '0000-00-00'),
(292, 'PSRDRPATS', 'PESISIR DROP ATAS', 2, '0000-00-00', '0000-00-00', '0000-00-00');

-- --------------------------------------------------------

--
-- Table structure for table `asset`
--

CREATE TABLE `asset` (
  `id_branch` int(11) NOT NULL,
  `id_asset` int(200) NOT NULL,
  `no_plat` varchar(245) NOT NULL,
  `nama_asset` varchar(255) NOT NULL,
  `tahun_pembelian` year(4) NOT NULL,
  `satuan` varchar(255) NOT NULL,
  `pic` varchar(255) NOT NULL,
  `lokasi` varchar(255) NOT NULL,
  `created_at` datetime NOT NULL,
  `id_user` int(11) NOT NULL,
  `jenis_asset` varchar(255) NOT NULL,
  `no_mesin` varchar(255) NOT NULL,
  `no_rangka` varchar(255) NOT NULL,
  `tgl_berakhir_kir` date NOT NULL,
  `tgl_berakhir_pajak_stnk` date NOT NULL,
  `tgl_berakhir_plat` date NOT NULL,
  `updated_at` datetime NOT NULL,
  `deleted_at` datetime NOT NULL
) ENGINE=InnoDB DEFAULT CHARSET=utf8mb4;

--
-- Dumping data for table `asset`
--

INSERT INTO `asset` (`id_branch`, `id_asset`, `no_plat`, `nama_asset`, `tahun_pembelian`, `satuan`, `pic`, `lokasi`, `created_at`, `id_user`, `jenis_asset`, `no_mesin`, `no_rangka`, `tgl_berakhir_kir`, `tgl_berakhir_pajak_stnk`, `tgl_berakhir_plat`, `updated_at`, `deleted_at`) VALUES
(1, 50000001, 'BM 8924 QU', 'COLT DIESEL FE 71 (ORANGE)', 2013, 'Unit', 'YOKI ANDIKA', 'SALES', '0000-00-00 00:00:00', 0, '', '', '', '0000-00-00', '0000-00-00', '0000-00-00', '0000-00-00 00:00:00', '0000-00-00 00:00:00'),
(1, 50000019, 'BM 9659 RO', 'COLT DIESEL FE 84 G', 2015, 'Unit', 'ARDINAL', 'SALES', '0000-00-00 00:00:00', 0, '', '', '', '0000-00-00', '0000-00-00', '0000-00-00', '0000-00-00 00:00:00', '0000-00-00 00:00:00'),
(1, 50000021, 'G 8032 OF', 'COLTDIESELFE84', 2011, 'Unit', 'HADI NURWAHID', 'SALES', '0000-00-00 00:00:00', 0, '', '', '', '0000-00-00', '0000-00-00', '0000-00-00', '0000-00-00 00:00:00', '0000-00-00 00:00:00'),
(1, 50000023, 'BM 9896 TG', 'COLT DIESEL PS 125', 2011, 'Unit', 'BUSMAN', 'SALES', '0000-00-00 00:00:00', 0, '', '', '', '0000-00-00', '0000-00-00', '0000-00-00', '0000-00-00 00:00:00', '0000-00-00 00:00:00'),
(1, 50000028, 'BM 9387 TW', 'COLT DIESEL FE 334', 2008, 'Unit', 'ZAKARIA', 'SALES', '0000-00-00 00:00:00', 0, '', '', '', '0000-00-00', '0000-00-00', '0000-00-00', '0000-00-00 00:00:00', '0000-00-00 00:00:00'),
(1, 50000030, 'BM 9909 TW', 'COLT DIESEL FE 73', 2014, 'Unit', 'PAIMAN', 'SALES', '0000-00-00 00:00:00', 0, '', '', '', '0000-00-00', '0000-00-00', '0000-00-00', '0000-00-00 00:00:00', '0000-00-00 00:00:00'),
(1, 50000032, 'BM 1479 NN', 'GRAND MAX', 2014, 'Unit', 'AMIN', 'SALES', '0000-00-00 00:00:00', 0, '', '', '', '0000-00-00', '0000-00-00', '0000-00-00', '0000-00-00 00:00:00', '0000-00-00 00:00:00'),
(1, 50000033, 'BM 1809 NT', 'GRAND MAX', 2015, 'Unit', 'ARAF', 'SALES', '0000-00-00 00:00:00', 0, '', '', '', '0000-00-00', '0000-00-00', '0000-00-00', '0000-00-00 00:00:00', '0000-00-00 00:00:00'),
(1, 50000036, 'BM 1938 TL', 'GRAND MAX', 2016, 'Unit', 'YOHAN', 'SALES', '0000-00-00 00:00:00', 0, '', '', '', '0000-00-00', '0000-00-00', '0000-00-00', '0000-00-00 00:00:00', '0000-00-00 00:00:00'),
(1, 50000039, 'BH 1143 YE', 'GRAND MAX', 2022, 'Unit', 'ARDINAL', 'SALES', '0000-00-00 00:00:00', 0, '', '', '', '0000-00-00', '0000-00-00', '0000-00-00', '0000-00-00 00:00:00', '0000-00-00 00:00:00'),
(1, 50000042, 'BM 8424 TV', 'GRAND MAX BLINDVAN', 2017, 'Unit', 'EDI SYAHRIL', 'SALES', '0000-00-00 00:00:00', 0, '', '', '', '0000-00-00', '0000-00-00', '0000-00-00', '0000-00-00 00:00:00', '0000-00-00 00:00:00'),
(1, 50000043, 'BM 1319 ZV', 'TOYOTA CALYA', 2021, 'Unit', 'MUKMIN', 'OFFICE', '0000-00-00 00:00:00', 0, '', '', '', '0000-00-00', '0000-00-00', '0000-00-00', '0000-00-00 00:00:00', '0000-00-00 00:00:00'),
(2, 50000044, 'BM 1807 VP', 'GRAND MAX MINI BUS', 2022, 'Unit', '8.270.822.001', 'M. TOMMY SETYADI', '0000-00-00 00:00:00', 7, 'muammar', '', '', '0000-00-00', '0000-00-00', '0000-00-00', '0000-00-00 00:00:00', '0000-00-00 00:00:00'),
(1, 50000045, 'BM 1481 OF', 'SUZUKI KARIMUN', 2020, 'Unit', 'ALRIDHO D.P.', 'OFFICE', '0000-00-00 00:00:00', 0, '', '', '', '0000-00-00', '0000-00-00', '0000-00-00', '0000-00-00 00:00:00', '0000-00-00 00:00:00'),
(2, 50000046, 'BA 1203 OL', 'GRAND MAX MINIBUS', 2022, 'Unit', '10.180.922.001', 'REZKI YULANDA', '0000-00-00 00:00:00', 7, 'muammar', '', '', '0000-00-00', '0000-00-00', '0000-00-00', '0000-00-00 00:00:00', '0000-00-00 00:00:00'),
(2, 50000047, 'BD 1256 HL', 'GRAND MAX MINIBUS', 2022, 'Unit', '10.020.124.002', 'MUKHSAL MINAN', '0000-00-00 00:00:00', 7, 'muammar', '', '', '0000-00-00', '0000-00-00', '0000-00-00', '0000-00-00 00:00:00', '0000-00-00 00:00:00'),
(2, 50000048, 'L 1831 FI', 'GRAND MAX MINIBUS', 2022, 'Unit', '10.020.124.001', 'ARIF', '0000-00-00 00:00:00', 7, 'muammar', '', '', '0000-00-00', '0000-00-00', '0000-00-00', '0000-00-00 00:00:00', '0000-00-00 00:00:00'),
(1, 50000049, 'B 9422 YE', 'SUZUKI KARIMUN', 2015, 'Unit', 'BOBY PRIMA DM', 'OFFICE', '0000-00-00 00:00:00', 0, '', '', '', '0000-00-00', '0000-00-00', '0000-00-00', '0000-00-00 00:00:00', '0000-00-00 00:00:00'),
(2, 50000050, 'BH 1047 KH', 'GRAND MAX MINIBUS', 2022, 'Unit', '10.221.122.001', 'ALFIANTO', '0000-00-00 00:00:00', 7, 'muammar', '', '', '0000-00-00', '0000-00-00', '0000-00-00', '0000-00-00 00:00:00', '0000-00-00 00:00:00'),
(2, 50000064, 'BH 8914 NL', 'TRUCK BOX ENGKEL', 2022, 'Unit', '10.181.223.002', 'SUWITO', '0000-00-00 00:00:00', 8, 'muammar', '', '', '0000-00-00', '0000-00-00', '0000-00-00', '0000-00-00 00:00:00', '0000-00-00 00:00:00'),
(2, 50000065, 'BH 1663 GM', 'AVANZA MINIBUS', 2018, 'Unit', '14.010.922.009', 'MUAMMAR RAFI', '0000-00-00 00:00:00', 8, 'muammar', '', '', '0000-00-00', '0000-00-00', '0000-00-00', '0000-00-00 00:00:00', '0000-00-00 00:00:00'),
(1, 50000066, 'BM 4354 JN', 'HONDA REVO', 2009, 'Unit', 'NOVA YOLANDA', 'SALES', '0000-00-00 00:00:00', 0, '', '', '', '0000-00-00', '0000-00-00', '0000-00-00', '0000-00-00 00:00:00', '0000-00-00 00:00:00'),
(1, 50000067, 'BM 6800 TN', 'HONDA REVO', 2016, 'Unit', 'ANDANI', 'SALES', '0000-00-00 00:00:00', 0, '', '', '', '0000-00-00', '0000-00-00', '0000-00-00', '0000-00-00 00:00:00', '0000-00-00 00:00:00'),
(1, 50000068, 'BM 6039 LQ', 'HONDA REVO', 2017, 'Unit', 'JUNAIDI', 'SALES', '0000-00-00 00:00:00', 0, '', '', '', '0000-00-00', '0000-00-00', '0000-00-00', '0000-00-00 00:00:00', '0000-00-00 00:00:00'),
(2, 50000082, 'H 1820 WI', 'TRUCK BOX ENGKEL', 2022, 'Unit', '10.290.822.006', 'DEVRI ERDI RAMON', '0000-00-00 00:00:00', 8, 'muammar', '', '', '0000-00-00', '0000-00-00', '0000-00-00', '0000-00-00 00:00:00', '0000-00-00 00:00:00'),
(2, 50000089, 'BA 1432 LK', 'AVANZA MINIBUS', 2023, 'Unit', '10.011.223.001', 'DENI EKA PRASETYA', '0000-00-00 00:00:00', 4, 'muammar', '', '', '0000-00-00', '0000-00-00', '0000-00-00', '0000-00-00 00:00:00', '0000-00-00 00:00:00'),
(2, 50000117, '1', 'LAPTOP', 2022, 'Unit', '10.011.223.001', 'DENI EKA PRASETYA', '0000-00-00 00:00:00', 26, 'muammar', '', '', '0000-00-00', '0000-00-00', '0000-00-00', '0000-00-00 00:00:00', '0000-00-00 00:00:00'),
(2, 50000118, '1', 'BERANGKAS', 2022, 'Unit', '14.010.922.009', 'MUAMMAR RAFI', '0000-00-00 00:00:00', 26, 'muammar', '', '', '0000-00-00', '0000-00-00', '0000-00-00', '0000-00-00 00:00:00', '0000-00-00 00:00:00'),
(2, 50000119, '2', 'TV LED + CCTV', 2022, 'Unit', '', '', '0000-00-00 00:00:00', 26, 'muammar', '', '', '0000-00-00', '0000-00-00', '0000-00-00', '0000-00-00 00:00:00', '0000-00-00 00:00:00'),
(2, 50000120, '6', 'KIPAS ANGIN', 2022, 'Unit', '', '', '0000-00-00 00:00:00', 26, 'muammar', '', '', '0000-00-00', '0000-00-00', '0000-00-00', '0000-00-00 00:00:00', '0000-00-00 00:00:00'),
(2, 50000123, '2', 'AC', 2022, 'Unit', '', '', '0000-00-00 00:00:00', 26, 'muammar', '', '', '0000-00-00', '0000-00-00', '0000-00-00', '0000-00-00 00:00:00', '0000-00-00 00:00:00'),
(2, 50000124, '1', 'LEMARI', 2022, 'Unit', '', '', '0000-00-00 00:00:00', 26, 'muammar', '', '', '0000-00-00', '0000-00-00', '0000-00-00', '0000-00-00 00:00:00', '0000-00-00 00:00:00'),
(2, 50000125, '3', 'DISPANSER AIR MINUM', 2022, 'Unit', '', '', '0000-00-00 00:00:00', 26, 'muammar', '', '', '0000-00-00', '0000-00-00', '0000-00-00', '0000-00-00 00:00:00', '0000-00-00 00:00:00'),
(2, 50000126, '5', 'KOMPOR MASAK', 2022, '', '', '', '0000-00-00 00:00:00', 26, 'muammar', '', '', '0000-00-00', '0000-00-00', '0000-00-00', '0000-00-00 00:00:00', '0000-00-00 00:00:00'),
(2, 50000127, '3', 'KURSI OFFICE', 2022, 'Unit', '', '', '0000-00-00 00:00:00', 26, 'muammar', '', '', '0000-00-00', '0000-00-00', '0000-00-00', '0000-00-00 00:00:00', '0000-00-00 00:00:00'),
(2, 50000128, '20', 'KURSI PLASTIK', 2022, 'Unit', '', '', '0000-00-00 00:00:00', 26, 'muammar', '', '', '0000-00-00', '0000-00-00', '0000-00-00', '0000-00-00 00:00:00', '0000-00-00 00:00:00'),
(2, 50000129, '5', 'MEJA OFFICE', 2022, 'Unit', '', '', '0000-00-00 00:00:00', 26, 'muammar', '', '', '0000-00-00', '0000-00-00', '0000-00-00', '0000-00-00 00:00:00', '0000-00-00 00:00:00'),
(2, 50000130, '1', 'RICE COOKER', 2022, 'Unit', '', '', '0000-00-00 00:00:00', 26, 'muammar', '', '', '0000-00-00', '0000-00-00', '0000-00-00', '0000-00-00 00:00:00', '0000-00-00 00:00:00'),
(2, 50000131, '16', 'KASUR', 2022, 'Unit', '', '', '0000-00-00 00:00:00', 26, 'muammar', '', '', '0000-00-00', '0000-00-00', '0000-00-00', '0000-00-00 00:00:00', '0000-00-00 00:00:00'),
(1, 50000253, 'BM 1079 OG', 'FORTUNER MATIC VNT DIESEL', 2015, 'Unit', 'ALRIDHO D.P.', 'OFFICE', '0000-00-00 00:00:00', 0, '', '', '', '0000-00-00', '0000-00-00', '0000-00-00', '0000-00-00 00:00:00', '0000-00-00 00:00:00'),
(1, 50000254, '0', 'MESS PEKANBARU', 2008, 'Unit', 'ALRIDHO D.P.', 'OFFICE', '0000-00-00 00:00:00', 0, '', '', '', '0000-00-00', '0000-00-00', '0000-00-00', '0000-00-00 00:00:00', '0000-00-00 00:00:00'),
(1, 50000255, '0', 'TANAH LUAS 7974 M2', 2021, 'Unit', 'ALRIDHO D.P.', 'OFFICE', '0000-00-00 00:00:00', 0, '', '', '', '0000-00-00', '0000-00-00', '0000-00-00', '0000-00-00 00:00:00', '0000-00-00 00:00:00'),
(1, 50000256, 'BM 5619 QR', 'HONDA REVO', 2008, 'Unit', 'ALRIDHO D.P.', 'OFFICE', '0000-00-00 00:00:00', 0, '', '', '', '0000-00-00', '0000-00-00', '0000-00-00', '0000-00-00 00:00:00', '0000-00-00 00:00:00'),
(1, 50000257, 'BH 4594 MY', 'SUZUKI SKYWAVE', 2009, 'Unit', 'ALRIDHO D.P.', 'OFFICE', '0000-00-00 00:00:00', 0, '', '', '', '0000-00-00', '0000-00-00', '0000-00-00', '0000-00-00 00:00:00', '0000-00-00 00:00:00'),
(1, 50000258, '0', '1 SET PC ADMIN KAS KECIL', 2022, 'Unit', 'ALRIDHO D.P.', 'OFFICE', '0000-00-00 00:00:00', 0, '', '', '', '0000-00-00', '0000-00-00', '0000-00-00', '0000-00-00 00:00:00', '0000-00-00 00:00:00'),
(1, 50000259, '', '1 SET PC ADMIN KAS BESAR', 2021, 'Unit', 'ADE SAPUTRA', 'OFFICE', '0000-00-00 00:00:00', 0, '', '', '', '0000-00-00', '0000-00-00', '0000-00-00', '0000-00-00 00:00:00', '0000-00-00 00:00:00'),
(1, 50000260, '', '1 SET PC ADMIN MADISTRO', 2023, '', 'RINA FITRIA ULFA', 'OFFICE', '0000-00-00 00:00:00', 0, '', '', '', '0000-00-00', '0000-00-00', '0000-00-00', '0000-00-00 00:00:00', '0000-00-00 00:00:00'),
(1, 50000261, '', 'LAPTOP SPV', 2022, '', 'MUKMIN', 'OFFICE', '0000-00-00 00:00:00', 0, '', '', '', '0000-00-00', '0000-00-00', '0000-00-00', '0000-00-00 00:00:00', '0000-00-00 00:00:00'),
(1, 50000262, '', 'LAPTOP ADMIN GUDANG', 2023, 'Unit', 'MUHAMMAD', 'OFFICE', '0000-00-00 00:00:00', 0, '', '', '', '0000-00-00', '0000-00-00', '0000-00-00', '0000-00-00 00:00:00', '0000-00-00 00:00:00'),
(1, 50000263, '', 'LAPTOP ASIST SPV', 2023, 'Unit', 'BOBY PRIMA DM', 'OFFICE', '0000-00-00 00:00:00', 0, '', '', '', '0000-00-00', '0000-00-00', '0000-00-00', '0000-00-00 00:00:00', '0000-00-00 00:00:00'),
(1, 50000264, '', 'AC 3 UNIT (KANTOR)', 2021, 'Unit', 'ALRIDHO D.P.', 'OFFICE', '0000-00-00 00:00:00', 0, '', '', '', '0000-00-00', '0000-00-00', '0000-00-00', '0000-00-00 00:00:00', '0000-00-00 00:00:00'),
(1, 50000265, '', 'AC 2 UNIT (MESS PKU)', 2021, 'Unit', 'ALRIDHO D.P.', 'OFFICE', '0000-00-00 00:00:00', 0, '', '', '', '0000-00-00', '0000-00-00', '0000-00-00', '0000-00-00 00:00:00', '0000-00-00 00:00:00'),
(1, 50000266, '', 'HP ADMIN KAS KECIL', 2023, 'Unit', 'ALRIDHO D.P.', 'OFFICE', '0000-00-00 00:00:00', 0, '', '', '', '0000-00-00', '0000-00-00', '0000-00-00', '0000-00-00 00:00:00', '0000-00-00 00:00:00'),
(1, 50000267, '', 'HP ADMIN KAS KECIL 2', 2021, 'Unit', 'ALRIDHO D.P.', 'OFFICE', '0000-00-00 00:00:00', 0, '', '', '', '0000-00-00', '0000-00-00', '0000-00-00', '0000-00-00 00:00:00', '0000-00-00 00:00:00'),
(1, 50000268, '', 'HP ADMIN KAS BESAR', 2023, 'Unit', 'ADE SAPUTRA', 'OFFICE', '0000-00-00 00:00:00', 0, '', '', '', '0000-00-00', '0000-00-00', '0000-00-00', '0000-00-00 00:00:00', '0000-00-00 00:00:00'),
(1, 50000269, '', 'HP ADMIN MADISTRO', 2021, 'Unit', 'RINA FITRIA ULFA', 'OFFICE', '0000-00-00 00:00:00', 0, '', '', '', '0000-00-00', '0000-00-00', '0000-00-00', '0000-00-00 00:00:00', '0000-00-00 00:00:00'),
(1, 50000270, '', 'HP HEAD OFFICE', 2022, 'Unit', 'ALRIDHO D.P.', 'OFFICE', '0000-00-00 00:00:00', 0, '', '', '', '0000-00-00', '0000-00-00', '0000-00-00', '0000-00-00 00:00:00', '0000-00-00 00:00:00'),
(1, 50000271, '', 'HP ASIST. HO', 2022, 'Unit', 'ALRIDHO D.P.', 'OFFICE', '0000-00-00 00:00:00', 0, '', '', '', '0000-00-00', '0000-00-00', '0000-00-00', '0000-00-00 00:00:00', '0000-00-00 00:00:00'),
(1, 50000272, '', 'MESIN STEAM CUCI MOBIL', 2021, 'Unit', 'ALRIDHO D.P.', 'SALES', '0000-00-00 00:00:00', 0, '', '', '', '0000-00-00', '0000-00-00', '0000-00-00', '0000-00-00 00:00:00', '0000-00-00 00:00:00'),
(1, 50000273, '', 'PROYEKTOR DAN LAYAR', 2023, '-', 'ALRIDHO D.P.', 'OFFICE', '0000-00-00 00:00:00', 0, '', '', '', '0000-00-00', '0000-00-00', '0000-00-00', '0000-00-00 00:00:00', '0000-00-00 00:00:00'),
(1, 50000274, '', 'KASUR KING COIL (MESS)', 2021, '', 'ALRIDHO D.P.', 'OFFICE', '0000-00-00 00:00:00', 0, '', '', '', '0000-00-00', '0000-00-00', '0000-00-00', '0000-00-00 00:00:00', '0000-00-00 00:00:00'),
(1, 50000275, '', 'MESIN HITUNG UANG', 2023, '', 'ADE SAPUTRA', 'OFFICE', '0000-00-00 00:00:00', 0, '', '', '', '0000-00-00', '0000-00-00', '0000-00-00', '0000-00-00 00:00:00', '0000-00-00 00:00:00'),
(1, 50000276, '', 'BRANKAS KAS KECIL', 2021, '', 'ALRIDHO D.P.', 'OFFICE', '0000-00-00 00:00:00', 0, '', '', '', '0000-00-00', '0000-00-00', '0000-00-00', '0000-00-00 00:00:00', '0000-00-00 00:00:00'),
(1, 50000277, '', 'BRANKAS KAS BESAR', 2021, 'Unit', 'ADE SAPUTRA', 'OFFICE', '0000-00-00 00:00:00', 0, '', '', '', '0000-00-00', '0000-00-00', '0000-00-00', '0000-00-00 00:00:00', '0000-00-00 00:00:00'),
(1, 50000278, '', 'TV LCD (MESS PKU)', 2021, 'Unit', 'ALRIDHO D.P.', 'OFFICE', '0000-00-00 00:00:00', 0, '', '', '', '0000-00-00', '0000-00-00', '0000-00-00', '0000-00-00 00:00:00', '0000-00-00 00:00:00'),
(1, 50000279, '', 'KURSI SPV', 2021, '', 'MUKMIN', 'OFFICE', '0000-00-00 00:00:00', 0, '', '', '', '0000-00-00', '0000-00-00', '0000-00-00', '0000-00-00 00:00:00', '0000-00-00 00:00:00'),
(1, 50000280, '', 'KURSI ADMIN 3 PCS', 2023, '', 'ALRIDHO D.P.', 'OFFICE', '0000-00-00 00:00:00', 0, '', '', '', '0000-00-00', '0000-00-00', '0000-00-00', '0000-00-00 00:00:00', '0000-00-00 00:00:00'),
(1, 50000281, '', 'KULKAS 2 PINTU (MESS PKU)', 2021, 'Unit', 'ALRIDHO D.P.', 'OFFICE', '0000-00-00 00:00:00', 0, '', '', '', '0000-00-00', '0000-00-00', '0000-00-00', '0000-00-00 00:00:00', '0000-00-00 00:00:00'),
(1, 50000282, '', 'KULKAS 1 PINTU (KANTOR)', 2023, 'Unit', 'ALRIDHO D.P.', 'OFFICE', '0000-00-00 00:00:00', 0, '', '', '', '0000-00-00', '0000-00-00', '0000-00-00', '0000-00-00 00:00:00', '0000-00-00 00:00:00'),
(1, 50000283, '', '1 SET CCTV (MESS PKU)', 2022, '', 'ALRIDHO D.P.', 'OFFICE', '0000-00-00 00:00:00', 0, '', '', '', '0000-00-00', '0000-00-00', '0000-00-00', '0000-00-00 00:00:00', '0000-00-00 00:00:00'),
(1, 50000284, '', '1 SET CCTV (KANTOR)', 2023, '', 'ALRIDHO D.P.', 'OFFICE', '0000-00-00 00:00:00', 0, '', '', '', '0000-00-00', '0000-00-00', '0000-00-00', '0000-00-00 00:00:00', '0000-00-00 00:00:00'),
(1, 50000285, '', 'SENSOR UANG PALSU', 2022, 'Unit', 'ADE SAPUTRA', 'OFFICE', '0000-00-00 00:00:00', 0, '', '', '', '0000-00-00', '0000-00-00', '0000-00-00', '0000-00-00 00:00:00', '0000-00-00 00:00:00'),
(1, 50000286, '', 'KIPAS ANGIN GANTUNG 4 PCS', 2023, '', 'ALRIDHO D.P.', 'OFFICE', '0000-00-00 00:00:00', 0, '', '', '', '0000-00-00', '0000-00-00', '0000-00-00', '0000-00-00 00:00:00', '0000-00-00 00:00:00'),
(1, 50000287, '', 'MONITOR CCTV KANTOR', 2023, 'Unit', 'ALRIDHO D.P.', 'OFFICE', '0000-00-00 00:00:00', 0, '', '', '', '0000-00-00', '0000-00-00', '0000-00-00', '0000-00-00 00:00:00', '0000-00-00 00:00:00'),
(1, 50000288, '', 'MONITOR CCTV MESS', 2021, '', 'ALRIDHO D.P.', 'OFFICE', '0000-00-00 00:00:00', 0, '', '', '', '0000-00-00', '0000-00-00', '0000-00-00', '0000-00-00 00:00:00', '0000-00-00 00:00:00'),
(1, 50000289, '', 'GORDEN MESS', 2023, '', 'ALRIDHO D.P.', 'OFFICE', '0000-00-00 00:00:00', 0, '', '', '', '0000-00-00', '0000-00-00', '0000-00-00', '0000-00-00 00:00:00', '0000-00-00 00:00:00'),
(1, 50000290, '', 'PRINTER EPSON 2 PCS', 2022, 'Unit', 'ALRIDHO D.P.', 'OFFICE', '0000-00-00 00:00:00', 0, '', '', '', '0000-00-00', '0000-00-00', '0000-00-00', '0000-00-00 00:00:00', '0000-00-00 00:00:00'),
(1, 50000291, '', 'DISPENSER 3 PCS', 2022, '-', 'ALRIDHO D.P.', 'OFFICE', '0000-00-00 00:00:00', 0, '', '', '', '0000-00-00', '0000-00-00', '0000-00-00', '0000-00-00 00:00:00', '0000-00-00 00:00:00'),
(1, 50000295, '', 'MESIN CUCI (MESS PKU)', 2020, '', 'ALRIDHO D.P.', 'OFFICE', '0000-00-00 00:00:00', 0, '', '', '', '0000-00-00', '0000-00-00', '0000-00-00', '0000-00-00 00:00:00', '0000-00-00 00:00:00'),
(1, 50000383, '', 'TANAH DI JAMBI LUAS 16.597 M2', 2023, '', 'ALRIDHO D.P.', 'OFFICE', '0000-00-00 00:00:00', 0, '', '', '', '0000-00-00', '0000-00-00', '0000-00-00', '0000-00-00 00:00:00', '0000-00-00 00:00:00'),
(1, 50000391, '', 'MEISN VACUM CLEANER', 2023, 'Unit', 'ALRIDHO D.P.', 'OFFICE', '0000-00-00 00:00:00', 0, '', '', '', '0000-00-00', '0000-00-00', '0000-00-00', '0000-00-00 00:00:00', '0000-00-00 00:00:00'),
(2, 50000396, '0', 'TANAH', 2023, '-', '', '', '0000-00-00 00:00:00', 30, 'muammar', '', '', '0000-00-00', '0000-00-00', '0000-00-00', '0000-00-00 00:00:00', '0000-00-00 00:00:00'),
(2, 50000397, '', 'MESIN UANG', 2022, 'Unit', '', '', '0000-00-00 00:00:00', 30, 'muammar', '', '', '0000-00-00', '0000-00-00', '0000-00-00', '0000-00-00 00:00:00', '0000-00-00 00:00:00'),
(2, 50000398, '2', 'CPU KOMPUTER & MONITOR', 2022, 'Unit', '', '', '0000-00-00 00:00:00', 30, 'muammar', '', '', '0000-00-00', '0000-00-00', '0000-00-00', '0000-00-00 00:00:00', '0000-00-00 00:00:00'),
(2, 50000399, '1', 'PRINTER', 2022, 'Unit', '', '', '0000-00-00 00:00:00', 30, 'muammar', '', '', '0000-00-00', '0000-00-00', '0000-00-00', '0000-00-00 00:00:00', '0000-00-00 00:00:00'),
(1, 50000405, 'BG 8604 FP', 'GRAND MAX', 2024, 'Unit', 'YOKI ANDIKA', 'SALES', '0000-00-00 00:00:00', 0, '', '', '', '0000-00-00', '0000-00-00', '0000-00-00', '0000-00-00 00:00:00', '0000-00-00 00:00:00');

-- --------------------------------------------------------

--
-- Table structure for table `bank`
--

CREATE TABLE `bank` (
  `id_bank` int(11) NOT NULL,
  `nama_bank` varchar(200) NOT NULL,
  `payment_code` varchar(255) DEFAULT NULL,
  `saldo` int(111) NOT NULL,
  `id_branch` int(11) NOT NULL,
  `created_by` int(255) NOT NULL,
  `created_at` datetime NOT NULL,
  `updated_at` datetime NOT NULL,
  `deleted_at` datetime NOT NULL
) ENGINE=InnoDB DEFAULT CHARSET=utf8mb4;

--
-- Dumping data for table `bank`
--

INSERT INTO `bank` (`id_bank`, `nama_bank`, `payment_code`, `saldo`, `id_branch`, `created_by`, `created_at`, `updated_at`, `deleted_at`) VALUES
(1, 'BANK BRI', NULL, 85000000, 1, 34551, '2024-01-02 07:40:14', '2024-03-11 07:28:42', '0000-00-00 00:00:00'),
(2, 'BRANKAS KAS KECIL DI HEAD OFFICE	', NULL, 0, 1, 34551, '2024-01-02 07:41:15', '2024-01-02 07:41:15', '0000-00-00 00:00:00'),
(3, 'KAS', '1', 1000000, 1, 34551, '2024-01-02 07:44:14', '2024-03-11 05:38:47', '0000-00-00 00:00:00'),
(5, 'KAS KECIL', NULL, 0, 1, 34551, '2024-03-13 07:56:00', '2024-03-13 07:56:00', '0000-00-00 00:00:00'),
(6, 'BANK MANDIRI', NULL, 0, 1, 34551, '2024-03-13 07:56:16', '2024-03-13 07:56:16', '0000-00-00 00:00:00'),
(7, 'BRANKAS', NULL, 0, 1, 34551, '2024-03-13 07:56:23', '2024-03-13 07:56:23', '0000-00-00 00:00:00'),
(8, 'BANK BRI', '', 0, 2, 34452, '0000-00-00 00:00:00', '0000-00-00 00:00:00', '0000-00-00 00:00:00'),
(9, 'BANK MANDIRI', '', 0, 2, 34452, '0000-00-00 00:00:00', '0000-00-00 00:00:00', '0000-00-00 00:00:00'),
(10, 'BRANKAS', '', 0, 2, 34452, '0000-00-00 00:00:00', '0000-00-00 00:00:00', '0000-00-00 00:00:00'),
(11, 'BRANKAS KAS KECIL DI HEAD OFFICE', '', 0, 2, 34452, '0000-00-00 00:00:00', '0000-00-00 00:00:00', '0000-00-00 00:00:00'),
(12, 'GIRO', '', 0, 2, 34452, '0000-00-00 00:00:00', '0000-00-00 00:00:00', '0000-00-00 00:00:00'),
(13, 'KAS', '1', 0, 2, 34452, '0000-00-00 00:00:00', '0000-00-00 00:00:00', '0000-00-00 00:00:00'),
(14, 'KAS KECIL', '', 0, 2, 34452, '0000-00-00 00:00:00', '0000-00-00 00:00:00', '0000-00-00 00:00:00');

-- --------------------------------------------------------

--
-- Table structure for table `barang_harga`
--

CREATE TABLE `barang_harga` (
  `id_barang_harga` int(11) NOT NULL,
  `id_product` int(11) NOT NULL,
  `id_jenis_harga` int(11) NOT NULL,
  `id_branch` int(11) NOT NULL,
  `harga_aktif` varchar(250) NOT NULL,
  `created_by` varchar(11) NOT NULL,
  `created_at` date NOT NULL,
  `updated_at` date NOT NULL,
  `deleted_at` date NOT NULL
) ENGINE=InnoDB DEFAULT CHARSET=utf8mb4;

--
-- Dumping data for table `barang_harga`
--

INSERT INTO `barang_harga` (`id_barang_harga`, `id_product`, `id_jenis_harga`, `id_branch`, `harga_aktif`, `created_by`, `created_at`, `updated_at`, `deleted_at`) VALUES
(1, 10000000, 2, 0, '18000', '34551', '2024-02-08', '2024-02-08', '0000-00-00'),
(2, 10000000, 1, 0, '11100', '', '2024-02-08', '2024-02-08', '0000-00-00');

-- --------------------------------------------------------

--
-- Table structure for table `branch`
--

CREATE TABLE `branch` (
  `id_branch` int(11) NOT NULL,
  `nama_branch` varchar(244) DEFAULT NULL,
  `cabang` varchar(244) DEFAULT NULL,
  `updated_at` int(11) NOT NULL
) ENGINE=InnoDB DEFAULT CHARSET=utf8mb4;

--
-- Dumping data for table `branch`
--

INSERT INTO `branch` (`id_branch`, `nama_branch`, `cabang`, `updated_at`) VALUES
(1, 'PKU', 'Pekanbaru', 0),
(2, 'PDG', 'Padang', 0),
(4, 'KDS', 'Kudus', 0);

-- --------------------------------------------------------

--
-- Table structure for table `customer`
--

CREATE TABLE `customer` (
  `id_customer` int(100) NOT NULL,
  `nama_customer` varchar(255) NOT NULL,
  `alamat_customer` varchar(255) NOT NULL,
  `no_hp_customer` varchar(15) NOT NULL,
  `id_branch` int(11) NOT NULL,
  `created_at` datetime NOT NULL,
  `updated_at` datetime NOT NULL,
  `deleted_at` datetime NOT NULL
) ENGINE=InnoDB DEFAULT CHARSET=utf8mb4;

--
-- Dumping data for table `customer`
--

INSERT INTO `customer` (`id_customer`, `nama_customer`, `alamat_customer`, `no_hp_customer`, `id_branch`, `created_at`, `updated_at`, `deleted_at`) VALUES
(300605, 'DEKOR 1', '-', '0', 0, '0000-00-00 00:00:00', '0000-00-00 00:00:00', '0000-00-00 00:00:00'),
(300606, 'SRIWANGI', '-', '0', 0, '0000-00-00 00:00:00', '0000-00-00 00:00:00', '0000-00-00 00:00:00'),
(300607, 'ALYA', '-', '0', 0, '0000-00-00 00:00:00', '0000-00-00 00:00:00', '0000-00-00 00:00:00'),
(300608, 'MARTINUS', '-', '0', 0, '0000-00-00 00:00:00', '0000-00-00 00:00:00', '0000-00-00 00:00:00'),
(300609, 'JELITA', '-', '0', 0, '0000-00-00 00:00:00', '0000-00-00 00:00:00', '0000-00-00 00:00:00'),
(300610, 'SARMINTO', '-', '0', 0, '0000-00-00 00:00:00', '0000-00-00 00:00:00', '0000-00-00 00:00:00'),
(300611, 'H ILYAS', '-', '0', 0, '0000-00-00 00:00:00', '0000-00-00 00:00:00', '0000-00-00 00:00:00'),
(300612, 'DINI', '-', '0', 0, '0000-00-00 00:00:00', '0000-00-00 00:00:00', '0000-00-00 00:00:00'),
(300613, 'DENI', 'UB', '0', 0, '0000-00-00 00:00:00', '0000-00-00 00:00:00', '0000-00-00 00:00:00'),
(300614, 'YAHYA JAYA', 'KOTA GARO', '0', 0, '0000-00-00 00:00:00', '0000-00-00 00:00:00', '0000-00-00 00:00:00'),
(300615, 'FAISAL', '-', '0', 0, '0000-00-00 00:00:00', '0000-00-00 00:00:00', '0000-00-00 00:00:00'),
(300616, 'RIFKI', '-', '0', 0, '0000-00-00 00:00:00', '0000-00-00 00:00:00', '0000-00-00 00:00:00'),
(300617, 'B UCOK', '-', '0', 0, '0000-00-00 00:00:00', '0000-00-00 00:00:00', '0000-00-00 00:00:00'),
(300618, 'WAHANA', '-', '0', 0, '0000-00-00 00:00:00', '0000-00-00 00:00:00', '0000-00-00 00:00:00'),
(300619, 'FAIZA', '-', '0', 0, '0000-00-00 00:00:00', '0000-00-00 00:00:00', '0000-00-00 00:00:00'),
(300620, 'SAUDARA KITA', '-', '0', 0, '0000-00-00 00:00:00', '0000-00-00 00:00:00', '0000-00-00 00:00:00'),
(300621, 'FAUZAN', '-', '0', 0, '0000-00-00 00:00:00', '0000-00-00 00:00:00', '0000-00-00 00:00:00'),
(300622, 'SEDERHANA', 'UJG BATU', '0', 0, '0000-00-00 00:00:00', '0000-00-00 00:00:00', '0000-00-00 00:00:00'),
(300623, 'WAHYUDI', '-', '0', 0, '0000-00-00 00:00:00', '0000-00-00 00:00:00', '0000-00-00 00:00:00'),
(300624, 'HARTATI', '-', '0', 0, '0000-00-00 00:00:00', '0000-00-00 00:00:00', '0000-00-00 00:00:00'),
(300625, 'ALWI', 'PASIR 2', '0', 0, '0000-00-00 00:00:00', '0000-00-00 00:00:00', '0000-00-00 00:00:00'),
(300626, 'ANTO', '-', '0', 0, '0000-00-00 00:00:00', '0000-00-00 00:00:00', '0000-00-00 00:00:00'),
(300627, 'AMIN', '-', '0', 0, '0000-00-00 00:00:00', '0000-00-00 00:00:00', '0000-00-00 00:00:00'),
(300628, 'UD BIMA', '-', '0', 0, '0000-00-00 00:00:00', '0000-00-00 00:00:00', '0000-00-00 00:00:00'),
(300629, 'BU SHOLEH', '-', '0', 0, '0000-00-00 00:00:00', '0000-00-00 00:00:00', '0000-00-00 00:00:00'),
(300630, 'NITA', '-', '0', 0, '0000-00-00 00:00:00', '0000-00-00 00:00:00', '0000-00-00 00:00:00'),
(300631, 'SIHOMBING', '-', '0', 0, '0000-00-00 00:00:00', '0000-00-00 00:00:00', '0000-00-00 00:00:00'),
(300632, 'DONAT', '-', '0', 0, '0000-00-00 00:00:00', '0000-00-00 00:00:00', '0000-00-00 00:00:00'),
(300633, 'PKU-SIAK-VAREL', 'SIAK', '0', 1, '0000-00-00 00:00:00', '0000-00-00 00:00:00', '0000-00-00 00:00:00'),
(300634, 'KERJA SAMA', 'L SAKAT', '0', 0, '0000-00-00 00:00:00', '0000-00-00 00:00:00', '0000-00-00 00:00:00'),
(300635, 'M.P.S.', '-', '0', 0, '0000-00-00 00:00:00', '0000-00-00 00:00:00', '0000-00-00 00:00:00'),
(300636, 'SUCI', '-', '0', 0, '0000-00-00 00:00:00', '0000-00-00 00:00:00', '0000-00-00 00:00:00'),
(300637, 'ACAI', '-', '0', 0, '0000-00-00 00:00:00', '0000-00-00 00:00:00', '0000-00-00 00:00:00'),
(300638, 'NUR BERKAH', '-', '0', 0, '0000-00-00 00:00:00', '0000-00-00 00:00:00', '0000-00-00 00:00:00'),
(300639, 'PANGKALAN JAYA', '-', '0', 0, '0000-00-00 00:00:00', '0000-00-00 00:00:00', '0000-00-00 00:00:00'),
(300640, 'ANGGA', '-', '0', 0, '0000-00-00 00:00:00', '0000-00-00 00:00:00', '0000-00-00 00:00:00'),
(300641, 'NIAGA JAYA', '-', '0', 0, '0000-00-00 00:00:00', '0000-00-00 00:00:00', '0000-00-00 00:00:00'),
(300642, 'WULAN', '-', '0', 0, '0000-00-00 00:00:00', '0000-00-00 00:00:00', '0000-00-00 00:00:00'),
(300643, 'WIDI', '-', '0', 0, '0000-00-00 00:00:00', '0000-00-00 00:00:00', '0000-00-00 00:00:00'),
(300644, 'ALIF', '-', '0', 0, '0000-00-00 00:00:00', '0000-00-00 00:00:00', '0000-00-00 00:00:00'),
(300645, 'AHWAT', '-', '0', 0, '0000-00-00 00:00:00', '0000-00-00 00:00:00', '0000-00-00 00:00:00'),
(300646, 'ADINDA', '-', '0', 0, '0000-00-00 00:00:00', '0000-00-00 00:00:00', '0000-00-00 00:00:00'),
(300647, 'BAGARIANG', '-', '0', 0, '0000-00-00 00:00:00', '0000-00-00 00:00:00', '0000-00-00 00:00:00'),
(300648, 'KEDAI KOPI BANTEN', '-', '0', 0, '0000-00-00 00:00:00', '0000-00-00 00:00:00', '0000-00-00 00:00:00'),
(300649, 'SUBAYANG ANDIKA', '-', '0', 0, '0000-00-00 00:00:00', '0000-00-00 00:00:00', '0000-00-00 00:00:00'),
(300650, 'AULIA', '-', '0', 0, '0000-00-00 00:00:00', '0000-00-00 00:00:00', '0000-00-00 00:00:00'),
(300651, 'JAYA', '-', '0', 0, '0000-00-00 00:00:00', '0000-00-00 00:00:00', '0000-00-00 00:00:00'),
(300652, 'AURA', '-', '0', 0, '0000-00-00 00:00:00', '0000-00-00 00:00:00', '0000-00-00 00:00:00'),
(300653, 'DANI', '-', '0', 0, '0000-00-00 00:00:00', '0000-00-00 00:00:00', '0000-00-00 00:00:00'),
(300654, 'IRFAN', '-', '0', 0, '0000-00-00 00:00:00', '0000-00-00 00:00:00', '0000-00-00 00:00:00'),
(300655, 'FITRI', '-', '0', 0, '0000-00-00 00:00:00', '0000-00-00 00:00:00', '0000-00-00 00:00:00'),
(300656, 'ZAHIRA', '-', '0', 0, '0000-00-00 00:00:00', '0000-00-00 00:00:00', '0000-00-00 00:00:00'),
(300657, 'NACITA', '-', '0', 0, '0000-00-00 00:00:00', '0000-00-00 00:00:00', '0000-00-00 00:00:00'),
(300658, 'NURUL', 'UT-BANGKO', '0', 0, '0000-00-00 00:00:00', '0000-00-00 00:00:00', '0000-00-00 00:00:00'),
(300659, 'KIRAN', '-', '0', 0, '0000-00-00 00:00:00', '0000-00-00 00:00:00', '0000-00-00 00:00:00'),
(300660, 'SAKILA', '-', '0', 0, '0000-00-00 00:00:00', '0000-00-00 00:00:00', '0000-00-00 00:00:00'),
(300661, 'KELVIN', '-', '0', 0, '0000-00-00 00:00:00', '0000-00-00 00:00:00', '0000-00-00 00:00:00'),
(300662, 'WANDA', '-', '0', 0, '0000-00-00 00:00:00', '0000-00-00 00:00:00', '0000-00-00 00:00:00'),
(300663, 'MIZAL', '-', '0', 0, '0000-00-00 00:00:00', '0000-00-00 00:00:00', '0000-00-00 00:00:00'),
(300664, 'OKTA', '-', '0', 0, '0000-00-00 00:00:00', '0000-00-00 00:00:00', '0000-00-00 00:00:00'),
(300665, 'NURUL HIDAYAH', '-', '0', 0, '0000-00-00 00:00:00', '0000-00-00 00:00:00', '0000-00-00 00:00:00'),
(300666, 'FAIZ', '-', '0', 0, '0000-00-00 00:00:00', '0000-00-00 00:00:00', '0000-00-00 00:00:00'),
(300667, 'SAMIROTO', '-', '0', 0, '0000-00-00 00:00:00', '0000-00-00 00:00:00', '0000-00-00 00:00:00'),
(300668, 'FERY', 'KOTA BUANA', '0', 0, '0000-00-00 00:00:00', '0000-00-00 00:00:00', '0000-00-00 00:00:00'),
(300669, 'RAYA', '-', '0', 0, '0000-00-00 00:00:00', '0000-00-00 00:00:00', '0000-00-00 00:00:00'),
(300670, 'RONALDO', '-', '0', 0, '0000-00-00 00:00:00', '0000-00-00 00:00:00', '0000-00-00 00:00:00'),
(300671, 'PASARIBU', '-', '0', 0, '0000-00-00 00:00:00', '0000-00-00 00:00:00', '0000-00-00 00:00:00'),
(300672, 'MAMAK DWI', '-', '0', 0, '0000-00-00 00:00:00', '0000-00-00 00:00:00', '0000-00-00 00:00:00'),
(300673, 'ELSANDRO', '-', '0', 0, '0000-00-00 00:00:00', '0000-00-00 00:00:00', '0000-00-00 00:00:00'),
(300674, 'AKBAR', '-', '0', 0, '0000-00-00 00:00:00', '0000-00-00 00:00:00', '0000-00-00 00:00:00'),
(300675, 'BU SRI', '-', '0', 0, '0000-00-00 00:00:00', '0000-00-00 00:00:00', '0000-00-00 00:00:00'),
(300676, 'SELFI', '-', '0', 0, '0000-00-00 00:00:00', '0000-00-00 00:00:00', '0000-00-00 00:00:00'),
(300677, 'YANI GS', '-', '0', 0, '0000-00-00 00:00:00', '0000-00-00 00:00:00', '0000-00-00 00:00:00'),
(300678, 'BERKAT YAKIN', '-', '0', 0, '0000-00-00 00:00:00', '0000-00-00 00:00:00', '0000-00-00 00:00:00'),
(300679, 'PUTRI', '-', '0', 0, '0000-00-00 00:00:00', '0000-00-00 00:00:00', '0000-00-00 00:00:00'),
(300680, 'SARUHA', '-', '0', 0, '0000-00-00 00:00:00', '0000-00-00 00:00:00', '0000-00-00 00:00:00'),
(300681, 'FANI', '-', '0', 0, '0000-00-00 00:00:00', '0000-00-00 00:00:00', '0000-00-00 00:00:00'),
(300682, 'JUPITA', '-', '0', 0, '0000-00-00 00:00:00', '0000-00-00 00:00:00', '0000-00-00 00:00:00'),
(300683, 'DENAYA', '-', '0', 0, '0000-00-00 00:00:00', '0000-00-00 00:00:00', '0000-00-00 00:00:00'),
(300684, 'ALDO', '-', '0', 0, '0000-00-00 00:00:00', '0000-00-00 00:00:00', '0000-00-00 00:00:00'),
(300685, 'REGAR', '-', '0', 0, '0000-00-00 00:00:00', '0000-00-00 00:00:00', '0000-00-00 00:00:00'),
(300686, 'SITORUS', '-', '0', 0, '0000-00-00 00:00:00', '0000-00-00 00:00:00', '0000-00-00 00:00:00'),
(300687, 'ALIYA', '-', '0', 0, '0000-00-00 00:00:00', '0000-00-00 00:00:00', '0000-00-00 00:00:00'),
(300688, 'ABD WAHAB', '-', '0', 0, '0000-00-00 00:00:00', '0000-00-00 00:00:00', '0000-00-00 00:00:00'),
(300689, 'DESI PONSEL', '-', '0', 0, '0000-00-00 00:00:00', '0000-00-00 00:00:00', '0000-00-00 00:00:00'),
(300690, 'BOYONG', '-', '0', 0, '0000-00-00 00:00:00', '0000-00-00 00:00:00', '0000-00-00 00:00:00'),
(300691, 'AZZAM', '-', '0', 0, '0000-00-00 00:00:00', '0000-00-00 00:00:00', '0000-00-00 00:00:00'),
(300692, 'EDI LB', '-', '0', 0, '0000-00-00 00:00:00', '0000-00-00 00:00:00', '0000-00-00 00:00:00'),
(300693, 'HARUN JAYA', '-', '-', 0, '0000-00-00 00:00:00', '0000-00-00 00:00:00', '0000-00-00 00:00:00'),
(300694, 'LARIS JAYA', '-', '0', 0, '0000-00-00 00:00:00', '0000-00-00 00:00:00', '0000-00-00 00:00:00'),
(300695, 'RAHMAD', '-', '0', 0, '0000-00-00 00:00:00', '0000-00-00 00:00:00', '0000-00-00 00:00:00'),
(300696, 'FAZIRA', '-', '0', 0, '0000-00-00 00:00:00', '0000-00-00 00:00:00', '0000-00-00 00:00:00'),
(300697, 'SYAHRUL', '-', '0', 0, '0000-00-00 00:00:00', '0000-00-00 00:00:00', '0000-00-00 00:00:00'),
(300698, 'RISKY', '-', '0', 0, '0000-00-00 00:00:00', '0000-00-00 00:00:00', '0000-00-00 00:00:00'),
(300699, 'MAMA', '-', '0', 0, '0000-00-00 00:00:00', '0000-00-00 00:00:00', '0000-00-00 00:00:00'),
(300700, 'BETA', '-', '0', 0, '0000-00-00 00:00:00', '0000-00-00 00:00:00', '0000-00-00 00:00:00'),
(300701, 'SINAR PAGI', '-', '0', 0, '0000-00-00 00:00:00', '0000-00-00 00:00:00', '0000-00-00 00:00:00'),
(300702, 'ARI JAYA', '-', '0', 0, '0000-00-00 00:00:00', '0000-00-00 00:00:00', '0000-00-00 00:00:00'),
(300703, 'SUMBER JAYA', '-', '0', 0, '0000-00-00 00:00:00', '0000-00-00 00:00:00', '0000-00-00 00:00:00'),
(300704, 'JERI SILABAN', '-', '0', 0, '0000-00-00 00:00:00', '0000-00-00 00:00:00', '0000-00-00 00:00:00'),
(300705, 'ACHA MART', '-', '0', 0, '0000-00-00 00:00:00', '0000-00-00 00:00:00', '0000-00-00 00:00:00'),
(300706, 'ARJUNA', '-', '0', 0, '0000-00-00 00:00:00', '0000-00-00 00:00:00', '0000-00-00 00:00:00'),
(300707, 'SITUMORANG', '-', '0', 0, '0000-00-00 00:00:00', '0000-00-00 00:00:00', '0000-00-00 00:00:00'),
(300708, 'DILA', '-', '0', 0, '0000-00-00 00:00:00', '0000-00-00 00:00:00', '0000-00-00 00:00:00'),
(300709, 'ARIYA', '-', '0', 0, '0000-00-00 00:00:00', '0000-00-00 00:00:00', '0000-00-00 00:00:00'),
(300710, 'SIKUMBANG', '-', '0', 0, '0000-00-00 00:00:00', '0000-00-00 00:00:00', '0000-00-00 00:00:00'),
(300711, 'TIWI', '-', '0', 0, '0000-00-00 00:00:00', '0000-00-00 00:00:00', '0000-00-00 00:00:00'),
(300712, 'ENDRO', '-', '0', 0, '0000-00-00 00:00:00', '0000-00-00 00:00:00', '0000-00-00 00:00:00'),
(300713, 'ADYA', '-', '0', 0, '0000-00-00 00:00:00', '0000-00-00 00:00:00', '0000-00-00 00:00:00'),
(300714, 'AZKAH', '-', '0', 0, '0000-00-00 00:00:00', '0000-00-00 00:00:00', '0000-00-00 00:00:00'),
(300715, 'MAK ANDIN', '-', '0', 0, '0000-00-00 00:00:00', '0000-00-00 00:00:00', '0000-00-00 00:00:00'),
(300716, 'JAMBI EXC', 'JAMBI EXC', '0', 0, '0000-00-00 00:00:00', '0000-00-00 00:00:00', '0000-00-00 00:00:00'),
(300717, 'PALEMBANG', 'PALEMBANG', '0', 0, '0000-00-00 00:00:00', '0000-00-00 00:00:00', '0000-00-00 00:00:00'),
(300718, 'DUMAI', '-', '0', 0, '0000-00-00 00:00:00', '0000-00-00 00:00:00', '0000-00-00 00:00:00'),
(300719, 'MEDAN', '-', '0', 0, '0000-00-00 00:00:00', '0000-00-00 00:00:00', '0000-00-00 00:00:00'),
(300720, 'BAGAN BATU', '-', '0', 0, '0000-00-00 00:00:00', '0000-00-00 00:00:00', '0000-00-00 00:00:00'),
(300721, 'PKU-UT-AZMI', 'R MELINTANG', '0', 0, '0000-00-00 00:00:00', '0000-00-00 00:00:00', '0000-00-00 00:00:00'),
(300722, 'UT-GUNTUR', 'UJUNG TANJUNG', '0', 0, '0000-00-00 00:00:00', '0000-00-00 00:00:00', '0000-00-00 00:00:00'),
(300723, 'UT-ARLEN', 'UNJUNG TANJUNG', '0', 0, '0000-00-00 00:00:00', '0000-00-00 00:00:00', '0000-00-00 00:00:00'),
(300724, 'PKU-UT-MONANG', 'PKU-UJUNG TANJUNG', '0', 1, '0000-00-00 00:00:00', '0000-00-00 00:00:00', '0000-00-00 00:00:00'),
(300725, 'UT-DEDEK', 'UJUNG TANJUNG', '0', 0, '0000-00-00 00:00:00', '0000-00-00 00:00:00', '0000-00-00 00:00:00'),
(300726, 'UT-RAHMAT', 'UT-MENGGALA', '0', 0, '0000-00-00 00:00:00', '0000-00-00 00:00:00', '0000-00-00 00:00:00'),
(300727, 'SINAMBELA', 'UJUNG TANJUNG', '0', 0, '0000-00-00 00:00:00', '0000-00-00 00:00:00', '0000-00-00 00:00:00'),
(300728, 'UT-LARIS', 'UT-BALAM', '0', 0, '0000-00-00 00:00:00', '0000-00-00 00:00:00', '0000-00-00 00:00:00'),
(300729, 'UT-IVAN', 'UJUNG TANJUNG', '0', 0, '0000-00-00 00:00:00', '0000-00-00 00:00:00', '0000-00-00 00:00:00'),
(300730, 'SIAK-ARIS', 'SIAK', '0', 0, '0000-00-00 00:00:00', '0000-00-00 00:00:00', '0000-00-00 00:00:00'),
(300732, 'SIAK-RISKA', 'SIAK', '0', 0, '0000-00-00 00:00:00', '0000-00-00 00:00:00', '0000-00-00 00:00:00'),
(300733, 'SIAK-DN', 'SIAK', '0', 0, '0000-00-00 00:00:00', '0000-00-00 00:00:00', '0000-00-00 00:00:00'),
(300734, 'SIAK-JAYA MAKMUR', 'SIAK', '0', 0, '0000-00-00 00:00:00', '0000-00-00 00:00:00', '0000-00-00 00:00:00'),
(300735, 'SIAK-AINI', 'SIAK', '0', 0, '0000-00-00 00:00:00', '0000-00-00 00:00:00', '0000-00-00 00:00:00'),
(300736, 'AISYAH', 'SIAK', '0', 0, '0000-00-00 00:00:00', '0000-00-00 00:00:00', '0000-00-00 00:00:00'),
(300737, 'PKU-SIAK-SINAR PAGI', 'SIAK', '0', 0, '0000-00-00 00:00:00', '0000-00-00 00:00:00', '0000-00-00 00:00:00'),
(300738, 'SIAK-INDAH MAJU', 'SIAK', '0', 0, '0000-00-00 00:00:00', '0000-00-00 00:00:00', '0000-00-00 00:00:00'),
(300739, 'SIAK-CAHAYA BULAN', 'SIAK', '0', 0, '0000-00-00 00:00:00', '0000-00-00 00:00:00', '0000-00-00 00:00:00'),
(300740, 'PASIR-HUSNI', 'PASIR', '0', 0, '0000-00-00 00:00:00', '0000-00-00 00:00:00', '0000-00-00 00:00:00'),
(300741, 'PASIR-ARON', 'PASIR', '0', 0, '0000-00-00 00:00:00', '0000-00-00 00:00:00', '0000-00-00 00:00:00'),
(300742, 'PASIR-3PUTRI', 'PASIR', '0', 0, '0000-00-00 00:00:00', '0000-00-00 00:00:00', '0000-00-00 00:00:00'),
(300743, 'PASIR-DESI', 'PASIR', '0', 0, '0000-00-00 00:00:00', '0000-00-00 00:00:00', '0000-00-00 00:00:00'),
(300744, 'PASIR-NITA', 'PASIR', '0', 0, '0000-00-00 00:00:00', '0000-00-00 00:00:00', '0000-00-00 00:00:00'),
(300745, 'PASIR-DIVA', 'PASIR', '0', 0, '0000-00-00 00:00:00', '0000-00-00 00:00:00', '0000-00-00 00:00:00'),
(300746, 'PASIR-HAIKEL', 'PASIR', '0', 0, '0000-00-00 00:00:00', '0000-00-00 00:00:00', '0000-00-00 00:00:00'),
(300747, 'PASIR-H JASMIN', 'PASIR', '0', 0, '0000-00-00 00:00:00', '0000-00-00 00:00:00', '0000-00-00 00:00:00'),
(300748, 'PASIR-RANI', 'PASIR', '0', 0, '0000-00-00 00:00:00', '0000-00-00 00:00:00', '0000-00-00 00:00:00'),
(300749, 'PASIR-NORMI', 'PASIR', '0', 0, '0000-00-00 00:00:00', '0000-00-00 00:00:00', '0000-00-00 00:00:00'),
(300750, 'PASIR-TATI', 'PASIR', '0', 0, '0000-00-00 00:00:00', '0000-00-00 00:00:00', '0000-00-00 00:00:00'),
(300751, 'PASIR-ARISMAN', 'PASIR', '0', 0, '0000-00-00 00:00:00', '0000-00-00 00:00:00', '0000-00-00 00:00:00'),
(300753, 'SOREK-MURSAL', 'SOREK', '0', 0, '0000-00-00 00:00:00', '0000-00-00 00:00:00', '0000-00-00 00:00:00'),
(300754, 'SOREK-SYUKUR', 'SOREK', '0', 0, '0000-00-00 00:00:00', '0000-00-00 00:00:00', '0000-00-00 00:00:00'),
(300755, 'SOREK-RASKYA', 'SOREK', '0', 0, '0000-00-00 00:00:00', '0000-00-00 00:00:00', '0000-00-00 00:00:00'),
(300756, 'SOREK-RIDA', 'SOREK', '0', 0, '0000-00-00 00:00:00', '0000-00-00 00:00:00', '0000-00-00 00:00:00'),
(300758, 'SOREK-RISALSDN', 'SOREK', '0', 0, '0000-00-00 00:00:00', '0000-00-00 00:00:00', '0000-00-00 00:00:00'),
(300760, 'SOREK-SHOIMAH', 'SOREK', '0', 0, '0000-00-00 00:00:00', '0000-00-00 00:00:00', '0000-00-00 00:00:00'),
(300761, 'UB-GEBYAR', 'UJUNG BATU', '0', 0, '0000-00-00 00:00:00', '0000-00-00 00:00:00', '0000-00-00 00:00:00'),
(300762, 'UB-HARIANI', 'UJUNG BATU', '0', 0, '0000-00-00 00:00:00', '0000-00-00 00:00:00', '0000-00-00 00:00:00'),
(300763, 'UB-ROSNI', 'UJUNG BATU', '0', 0, '0000-00-00 00:00:00', '0000-00-00 00:00:00', '0000-00-00 00:00:00'),
(300764, 'UB-DEBI', 'UJUNG BATU', '0', 0, '0000-00-00 00:00:00', '0000-00-00 00:00:00', '0000-00-00 00:00:00'),
(300765, 'UB-PERSADA', 'UJUNG BATU', '0', 0, '0000-00-00 00:00:00', '0000-00-00 00:00:00', '0000-00-00 00:00:00'),
(300766, 'UB-PAKDE', 'UJUNG BATU', '0', 0, '0000-00-00 00:00:00', '0000-00-00 00:00:00', '0000-00-00 00:00:00'),
(300768, 'UB-PUTRA JAYA', 'UJUNG BATU', '0', 0, '0000-00-00 00:00:00', '0000-00-00 00:00:00', '0000-00-00 00:00:00'),
(300769, 'H MARSONO', 'SOREK L SUBUR', '0', 0, '0000-00-00 00:00:00', '0000-00-00 00:00:00', '0000-00-00 00:00:00'),
(300777, 'DD-TOYOK', 'DD', '0', 0, '0000-00-00 00:00:00', '0000-00-00 00:00:00', '0000-00-00 00:00:00'),
(300778, 'DD-H RONAL', 'DURI', '0', 0, '0000-00-00 00:00:00', '0000-00-00 00:00:00', '0000-00-00 00:00:00'),
(300779, 'DD-SOFI', 'DURI', '0', 0, '0000-00-00 00:00:00', '0000-00-00 00:00:00', '0000-00-00 00:00:00'),
(300780, 'DD-YUZURA', 'DURI', '0', 0, '0000-00-00 00:00:00', '0000-00-00 00:00:00', '0000-00-00 00:00:00'),
(300781, 'DD-SAROHA', 'DURI', '0', 0, '0000-00-00 00:00:00', '0000-00-00 00:00:00', '0000-00-00 00:00:00'),
(300784, 'DD-BANGUN JAYA', 'DD', '0', 0, '0000-00-00 00:00:00', '0000-00-00 00:00:00', '0000-00-00 00:00:00'),
(300786, 'UBKV-ACHAI', 'UB', '0', 0, '0000-00-00 00:00:00', '0000-00-00 00:00:00', '0000-00-00 00:00:00'),
(300787, 'UBKV-TIRTA', 'UJUNG BATU', '0', 0, '0000-00-00 00:00:00', '0000-00-00 00:00:00', '0000-00-00 00:00:00'),
(300788, 'UBKV-2PUTRA', 'UBKV', '0', 0, '0000-00-00 00:00:00', '0000-00-00 00:00:00', '0000-00-00 00:00:00'),
(300789, 'UBKV-DANU', 'UBKV', '0', 0, '0000-00-00 00:00:00', '0000-00-00 00:00:00', '0000-00-00 00:00:00'),
(300790, 'TLKKV-JAYA', 'TALUK', '0', 0, '0000-00-00 00:00:00', '0000-00-00 00:00:00', '0000-00-00 00:00:00'),
(300791, 'TLKKV-AGUS', 'TALUK', '0', 0, '0000-00-00 00:00:00', '0000-00-00 00:00:00', '0000-00-00 00:00:00'),
(300792, 'TLKKV-MURI', 'TALUK', '0', 0, '0000-00-00 00:00:00', '0000-00-00 00:00:00', '0000-00-00 00:00:00'),
(300793, 'TLKKV-INDAH JAYA', 'TALUK', '0', 0, '0000-00-00 00:00:00', '0000-00-00 00:00:00', '0000-00-00 00:00:00'),
(300794, 'TLKKV-NURHADI', 'TALUK', '0', 0, '0000-00-00 00:00:00', '0000-00-00 00:00:00', '0000-00-00 00:00:00'),
(300808, 'TLKKV-TWIN', 'TALUK', '0', 0, '0000-00-00 00:00:00', '0000-00-00 00:00:00', '0000-00-00 00:00:00'),
(300809, 'TLKKV-LENA', 'TALUK', '0', 0, '0000-00-00 00:00:00', '0000-00-00 00:00:00', '0000-00-00 00:00:00'),
(300810, 'TLK-RETAIL', 'TALUK', '0', 0, '0000-00-00 00:00:00', '0000-00-00 00:00:00', '0000-00-00 00:00:00'),
(300811, 'SRKKV-ARIE', 'SOREK', '0', 0, '0000-00-00 00:00:00', '0000-00-00 00:00:00', '0000-00-00 00:00:00'),
(300812, 'SRKKV-RIZKY', 'SOREK', '0', 0, '0000-00-00 00:00:00', '0000-00-00 00:00:00', '0000-00-00 00:00:00'),
(300813, 'PUNCAK INDAH', 'KV-SOREK', '0', 0, '0000-00-00 00:00:00', '0000-00-00 00:00:00', '0000-00-00 00:00:00'),
(300814, 'MURNI PONSEL', 'SOREK', '0', 0, '0000-00-00 00:00:00', '0000-00-00 00:00:00', '0000-00-00 00:00:00'),
(300815, 'VAREL', '-', '0', 0, '0000-00-00 00:00:00', '0000-00-00 00:00:00', '0000-00-00 00:00:00'),
(300817, 'DROP-PKU', 'PKU', '0', 1, '0000-00-00 00:00:00', '0000-00-00 00:00:00', '0000-00-00 00:00:00'),
(300818, 'UT-DEWI', 'UTDROP', '0', 0, '0000-00-00 00:00:00', '0000-00-00 00:00:00', '0000-00-00 00:00:00'),
(300819, 'UT-ANTONI', 'UTDROP', '0', 0, '0000-00-00 00:00:00', '0000-00-00 00:00:00', '0000-00-00 00:00:00'),
(300820, 'UT-K ANAH', 'UJG TNJG', '0', 0, '0000-00-00 00:00:00', '0000-00-00 00:00:00', '0000-00-00 00:00:00'),
(300821, 'UT-SAMOSIR', 'UJG TJG', '0', 0, '0000-00-00 00:00:00', '0000-00-00 00:00:00', '0000-00-00 00:00:00'),
(300823, 'RASTA JMB', '-', '0', 0, '0000-00-00 00:00:00', '0000-00-00 00:00:00', '0000-00-00 00:00:00'),
(300824, 'NAZWA', 'S PAGAR', '0', 0, '0000-00-00 00:00:00', '0000-00-00 00:00:00', '0000-00-00 00:00:00'),
(300825, 'PUTRA TUNGGAL', 'S PAGAR', '0', 0, '0000-00-00 00:00:00', '0000-00-00 00:00:00', '0000-00-00 00:00:00'),
(300826, 'SIKARANG', 'SP 5', '0', 0, '0000-00-00 00:00:00', '0000-00-00 00:00:00', '0000-00-00 00:00:00'),
(300827, 'SIAK-TOMAS', 'PERAWANG', '0', 0, '0000-00-00 00:00:00', '0000-00-00 00:00:00', '0000-00-00 00:00:00'),
(300828, 'BENGKALIS 3', 'SIAK', '0', 0, '0000-00-00 00:00:00', '0000-00-00 00:00:00', '0000-00-00 00:00:00'),
(300829, 'PASIR-MUSI', 'PASIR P', '0', 0, '0000-00-00 00:00:00', '0000-00-00 00:00:00', '0000-00-00 00:00:00'),
(300831, 'DD-ARZA', 'DD', '0', 0, '0000-00-00 00:00:00', '0000-00-00 00:00:00', '0000-00-00 00:00:00'),
(300832, 'DD-NORA', 'DD', '0', 0, '0000-00-00 00:00:00', '0000-00-00 00:00:00', '0000-00-00 00:00:00'),
(300833, 'DD-ALVIN', 'DD', '0', 0, '0000-00-00 00:00:00', '0000-00-00 00:00:00', '0000-00-00 00:00:00'),
(300834, 'DD-AFNI', 'DD', '0', 0, '0000-00-00 00:00:00', '0000-00-00 00:00:00', '0000-00-00 00:00:00'),
(300835, 'DD-HABIBI', 'DD', '0', 0, '0000-00-00 00:00:00', '0000-00-00 00:00:00', '0000-00-00 00:00:00'),
(300836, 'DD-HARAPAN BUNDA', 'DD', '0', 0, '0000-00-00 00:00:00', '0000-00-00 00:00:00', '0000-00-00 00:00:00'),
(300837, 'DD-NURBAITI', 'DD', '0', 0, '0000-00-00 00:00:00', '0000-00-00 00:00:00', '0000-00-00 00:00:00'),
(300838, 'DD-2 SAUDARA', 'DD', '0', 0, '0000-00-00 00:00:00', '0000-00-00 00:00:00', '0000-00-00 00:00:00'),
(300839, 'DD-2 PUTRI', 'DD', '0', 0, '0000-00-00 00:00:00', '0000-00-00 00:00:00', '0000-00-00 00:00:00'),
(300840, 'DD-SUNY', 'DD', '0', 0, '0000-00-00 00:00:00', '0000-00-00 00:00:00', '0000-00-00 00:00:00'),
(300841, 'DD-INDOMAR', 'DD', '0', 0, '0000-00-00 00:00:00', '0000-00-00 00:00:00', '0000-00-00 00:00:00'),
(300842, 'BL-CRISTIAN', 'BELILAS', '0', 0, '0000-00-00 00:00:00', '0000-00-00 00:00:00', '0000-00-00 00:00:00'),
(300843, 'BL-MAIKEL', 'BELILAS', '0', 0, '0000-00-00 00:00:00', '0000-00-00 00:00:00', '0000-00-00 00:00:00'),
(300844, 'BL-MOKO', 'BELILAS', '0', 0, '0000-00-00 00:00:00', '0000-00-00 00:00:00', '0000-00-00 00:00:00'),
(300845, 'BL-BALKIS', 'BELILAS', '0', 0, '0000-00-00 00:00:00', '0000-00-00 00:00:00', '0000-00-00 00:00:00'),
(300846, 'BL-YANTO', 'BELILAS', '0', 0, '0000-00-00 00:00:00', '0000-00-00 00:00:00', '0000-00-00 00:00:00'),
(300847, 'SIAK-LAGIAN', 'siak', '0', 0, '0000-00-00 00:00:00', '0000-00-00 00:00:00', '0000-00-00 00:00:00'),
(300848, 'PASIR-B ALI', 'PASIR', '0', 0, '0000-00-00 00:00:00', '0000-00-00 00:00:00', '0000-00-00 00:00:00'),
(300849, 'PASIR-UD BOLER', 'PASIR', '0', 0, '0000-00-00 00:00:00', '0000-00-00 00:00:00', '0000-00-00 00:00:00'),
(300850, 'PASIR-IWAN', 'PASIR', '0', 0, '0000-00-00 00:00:00', '0000-00-00 00:00:00', '0000-00-00 00:00:00'),
(300851, 'PASIR-EVA', 'PASIR', '0', 0, '0000-00-00 00:00:00', '0000-00-00 00:00:00', '0000-00-00 00:00:00'),
(300852, 'UB-FAREL', 'UB', '0', 0, '0000-00-00 00:00:00', '0000-00-00 00:00:00', '0000-00-00 00:00:00'),
(300853, 'UB-FATIH', 'UB', '0', 0, '0000-00-00 00:00:00', '0000-00-00 00:00:00', '0000-00-00 00:00:00'),
(300854, 'UB-NABILA', 'UB', '0', 0, '0000-00-00 00:00:00', '0000-00-00 00:00:00', '0000-00-00 00:00:00'),
(300855, 'UB-PANGESTU', 'UB', '0', 0, '0000-00-00 00:00:00', '0000-00-00 00:00:00', '0000-00-00 00:00:00'),
(300856, 'UB-SUMBER', 'UB', '0', 0, '0000-00-00 00:00:00', '0000-00-00 00:00:00', '0000-00-00 00:00:00'),
(300857, 'VIVI SWALAYAN', 'UB', '0', 0, '0000-00-00 00:00:00', '0000-00-00 00:00:00', '0000-00-00 00:00:00'),
(300858, 'UB-MARBUN', 'UB', '0', 0, '0000-00-00 00:00:00', '0000-00-00 00:00:00', '0000-00-00 00:00:00'),
(300859, 'UB-GUSTI KERE', 'UB', '0', 0, '0000-00-00 00:00:00', '0000-00-00 00:00:00', '0000-00-00 00:00:00'),
(300860, 'UB-PUTRA DANAU', 'UB', '0', 0, '0000-00-00 00:00:00', '0000-00-00 00:00:00', '0000-00-00 00:00:00'),
(300861, 'UB-UDIN', 'UB', '0', 0, '0000-00-00 00:00:00', '0000-00-00 00:00:00', '0000-00-00 00:00:00'),
(300862, 'UB-WATI', 'UB', '0', 0, '0000-00-00 00:00:00', '0000-00-00 00:00:00', '0000-00-00 00:00:00'),
(300863, 'UB-DAHRUL', 'UB', '0', 0, '0000-00-00 00:00:00', '0000-00-00 00:00:00', '0000-00-00 00:00:00'),
(300864, 'UB-TETI', 'UB', '0', 0, '0000-00-00 00:00:00', '0000-00-00 00:00:00', '0000-00-00 00:00:00'),
(300865, 'UB-IKHSAN', 'UB', '0', 0, '0000-00-00 00:00:00', '0000-00-00 00:00:00', '0000-00-00 00:00:00'),
(300866, 'UB-DAMANIK', 'UB', '0', 0, '0000-00-00 00:00:00', '0000-00-00 00:00:00', '0000-00-00 00:00:00'),
(300867, 'ABD RAUF', 'UB', '0', 0, '0000-00-00 00:00:00', '0000-00-00 00:00:00', '0000-00-00 00:00:00'),
(300868, 'KV-TESSA', 'SRKKV', '0', 0, '0000-00-00 00:00:00', '0000-00-00 00:00:00', '0000-00-00 00:00:00'),
(300869, 'GONDANGAN', 'BLKV', '0', 0, '0000-00-00 00:00:00', '0000-00-00 00:00:00', '0000-00-00 00:00:00'),
(300870, 'SALWA', 'BLKV', '0', 0, '0000-00-00 00:00:00', '0000-00-00 00:00:00', '0000-00-00 00:00:00'),
(300871, 'LALA', 'SIAK KV', '0', 0, '0000-00-00 00:00:00', '0000-00-00 00:00:00', '0000-00-00 00:00:00'),
(300872, 'SIAK KANVAS', 'SIAK', '0', 0, '0000-00-00 00:00:00', '0000-00-00 00:00:00', '0000-00-00 00:00:00'),
(300873, 'SIAK-UCOK', 'SIAK', '0', 0, '0000-00-00 00:00:00', '0000-00-00 00:00:00', '0000-00-00 00:00:00'),
(300874, 'MBAH ASIH', 'PASIRKV', '0', 0, '0000-00-00 00:00:00', '0000-00-00 00:00:00', '0000-00-00 00:00:00'),
(300875, 'ARSY', 'PASIRKV', '0', 0, '0000-00-00 00:00:00', '0000-00-00 00:00:00', '0000-00-00 00:00:00'),
(300876, 'LIA', 'PASIRKV', '0', 0, '0000-00-00 00:00:00', '0000-00-00 00:00:00', '0000-00-00 00:00:00'),
(300877, 'SOREK KANVAS', 'SOREK', '0', 0, '0000-00-00 00:00:00', '0000-00-00 00:00:00', '0000-00-00 00:00:00'),
(300885, 'UT-AW', 'UT-BALAM', '0', 0, '0000-00-00 00:00:00', '0000-00-00 00:00:00', '0000-00-00 00:00:00'),
(300886, 'FB-CELVIN', 'FB-NGASO', '0', 0, '0000-00-00 00:00:00', '0000-00-00 00:00:00', '0000-00-00 00:00:00'),
(300887, 'FB-JENI JAYA', 'FB-SUKA MULYA', '0', 0, '0000-00-00 00:00:00', '0000-00-00 00:00:00', '0000-00-00 00:00:00'),
(300888, 'FB-RATIH', 'SIBUAK', '0', 0, '0000-00-00 00:00:00', '0000-00-00 00:00:00', '0000-00-00 00:00:00'),
(300889, 'PASIR-ANUGRAH', 'PASIR', '0', 0, '0000-00-00 00:00:00', '0000-00-00 00:00:00', '0000-00-00 00:00:00'),
(300890, 'PASIR-ARMANI', 'TANGON', '0', 0, '0000-00-00 00:00:00', '0000-00-00 00:00:00', '0000-00-00 00:00:00'),
(300891, 'PASIR-B FUMI', 'PASIR', '0', 0, '0000-00-00 00:00:00', '0000-00-00 00:00:00', '0000-00-00 00:00:00'),
(300892, 'NICHO MART', 'SIAK', '0', 0, '0000-00-00 00:00:00', '0000-00-00 00:00:00', '0000-00-00 00:00:00'),
(300893, 'LEGIAN', 'SIAK', '0', 0, '0000-00-00 00:00:00', '0000-00-00 00:00:00', '0000-00-00 00:00:00'),
(300894, 'SIAK-ANDI', 'KERINCI', '0', 0, '0000-00-00 00:00:00', '0000-00-00 00:00:00', '0000-00-00 00:00:00'),
(300895, 'SRK-YUDIRA', 'SOREK', '0', 0, '0000-00-00 00:00:00', '0000-00-00 00:00:00', '0000-00-00 00:00:00'),
(300896, 'GUNUNG MAS', 'SOREK', '0', 0, '0000-00-00 00:00:00', '0000-00-00 00:00:00', '0000-00-00 00:00:00'),
(300897, 'ELOK SAIYO', 'SOREK', '0', 0, '0000-00-00 00:00:00', '0000-00-00 00:00:00', '0000-00-00 00:00:00'),
(300900, '8 SAUDARA', 'KANVAS', '0', 0, '0000-00-00 00:00:00', '0000-00-00 00:00:00', '0000-00-00 00:00:00'),
(300901, 'DURI DUMAI', 'KANVAS', '0', 0, '0000-00-00 00:00:00', '0000-00-00 00:00:00', '0000-00-00 00:00:00'),
(300902, 'SUSAN', 'KANVAS', '0', 0, '0000-00-00 00:00:00', '0000-00-00 00:00:00', '0000-00-00 00:00:00'),
(300903, 'LIMA SATU', 'KANVAS', '0', 0, '0000-00-00 00:00:00', '0000-00-00 00:00:00', '0000-00-00 00:00:00'),
(300904, 'ADAN', 'KANVAS', '0', 0, '0000-00-00 00:00:00', '0000-00-00 00:00:00', '0000-00-00 00:00:00'),
(300905, 'MIAR', 'KANVAS', '0', 0, '0000-00-00 00:00:00', '0000-00-00 00:00:00', '0000-00-00 00:00:00'),
(300906, 'JONI', 'KANVAS', '0', 0, '0000-00-00 00:00:00', '0000-00-00 00:00:00', '0000-00-00 00:00:00'),
(300907, 'SAPRI', 'TALUK', '0', 0, '0000-00-00 00:00:00', '0000-00-00 00:00:00', '0000-00-00 00:00:00'),
(300908, 'CELSI', 'TALUK', '0', 0, '0000-00-00 00:00:00', '0000-00-00 00:00:00', '0000-00-00 00:00:00'),
(300909, 'DAFI', 'TALUK', '0', 0, '0000-00-00 00:00:00', '0000-00-00 00:00:00', '0000-00-00 00:00:00'),
(300910, 'RESTI', 'TALUK', '0', 0, '0000-00-00 00:00:00', '0000-00-00 00:00:00', '0000-00-00 00:00:00'),
(300911, 'KEVIN', 'TALUK', '0', 0, '0000-00-00 00:00:00', '0000-00-00 00:00:00', '0000-00-00 00:00:00'),
(300912, 'BUNDA', 'TALUK', '0', 0, '0000-00-00 00:00:00', '0000-00-00 00:00:00', '0000-00-00 00:00:00'),
(300913, 'SINTA', 'TALUK', '0', 0, '0000-00-00 00:00:00', '0000-00-00 00:00:00', '0000-00-00 00:00:00'),
(300914, 'AFA', 'TALUK', '0', 0, '0000-00-00 00:00:00', '0000-00-00 00:00:00', '0000-00-00 00:00:00'),
(300915, 'CIAN', 'TALUK', '0', 0, '0000-00-00 00:00:00', '0000-00-00 00:00:00', '0000-00-00 00:00:00'),
(300916, 'INET', 'TALUK', '0', 0, '0000-00-00 00:00:00', '0000-00-00 00:00:00', '0000-00-00 00:00:00'),
(300917, 'AL MAHIRA', 'TALUK', '0', 0, '0000-00-00 00:00:00', '0000-00-00 00:00:00', '0000-00-00 00:00:00'),
(300919, 'ADITYA', 'UB-SURAM', '0', 0, '0000-00-00 00:00:00', '0000-00-00 00:00:00', '0000-00-00 00:00:00'),
(300920, 'USAHA BARU', 'UB-TANDUN', '0', 0, '0000-00-00 00:00:00', '0000-00-00 00:00:00', '0000-00-00 00:00:00'),
(300921, 'USMAN', 'UB-TANDUN', '0', 0, '0000-00-00 00:00:00', '0000-00-00 00:00:00', '0000-00-00 00:00:00'),
(300923, 'YENI', 'UB-TANDUN', '0', 0, '0000-00-00 00:00:00', '0000-00-00 00:00:00', '0000-00-00 00:00:00'),
(300926, 'KV-LINDA', 'BUKIT TIMAH', '0', 0, '0000-00-00 00:00:00', '0000-00-00 00:00:00', '0000-00-00 00:00:00'),
(300928, 'KV- 5 SAUDARA', 'KOTA BUANA', '0', 0, '0000-00-00 00:00:00', '0000-00-00 00:00:00', '0000-00-00 00:00:00'),
(300937, '7 SAUDARA', 'UB-TANDUN', '0', 0, '0000-00-00 00:00:00', '0000-00-00 00:00:00', '0000-00-00 00:00:00'),
(300938, 'MITRA JAYA', 'SIAK-BUATAN', '0', 0, '0000-00-00 00:00:00', '0000-00-00 00:00:00', '0000-00-00 00:00:00'),
(300939, 'SURYA INDAH', 'SIAK-BUATAN', '0', 0, '0000-00-00 00:00:00', '0000-00-00 00:00:00', '0000-00-00 00:00:00'),
(300940, 'DEKOR 2', 'BELILAS', '0', 0, '0000-00-00 00:00:00', '0000-00-00 00:00:00', '0000-00-00 00:00:00'),
(300941, 'RESTU', 'BELILAS', '0', 0, '0000-00-00 00:00:00', '0000-00-00 00:00:00', '0000-00-00 00:00:00'),
(300942, 'MIKAEL', 'P REBA', '0', 0, '0000-00-00 00:00:00', '0000-00-00 00:00:00', '0000-00-00 00:00:00'),
(300943, 'CAS', 'PASIR', '0', 0, '0000-00-00 00:00:00', '0000-00-00 00:00:00', '0000-00-00 00:00:00'),
(300944, 'JETI', 'PASIR-NGASO', '0', 0, '0000-00-00 00:00:00', '0000-00-00 00:00:00', '0000-00-00 00:00:00'),
(300945, 'ERNIA', 'UB-PELADANG', '0', 0, '0000-00-00 00:00:00', '0000-00-00 00:00:00', '0000-00-00 00:00:00'),
(300946, 'ANDI', 'UB-KOTA LAMA', '0', 0, '0000-00-00 00:00:00', '0000-00-00 00:00:00', '0000-00-00 00:00:00'),
(300948, 'KHOIRUL', 'KV-TALUK', '0', 0, '0000-00-00 00:00:00', '0000-00-00 00:00:00', '0000-00-00 00:00:00'),
(300949, 'JOY MART', 'TALUK', '0', 0, '0000-00-00 00:00:00', '0000-00-00 00:00:00', '0000-00-00 00:00:00'),
(300950, 'RISWAN', 'TALUK', '0', 0, '0000-00-00 00:00:00', '0000-00-00 00:00:00', '0000-00-00 00:00:00'),
(300951, 'IKHSAN', 'TALUK', '0', 0, '0000-00-00 00:00:00', '0000-00-00 00:00:00', '0000-00-00 00:00:00'),
(300952, 'YOGI', 'BELILAS', '0', 0, '0000-00-00 00:00:00', '0000-00-00 00:00:00', '0000-00-00 00:00:00'),
(300953, 'PARIBAN JAYA', 'BELILAS', '0', 0, '0000-00-00 00:00:00', '0000-00-00 00:00:00', '0000-00-00 00:00:00'),
(300954, 'GANDUNGAN', 'TALUK', '0', 0, '0000-00-00 00:00:00', '0000-00-00 00:00:00', '0000-00-00 00:00:00'),
(300955, 'SELVIA', 'BELILAS', '0', 0, '0000-00-00 00:00:00', '0000-00-00 00:00:00', '0000-00-00 00:00:00'),
(300956, 'ZAHIKAN', 'UBKV', '0', 0, '0000-00-00 00:00:00', '0000-00-00 00:00:00', '0000-00-00 00:00:00'),
(300957, 'ULFA', 'KANVAS', '0', 0, '0000-00-00 00:00:00', '0000-00-00 00:00:00', '0000-00-00 00:00:00'),
(300958, 'HIDAYAH', 'KANVAS', '0', 0, '0000-00-00 00:00:00', '0000-00-00 00:00:00', '0000-00-00 00:00:00'),
(300960, 'NOFI', 'TALUK', '0', 0, '0000-00-00 00:00:00', '0000-00-00 00:00:00', '0000-00-00 00:00:00'),
(300962, 'ROHIM', 'UT - SP BENAR', '0', 0, '0000-00-00 00:00:00', '0000-00-00 00:00:00', '0000-00-00 00:00:00'),
(300963, 'MUNTE', 'UKUI-SOREK', '0', 0, '0000-00-00 00:00:00', '0000-00-00 00:00:00', '0000-00-00 00:00:00'),
(300964, 'YANTI', 'KV-BELILAS', '0', 0, '0000-00-00 00:00:00', '0000-00-00 00:00:00', '0000-00-00 00:00:00'),
(300965, 'Y YI S', 'UB - KOTA BARU', '0', 0, '0000-00-00 00:00:00', '0000-00-00 00:00:00', '0000-00-00 00:00:00'),
(300966, 'BU SURIATY', 'PASIR', '0', 0, '0000-00-00 00:00:00', '0000-00-00 00:00:00', '0000-00-00 00:00:00'),
(300967, 'PAK SILALAHI', 'PASIR', '0', 0, '0000-00-00 00:00:00', '0000-00-00 00:00:00', '0000-00-00 00:00:00'),
(300968, 'AMDRIZAL', 'PASIR', '0', 0, '0000-00-00 00:00:00', '0000-00-00 00:00:00', '0000-00-00 00:00:00'),
(300969, 'ARMEN', 'PASIR', '0', 0, '0000-00-00 00:00:00', '0000-00-00 00:00:00', '0000-00-00 00:00:00'),
(300970, 'ALIMENG', 'SIAK', '0', 0, '0000-00-00 00:00:00', '0000-00-00 00:00:00', '0000-00-00 00:00:00'),
(300971, 'MALINI', 'FB- KABUN', '0', 0, '0000-00-00 00:00:00', '0000-00-00 00:00:00', '0000-00-00 00:00:00'),
(300972, 'WILDAN', 'KANVAS', '0', 0, '0000-00-00 00:00:00', '0000-00-00 00:00:00', '0000-00-00 00:00:00'),
(300982, 'HARDY JAYA', 'SKPD-PASIR', '0', 0, '0000-00-00 00:00:00', '0000-00-00 00:00:00', '0000-00-00 00:00:00'),
(300983, 'NASRI', 'PASIR- KOTA TENGAH', '0', 0, '0000-00-00 00:00:00', '0000-00-00 00:00:00', '0000-00-00 00:00:00'),
(300984, 'ANA EDI', 'PASIR- KOTENG', '0', 0, '0000-00-00 00:00:00', '0000-00-00 00:00:00', '0000-00-00 00:00:00'),
(300985, 'DAHNIL', 'UB-NGASO', '0', 0, '0000-00-00 00:00:00', '0000-00-00 00:00:00', '0000-00-00 00:00:00'),
(300986, 'HAPIS', 'P REBA', '0', 0, '0000-00-00 00:00:00', '0000-00-00 00:00:00', '0000-00-00 00:00:00'),
(300987, 'AGUS', 'L SUBUR', '0', 0, '0000-00-00 00:00:00', '0000-00-00 00:00:00', '0000-00-00 00:00:00'),
(300988, 'ABEL', 'KV-BENAI', '0', 0, '0000-00-00 00:00:00', '0000-00-00 00:00:00', '0000-00-00 00:00:00'),
(300989, 'DANTI', 'SIMANDOLAK', '0', 0, '0000-00-00 00:00:00', '0000-00-00 00:00:00', '0000-00-00 00:00:00'),
(300990, 'DEDEK', 'TALUK', '0', 0, '0000-00-00 00:00:00', '0000-00-00 00:00:00', '0000-00-00 00:00:00'),
(300991, 'DAMAI', 'TALUK', '0', 0, '0000-00-00 00:00:00', '0000-00-00 00:00:00', '0000-00-00 00:00:00'),
(300992, 'ADNGGUN', 'PERAWANG', '0', 0, '0000-00-00 00:00:00', '0000-00-00 00:00:00', '0000-00-00 00:00:00'),
(300993, 'ANGGUN', 'PERAWANG', '0', 0, '0000-00-00 00:00:00', '0000-00-00 00:00:00', '0000-00-00 00:00:00'),
(300994, 'NANANG', 'KOTA BUANA', '0', 0, '0000-00-00 00:00:00', '0000-00-00 00:00:00', '0000-00-00 00:00:00'),
(300995, 'FIKA', 'KOTA BUANA', '0', 0, '0000-00-00 00:00:00', '0000-00-00 00:00:00', '0000-00-00 00:00:00'),
(300996, 'IWAN', 'DUMAI', '0', 0, '0000-00-00 00:00:00', '0000-00-00 00:00:00', '0000-00-00 00:00:00'),
(300997, 'RAVI', 'TRANS 500', '0', 0, '0000-00-00 00:00:00', '0000-00-00 00:00:00', '0000-00-00 00:00:00'),
(300998, 'MARIANI', 'PETAPAHAN', '0', 0, '0000-00-00 00:00:00', '0000-00-00 00:00:00', '0000-00-00 00:00:00'),
(300999, 'NESYA', 'KANVAS', '0', 0, '0000-00-00 00:00:00', '0000-00-00 00:00:00', '0000-00-00 00:00:00'),
(301000, 'BEDJO', 'KANVAS', '0', 0, '0000-00-00 00:00:00', '0000-00-00 00:00:00', '0000-00-00 00:00:00'),
(301001, 'SILVIA', 'KANVAS', '0', 0, '0000-00-00 00:00:00', '0000-00-00 00:00:00', '0000-00-00 00:00:00'),
(301002, 'PAKDE EMY', 'KOTENG', '0', 0, '0000-00-00 00:00:00', '0000-00-00 00:00:00', '0000-00-00 00:00:00'),
(301003, 'MARBUN', 'SOREK', '0', 0, '0000-00-00 00:00:00', '0000-00-00 00:00:00', '0000-00-00 00:00:00'),
(301005, 'ANUGRAH PANGESTU', 'UB', '0', 0, '0000-00-00 00:00:00', '0000-00-00 00:00:00', '0000-00-00 00:00:00'),
(301006, 'SANJAYA', 'UB-LUBUAK', '0', 0, '0000-00-00 00:00:00', '0000-00-00 00:00:00', '0000-00-00 00:00:00'),
(301007, 'SURYA', 'DUMAI', '0', 0, '0000-00-00 00:00:00', '0000-00-00 00:00:00', '0000-00-00 00:00:00'),
(301008, 'ACAI 2', 'BAGAN SIAPI2', '0', 0, '0000-00-00 00:00:00', '0000-00-00 00:00:00', '0000-00-00 00:00:00'),
(301009, 'B DEWI', 'B SIAPI2', '0', 0, '0000-00-00 00:00:00', '0000-00-00 00:00:00', '0000-00-00 00:00:00'),
(301010, 'SN', 'SUKAJASI DD', '0', 0, '0000-00-00 00:00:00', '0000-00-00 00:00:00', '0000-00-00 00:00:00'),
(301011, 'APENG', 'DD SUKAJADI', '0', 0, '0000-00-00 00:00:00', '0000-00-00 00:00:00', '0000-00-00 00:00:00'),
(301012, 'IRHAM', 'KOTENG PASIR', '0', 0, '0000-00-00 00:00:00', '0000-00-00 00:00:00', '0000-00-00 00:00:00'),
(301013, 'ANLY', 'KOTENG PASIR', '0', 0, '0000-00-00 00:00:00', '0000-00-00 00:00:00', '0000-00-00 00:00:00'),
(301016, 'SHINTA', 'TLK KV', '0', 0, '0000-00-00 00:00:00', '0000-00-00 00:00:00', '0000-00-00 00:00:00'),
(301017, 'RIAN', 'TLK L JAMBI', '0', 0, '0000-00-00 00:00:00', '0000-00-00 00:00:00', '0000-00-00 00:00:00'),
(301018, 'NAILA', 'TLK L JAMBI', '0', 0, '0000-00-00 00:00:00', '0000-00-00 00:00:00', '0000-00-00 00:00:00'),
(301019, 'RANI', 'TLK L JAMBI', '0', 0, '0000-00-00 00:00:00', '0000-00-00 00:00:00', '0000-00-00 00:00:00'),
(301020, 'AISYAH', 'TLK L JAMBI', '0', 0, '0000-00-00 00:00:00', '0000-00-00 00:00:00', '0000-00-00 00:00:00'),
(301021, 'VIOLA', 'TLK L JAMBI', '0', 0, '0000-00-00 00:00:00', '0000-00-00 00:00:00', '0000-00-00 00:00:00'),
(301022, 'ABIYU', 'TLK L JAMBI', '0', 0, '0000-00-00 00:00:00', '0000-00-00 00:00:00', '0000-00-00 00:00:00'),
(301023, 'DITO', 'TLK L JAMBI', '0', 0, '0000-00-00 00:00:00', '0000-00-00 00:00:00', '0000-00-00 00:00:00'),
(301024, 'BERSAUDARA', 'TLK - KARI', '0', 0, '0000-00-00 00:00:00', '0000-00-00 00:00:00', '0000-00-00 00:00:00'),
(301025, 'EKO', 'TLK SEROSAH', '0', 0, '0000-00-00 00:00:00', '0000-00-00 00:00:00', '0000-00-00 00:00:00'),
(301026, 'MUSRIJAL', 'TLK L JAMBI', '0', 0, '0000-00-00 00:00:00', '0000-00-00 00:00:00', '0000-00-00 00:00:00'),
(301027, 'RAMON', 'TLK L JAMBI', '0', 0, '0000-00-00 00:00:00', '0000-00-00 00:00:00', '0000-00-00 00:00:00'),
(301028, 'RIZAL', 'TLK L JAMBI', '0', 0, '0000-00-00 00:00:00', '0000-00-00 00:00:00', '0000-00-00 00:00:00'),
(301029, 'ANIS', 'TLK L JAMBI', '0', 0, '0000-00-00 00:00:00', '0000-00-00 00:00:00', '0000-00-00 00:00:00'),
(301030, 'FINA', 'TLK L JAMBI', '0', 0, '0000-00-00 00:00:00', '0000-00-00 00:00:00', '0000-00-00 00:00:00'),
(301031, 'ZARA', 'TLK PDG SAWAH', '0', 0, '0000-00-00 00:00:00', '0000-00-00 00:00:00', '0000-00-00 00:00:00'),
(301032, 'RIVAL', 'PASIR KV', '0', 0, '0000-00-00 00:00:00', '0000-00-00 00:00:00', '0000-00-00 00:00:00'),
(301033, 'UD ANEKA PUTRI', 'PASIR KV', '0', 0, '0000-00-00 00:00:00', '0000-00-00 00:00:00', '0000-00-00 00:00:00'),
(301034, 'PASIR RETAIL', 'KV', '0', 0, '0000-00-00 00:00:00', '0000-00-00 00:00:00', '0000-00-00 00:00:00'),
(301035, 'ALZAIRIN', 'PASIR KV', '0', 0, '0000-00-00 00:00:00', '0000-00-00 00:00:00', '0000-00-00 00:00:00'),
(301044, 'HAIKAL', 'P REBA SOREK', '0', 0, '0000-00-00 00:00:00', '0000-00-00 00:00:00', '0000-00-00 00:00:00'),
(301060, 'SEDERHANA', 'KASIKAN', '0', 0, '0000-00-00 00:00:00', '0000-00-00 00:00:00', '0000-00-00 00:00:00'),
(301061, 'SEDERHANA', 'PASIR P', '0', 0, '0000-00-00 00:00:00', '0000-00-00 00:00:00', '0000-00-00 00:00:00'),
(301062, 'DINI', 'PASIR P', '0', 0, '0000-00-00 00:00:00', '0000-00-00 00:00:00', '0000-00-00 00:00:00'),
(301063, 'PARLINDUNGAN', 'DD - PS MINGGU', '0', 0, '0000-00-00 00:00:00', '0000-00-00 00:00:00', '0000-00-00 00:00:00'),
(301064, 'LARIS', 'DD PS MINGGU', '0', 0, '0000-00-00 00:00:00', '0000-00-00 00:00:00', '0000-00-00 00:00:00'),
(301065, 'ARGA', 'KANVAS', '0', 0, '0000-00-00 00:00:00', '0000-00-00 00:00:00', '0000-00-00 00:00:00'),
(301066, 'HABIBI', 'SOREK KANVAS', '0', 0, '0000-00-00 00:00:00', '0000-00-00 00:00:00', '0000-00-00 00:00:00'),
(301067, 'AMRUL', 'LIPAT KAIN', '0', 0, '0000-00-00 00:00:00', '0000-00-00 00:00:00', '0000-00-00 00:00:00'),
(301068, 'BU NING', 'S. BULUK TLKKV', '0', 0, '0000-00-00 00:00:00', '0000-00-00 00:00:00', '0000-00-00 00:00:00'),
(301069, 'SYIFA', 'S BULUH TLK', '0', 0, '0000-00-00 00:00:00', '0000-00-00 00:00:00', '0000-00-00 00:00:00'),
(301070, 'NN GROUP', 'AIR EMAS TLK', '0', 0, '0000-00-00 00:00:00', '0000-00-00 00:00:00', '0000-00-00 00:00:00'),
(301071, 'AFDAL', 'TLK KV', '0', 0, '0000-00-00 00:00:00', '0000-00-00 00:00:00', '0000-00-00 00:00:00'),
(301073, 'PASIR KANVAS', 'PASIR', '0', 0, '0000-00-00 00:00:00', '0000-00-00 00:00:00', '0000-00-00 00:00:00'),
(301077, 'PUTRA PONSEL', 'TLK KV', '0', 0, '0000-00-00 00:00:00', '0000-00-00 00:00:00', '0000-00-00 00:00:00'),
(301093, 'UT RETAIL', 'UJUNG TANJUNG', '0', 0, '0000-00-00 00:00:00', '0000-00-00 00:00:00', '0000-00-00 00:00:00'),
(301094, 'LIPAT KAIN', 'RETAIL', '0', 0, '0000-00-00 00:00:00', '0000-00-00 00:00:00', '0000-00-00 00:00:00'),
(301095, 'RESKINA', 'SUNGAI BULUH LK', '0', 0, '0000-00-00 00:00:00', '0000-00-00 00:00:00', '0000-00-00 00:00:00'),
(301096, 'AGUS', 'S BULUH LIPAT KAIN', '0', 0, '0000-00-00 00:00:00', '0000-00-00 00:00:00', '0000-00-00 00:00:00'),
(301098, 'UB RETAIL', 'UJUNG BATU', '0', 0, '0000-00-00 00:00:00', '0000-00-00 00:00:00', '0000-00-00 00:00:00'),
(301099, 'FERRY 2', 'UJUNG BATU', '0', 0, '0000-00-00 00:00:00', '0000-00-00 00:00:00', '0000-00-00 00:00:00'),
(301100, 'TWIN', 'SP2 TALUK', '0', 0, '0000-00-00 00:00:00', '0000-00-00 00:00:00', '0000-00-00 00:00:00'),
(301101, 'ABEL', 'PS BENAI TALUK', '0', 0, '0000-00-00 00:00:00', '0000-00-00 00:00:00', '0000-00-00 00:00:00'),
(301102, 'YULI', 'SP PAS TALUK', '0', 0, '0000-00-00 00:00:00', '0000-00-00 00:00:00', '0000-00-00 00:00:00'),
(301103, 'LILY', 'PKU', '0', 1, '0000-00-00 00:00:00', '0000-00-00 00:00:00', '0000-00-00 00:00:00'),
(301104, 'MITRA JAYA', 'PKU', '0', 1, '0000-00-00 00:00:00', '0000-00-00 00:00:00', '0000-00-00 00:00:00'),
(301105, 'BU JAY', 'PKU', '0', 1, '0000-00-00 00:00:00', '0000-00-00 00:00:00', '0000-00-00 00:00:00'),
(301106, 'GRESIK', 'GRS', '0', 0, '0000-00-00 00:00:00', '0000-00-00 00:00:00', '0000-00-00 00:00:00'),
(301111, 'DUA DARA', 'KUNTU', '0', 0, '0000-00-00 00:00:00', '0000-00-00 00:00:00', '0000-00-00 00:00:00'),
(301112, 'HASIM', 'KUNTU', '0', 0, '0000-00-00 00:00:00', '0000-00-00 00:00:00', '0000-00-00 00:00:00'),
(301138, 'SURTATY', 'PASIR-M RUMBAI', '0', 0, '0000-00-00 00:00:00', '0000-00-00 00:00:00', '0000-00-00 00:00:00'),
(301219, 'MIZWAN', 'LTS DEKAT MESS SIAK', '0', 0, '0000-00-00 00:00:00', '0000-00-00 00:00:00', '0000-00-00 00:00:00'),
(301220, 'NIZAM', 'LTS DEKAT MESS SIAK', '0', 0, '0000-00-00 00:00:00', '0000-00-00 00:00:00', '0000-00-00 00:00:00'),
(301221, 'AJO DINI', 'PKL KERINCI', '0', 0, '0000-00-00 00:00:00', '0000-00-00 00:00:00', '0000-00-00 00:00:00'),
(301223, 'CALVIN', 'OKAK', '0', 0, '0000-00-00 00:00:00', '0000-00-00 00:00:00', '0000-00-00 00:00:00'),
(301224, 'ANDI', 'PKU', '0', 1, '0000-00-00 00:00:00', '0000-00-00 00:00:00', '0000-00-00 00:00:00'),
(301281, 'PICIVAN', 'SKPD PASIR', '0', 0, '0000-00-00 00:00:00', '0000-00-00 00:00:00', '0000-00-00 00:00:00'),
(301282, 'SUPRI', 'SKPD PASIR', '0', 0, '0000-00-00 00:00:00', '0000-00-00 00:00:00', '0000-00-00 00:00:00'),
(301283, 'HADIS', 'P REBA', '0', 0, '0000-00-00 00:00:00', '0000-00-00 00:00:00', '0000-00-00 00:00:00'),
(301284, 'DEDE', 'MANGGALA UT', '0', 0, '0000-00-00 00:00:00', '0000-00-00 00:00:00', '0000-00-00 00:00:00'),
(301285, 'ANA', 'UT R MELINTANG', '0', 0, '0000-00-00 00:00:00', '0000-00-00 00:00:00', '0000-00-00 00:00:00'),
(301286, 'MAWAR', 'PASIR', '0', 0, '0000-00-00 00:00:00', '0000-00-00 00:00:00', '0000-00-00 00:00:00'),
(301287, 'SBR', 'PS PINGGIR DD', '0', 0, '0000-00-00 00:00:00', '0000-00-00 00:00:00', '0000-00-00 00:00:00'),
(301288, 'MAJID', 'DUMAI', '0', 0, '0000-00-00 00:00:00', '0000-00-00 00:00:00', '0000-00-00 00:00:00'),
(301307, 'INDOMART', 'BAGAN', '0', 0, '0000-00-00 00:00:00', '0000-00-00 00:00:00', '0000-00-00 00:00:00'),
(301308, 'BINTANG DEWI', 'BAGAN', '0', 0, '0000-00-00 00:00:00', '0000-00-00 00:00:00', '0000-00-00 00:00:00'),
(301316, 'RISWAN', 'SKPD', '0', 0, '0000-00-00 00:00:00', '0000-00-00 00:00:00', '0000-00-00 00:00:00'),
(301317, 'DROP SOREK', 'DROPING SOREK', '0', 0, '0000-00-00 00:00:00', '0000-00-00 00:00:00', '0000-00-00 00:00:00'),
(301318, 'PARETO SOREK', 'SOREK', '0', 0, '0000-00-00 00:00:00', '0000-00-00 00:00:00', '0000-00-00 00:00:00'),
(301319, 'PASIR DROP', 'PASIR', '0', 0, '0000-00-00 00:00:00', '0000-00-00 00:00:00', '0000-00-00 00:00:00'),
(301320, 'PASIR PARETO', 'PASIR', '0', 0, '0000-00-00 00:00:00', '0000-00-00 00:00:00', '0000-00-00 00:00:00'),
(301321, 'SIAK DROP', 'SIAK', '0', 0, '0000-00-00 00:00:00', '0000-00-00 00:00:00', '0000-00-00 00:00:00'),
(301322, 'SIAK PARETO', 'SIAK', '0', 0, '0000-00-00 00:00:00', '0000-00-00 00:00:00', '0000-00-00 00:00:00'),
(301323, 'RETAIL ANDI M', 'PADANG', '0', 2, '0000-00-00 00:00:00', '0000-00-00 00:00:00', '0000-00-00 00:00:00'),
(301324, 'RETAIL KONTAN DONY', 'PADANG', '0', 2, '0000-00-00 00:00:00', '0000-00-00 00:00:00', '0000-00-00 00:00:00'),
(301325, 'RETAIL KONTAN HARIS', 'PADANG', '0', 2, '0000-00-00 00:00:00', '0000-00-00 00:00:00', '0000-00-00 00:00:00'),
(301326, 'MUCHLIS', 'PADANG', '0', 2, '0000-00-00 00:00:00', '0000-00-00 00:00:00', '0000-00-00 00:00:00'),
(301327, 'NORMAL', 'M RUMBAI-PASIR', '0', 0, '0000-00-00 00:00:00', '0000-00-00 00:00:00', '0000-00-00 00:00:00'),
(301333, 'M.NUR', 'SP. JAMBAK', '0', 2, '0000-00-00 00:00:00', '0000-00-00 00:00:00', '0000-00-00 00:00:00'),
(301334, 'ZAL', 'AIR TAJUN', '0', 2, '0000-00-00 00:00:00', '0000-00-00 00:00:00', '0000-00-00 00:00:00'),
(301335, 'YENI', 'KALI AIR', '0', 2, '0000-00-00 00:00:00', '0000-00-00 00:00:00', '0000-00-00 00:00:00'),
(301336, 'ANUGRAH', 'ASAM PULAU', '0', 2, '0000-00-00 00:00:00', '0000-00-00 00:00:00', '0000-00-00 00:00:00'),
(301337, 'RETAIL KONTAN ARIF', 'PARIAMAN', '0', 2, '0000-00-00 00:00:00', '0000-00-00 00:00:00', '0000-00-00 00:00:00'),
(301338, 'ANNISA', 'KETAPANG', '0', 2, '0000-00-00 00:00:00', '0000-00-00 00:00:00', '0000-00-00 00:00:00'),
(301339, 'ABIVY', 'PASIA LAWEH', '0', 2, '0000-00-00 00:00:00', '0000-00-00 00:00:00', '0000-00-00 00:00:00'),
(301340, 'RETAIL KONTAN ANDI', 'PARIAMAN', '0', 2, '0000-00-00 00:00:00', '0000-00-00 00:00:00', '0000-00-00 00:00:00'),
(301341, 'STM', 'RAWANG', '0', 2, '0000-00-00 00:00:00', '0000-00-00 00:00:00', '0000-00-00 00:00:00'),
(301342, 'RISKY', 'AIR DINGIN', '0', 2, '0000-00-00 00:00:00', '0000-00-00 00:00:00', '0000-00-00 00:00:00'),
(301343, 'ZAHRA', 'AIR DINGIN', '0', 2, '0000-00-00 00:00:00', '0000-00-00 00:00:00', '0000-00-00 00:00:00'),
(301344, 'YUDHA', 'AIR DINGIN', '0', 2, '0000-00-00 00:00:00', '0000-00-00 00:00:00', '0000-00-00 00:00:00'),
(301345, 'NOVA', 'AIR DINGIN', '0', 2, '0000-00-00 00:00:00', '0000-00-00 00:00:00', '0000-00-00 00:00:00'),
(301346, 'SURYA', 'AIR DINGIN', '0', 2, '0000-00-00 00:00:00', '0000-00-00 00:00:00', '0000-00-00 00:00:00'),
(301347, 'MORA', 'AIR DINGIN', '0', 2, '0000-00-00 00:00:00', '0000-00-00 00:00:00', '0000-00-00 00:00:00'),
(301348, 'RETAIL KONTAN HAFIDH', 'SOLOK SELATAN/ALAHAN PANJANG', '0', 2, '0000-00-00 00:00:00', '0000-00-00 00:00:00', '0000-00-00 00:00:00'),
(301349, 'YUDI', 'PASAR TALANG BABUNGO', '0', 2, '0000-00-00 00:00:00', '0000-00-00 00:00:00', '0000-00-00 00:00:00'),
(301350, 'H. LIM', 'TALANG BABUNGO', '0', 2, '0000-00-00 00:00:00', '0000-00-00 00:00:00', '0000-00-00 00:00:00'),
(301351, 'SOFIE', 'TARATAK PAUH', '0', 2, '0000-00-00 00:00:00', '0000-00-00 00:00:00', '0000-00-00 00:00:00'),
(301352, 'PAK KHATIB', 'SUNGAI TANAM ALAHAN PANJANG', '0', 2, '0000-00-00 00:00:00', '0000-00-00 00:00:00', '0000-00-00 00:00:00'),
(301353, 'NIAR', 'AIR DINGIN', '0', 2, '0000-00-00 00:00:00', '0000-00-00 00:00:00', '0000-00-00 00:00:00'),
(301354, 'ROZI', 'JLN.GADANG SURIAN', '0', 2, '0000-00-00 00:00:00', '0000-00-00 00:00:00', '0000-00-00 00:00:00'),
(301355, 'ERVAN', 'JLN GADANG SURIAN', '0', 2, '0000-00-00 00:00:00', '0000-00-00 00:00:00', '0000-00-00 00:00:00'),
(301356, 'RETAIL KONTAN INDRA', 'SOLOK SELATAN', '0', 2, '0000-00-00 00:00:00', '0000-00-00 00:00:00', '0000-00-00 00:00:00'),
(301357, 'BUNDA', 'GUNUNG NAGO', '0', 2, '0000-00-00 00:00:00', '0000-00-00 00:00:00', '0000-00-00 00:00:00'),
(301358, 'ARIL IRA', 'JLN TAMPAT DURIAN', '0', 2, '0000-00-00 00:00:00', '0000-00-00 00:00:00', '0000-00-00 00:00:00'),
(301359, 'RETAIL KONTAN YOSRI', 'PADANG', '0', 2, '0000-00-00 00:00:00', '0000-00-00 00:00:00', '0000-00-00 00:00:00'),
(301360, 'PAK SURYAN', 'ALAHAN PANJANG', '0', 2, '0000-00-00 00:00:00', '0000-00-00 00:00:00', '0000-00-00 00:00:00'),
(301361, 'BAYU', 'ALAHAN PANJANG', '0', 2, '0000-00-00 00:00:00', '0000-00-00 00:00:00', '0000-00-00 00:00:00'),
(301363, 'YESSY DEA', 'P IBUL UTJG', '0', 0, '0000-00-00 00:00:00', '0000-00-00 00:00:00', '0000-00-00 00:00:00'),
(301379, 'SRI RAHAYU', 'SUKA MAJU', '0', 0, '0000-00-00 00:00:00', '0000-00-00 00:00:00', '0000-00-00 00:00:00'),
(301381, 'retail kontan akbar', 'padang', '0', 2, '0000-00-00 00:00:00', '0000-00-00 00:00:00', '0000-00-00 00:00:00'),
(301382, 'NAZAR', 'PS KP GALAPUANG', '0', 2, '0000-00-00 00:00:00', '0000-00-00 00:00:00', '0000-00-00 00:00:00'),
(301383, 'MAN', 'SP BULUH HILIA', '0', 2, '0000-00-00 00:00:00', '0000-00-00 00:00:00', '0000-00-00 00:00:00'),
(301384, 'YANTO', 'PSR USANG', '0', 2, '0000-00-00 00:00:00', '0000-00-00 00:00:00', '0000-00-00 00:00:00'),
(301385, 'YOGI', 'SINTUAK', '0', 2, '0000-00-00 00:00:00', '0000-00-00 00:00:00', '0000-00-00 00:00:00'),
(301386, 'KHAIRUL', 'AIA TAJUN', '0', 2, '0000-00-00 00:00:00', '0000-00-00 00:00:00', '0000-00-00 00:00:00'),
(301387, 'VIVI WS', 'PILUBANG', '0', 2, '0000-00-00 00:00:00', '0000-00-00 00:00:00', '0000-00-00 00:00:00'),
(301388, 'SALMAN', 'PILUBANG', '0', 2, '0000-00-00 00:00:00', '0000-00-00 00:00:00', '0000-00-00 00:00:00'),
(301389, 'MUKSIN', 'TANJUNG AUR', '0', 2, '0000-00-00 00:00:00', '0000-00-00 00:00:00', '0000-00-00 00:00:00'),
(301390, 'ANUGRAH', 'BALAI JUM\"AT', '0', 2, '0000-00-00 00:00:00', '0000-00-00 00:00:00', '0000-00-00 00:00:00'),
(301391, 'SURYA ANAS 2', 'TIRAM', '0', 2, '0000-00-00 00:00:00', '0000-00-00 00:00:00', '0000-00-00 00:00:00'),
(301392, 'H.SUMANGALIK BUNDO', 'KASAI', '0', 2, '0000-00-00 00:00:00', '0000-00-00 00:00:00', '0000-00-00 00:00:00'),
(301393, 'HANI/HADI', 'SEI.LUBAN', '0', 2, '0000-00-00 00:00:00', '0000-00-00 00:00:00', '0000-00-00 00:00:00'),
(301394, 'YUDI', 'LUBUK SUNA', '0', 2, '0000-00-00 00:00:00', '0000-00-00 00:00:00', '0000-00-00 00:00:00'),
(301395, 'DAF KELUARGA 2', 'BALAI BARU', '0', 2, '0000-00-00 00:00:00', '0000-00-00 00:00:00', '0000-00-00 00:00:00');
INSERT INTO `customer` (`id_customer`, `nama_customer`, `alamat_customer`, `no_hp_customer`, `id_branch`, `created_at`, `updated_at`, `deleted_at`) VALUES
(301396, 'NOVEL SAIYO', 'LUBUK MINTURUN', '0', 2, '0000-00-00 00:00:00', '0000-00-00 00:00:00', '0000-00-00 00:00:00'),
(301397, 'RINA 2', 'SUNGAI LAREH', '0', 2, '0000-00-00 00:00:00', '0000-00-00 00:00:00', '0000-00-00 00:00:00'),
(301398, 'USTAD BUYA', 'taratak pauh', '0', 2, '0000-00-00 00:00:00', '0000-00-00 00:00:00', '0000-00-00 00:00:00'),
(301399, 'pak feri', 'ps.alahan panjang', '0', 2, '0000-00-00 00:00:00', '0000-00-00 00:00:00', '0000-00-00 00:00:00'),
(301400, 'rafif', 'talang babungo', '0', 2, '0000-00-00 00:00:00', '0000-00-00 00:00:00', '0000-00-00 00:00:00'),
(301401, 'tanawi', 'rimbo data', '0', 2, '0000-00-00 00:00:00', '0000-00-00 00:00:00', '0000-00-00 00:00:00'),
(301402, 'anto', 'ps.surian', '0', 2, '0000-00-00 00:00:00', '0000-00-00 00:00:00', '0000-00-00 00:00:00'),
(301403, 'kas', 'ps.surian', '0', 2, '0000-00-00 00:00:00', '0000-00-00 00:00:00', '0000-00-00 00:00:00'),
(301404, 'mar', 'air dingin', '0', 2, '0000-00-00 00:00:00', '0000-00-00 00:00:00', '0000-00-00 00:00:00'),
(301405, 'dewi', 'limau paruik', '0', 2, '0000-00-00 00:00:00', '0000-00-00 00:00:00', '0000-00-00 00:00:00'),
(301406, 'saski', 'aie batumbuak', '0', 2, '0000-00-00 00:00:00', '0000-00-00 00:00:00', '0000-00-00 00:00:00'),
(301407, 'pery', 'nan sabaris', '0', 2, '0000-00-00 00:00:00', '0000-00-00 00:00:00', '0000-00-00 00:00:00'),
(301408, 'buyung', 'sicincin', '0', 2, '0000-00-00 00:00:00', '0000-00-00 00:00:00', '0000-00-00 00:00:00'),
(301409, 'jefri', 'sikabu', '0', 2, '0000-00-00 00:00:00', '0000-00-00 00:00:00', '0000-00-00 00:00:00'),
(301410, 'm&r jaya', 'marunggi', '0', 2, '0000-00-00 00:00:00', '0000-00-00 00:00:00', '0000-00-00 00:00:00'),
(301411, 'citra pendi', 'kapalo koto', '0', 2, '0000-00-00 00:00:00', '0000-00-00 00:00:00', '0000-00-00 00:00:00'),
(301412, 'lismawi', 'lubuk alung', '0', 2, '0000-00-00 00:00:00', '0000-00-00 00:00:00', '0000-00-00 00:00:00'),
(301413, 'surya anas', 'kataping', '0', 2, '0000-00-00 00:00:00', '0000-00-00 00:00:00', '0000-00-00 00:00:00'),
(301414, 'leni', 'panggung kasik', '0', 2, '0000-00-00 00:00:00', '0000-00-00 00:00:00', '0000-00-00 00:00:00'),
(301415, 'tunas baru', 'lubuk alung', '0', 2, '0000-00-00 00:00:00', '0000-00-00 00:00:00', '0000-00-00 00:00:00'),
(301416, 'regina', 'danau kembar', '0', 2, '0000-00-00 00:00:00', '0000-00-00 00:00:00', '0000-00-00 00:00:00'),
(301417, 'regina 2', 'danau kembar', '0', 2, '0000-00-00 00:00:00', '0000-00-00 00:00:00', '0000-00-00 00:00:00'),
(301418, 'hesti', 'danau kembar', '0', 2, '0000-00-00 00:00:00', '0000-00-00 00:00:00', '0000-00-00 00:00:00'),
(301419, 'risky', 'aia dingin', '0', 2, '0000-00-00 00:00:00', '0000-00-00 00:00:00', '0000-00-00 00:00:00'),
(301420, 'src wita', 'jorong rusak', '0', 2, '0000-00-00 00:00:00', '0000-00-00 00:00:00', '0000-00-00 00:00:00'),
(301421, 'miza mart', 'salimpek', '0', 2, '0000-00-00 00:00:00', '0000-00-00 00:00:00', '0000-00-00 00:00:00'),
(301422, 'dms', 'simp, tj nan 4', '0', 2, '0000-00-00 00:00:00', '0000-00-00 00:00:00', '0000-00-00 00:00:00'),
(301423, 'bebel', 'sungai nanam', '0', 2, '0000-00-00 00:00:00', '0000-00-00 00:00:00', '0000-00-00 00:00:00'),
(301424, 'afdal', 'tanjung balik', '0', 2, '0000-00-00 00:00:00', '0000-00-00 00:00:00', '0000-00-00 00:00:00'),
(301425, 'farel', 'tanjung balik', '0', 2, '0000-00-00 00:00:00', '0000-00-00 00:00:00', '0000-00-00 00:00:00'),
(301426, 'perdamaian', 'tanjung balik', '0', 2, '0000-00-00 00:00:00', '0000-00-00 00:00:00', '0000-00-00 00:00:00'),
(301427, 'bunda', 'gunung nago', '0', 2, '0000-00-00 00:00:00', '0000-00-00 00:00:00', '0000-00-00 00:00:00'),
(301428, 'wawan', 'pessel', '0', 2, '0000-00-00 00:00:00', '0000-00-00 00:00:00', '0000-00-00 00:00:00'),
(301429, 'haikal', 'pessel', '0', 2, '0000-00-00 00:00:00', '0000-00-00 00:00:00', '0000-00-00 00:00:00'),
(301430, 'wismal', 'pessel', '0', 2, '0000-00-00 00:00:00', '0000-00-00 00:00:00', '0000-00-00 00:00:00'),
(301431, 'berkat yakin', 'bukit sileh', '0', 2, '0000-00-00 00:00:00', '0000-00-00 00:00:00', '0000-00-00 00:00:00'),
(301432, '3 putra', 'bukit sileh', '0', 2, '0000-00-00 00:00:00', '0000-00-00 00:00:00', '0000-00-00 00:00:00'),
(301433, 'riko', 'supayang', '0', 2, '0000-00-00 00:00:00', '0000-00-00 00:00:00', '0000-00-00 00:00:00'),
(301434, 'paj man', 'tabing', '0', 2, '0000-00-00 00:00:00', '0000-00-00 00:00:00', '0000-00-00 00:00:00'),
(301435, 'pak man', 'tabing', '0', 2, '0000-00-00 00:00:00', '0000-00-00 00:00:00', '0000-00-00 00:00:00'),
(303077, 'DIAN', 'KANDIS', '0', 0, '0000-00-00 00:00:00', '0000-00-00 00:00:00', '0000-00-00 00:00:00'),
(303078, 'KAROJA', 'SAM SAM KM 94 DD', '0', 0, '0000-00-00 00:00:00', '0000-00-00 00:00:00', '0000-00-00 00:00:00'),
(303080, 'UT-PARETO', 'UJUNG TANJUNG', '0', 0, '0000-00-00 00:00:00', '0000-00-00 00:00:00', '0000-00-00 00:00:00'),
(303081, 'UT-DROP', 'UJUNG TANJUNG', '0', 0, '0000-00-00 00:00:00', '0000-00-00 00:00:00', '0000-00-00 00:00:00'),
(303082, 'CITRA P&D', 'padang bintungan', '81319182475', 2, '0000-00-00 00:00:00', '0000-00-00 00:00:00', '0000-00-00 00:00:00'),
(303083, 'MAN', 'lubuk alung', '81361761675', 2, '0000-00-00 00:00:00', '0000-00-00 00:00:00', '0000-00-00 00:00:00'),
(303084, 'BUYUNG', 'SICINCIN', '85263140928', 2, '0000-00-00 00:00:00', '0000-00-00 00:00:00', '0000-00-00 00:00:00'),
(303085, 'ERI', 'balai kurai taji', '7517682423', 2, '0000-00-00 00:00:00', '0000-00-00 00:00:00', '0000-00-00 00:00:00'),
(303086, 'YENI', 'tanjung basung 1', '82387387304', 2, '0000-00-00 00:00:00', '0000-00-00 00:00:00', '0000-00-00 00:00:00'),
(303087, 'RIO', 'aia tajun', '81363908707', 2, '0000-00-00 00:00:00', '0000-00-00 00:00:00', '0000-00-00 00:00:00'),
(303088, 'IRFAN/ITA', 'bisati', '81374085334', 2, '0000-00-00 00:00:00', '0000-00-00 00:00:00', '0000-00-00 00:00:00'),
(303089, 'FAGIO', 'sintuk', '85363481230', 2, '0000-00-00 00:00:00', '0000-00-00 00:00:00', '0000-00-00 00:00:00'),
(303090, 'YANTO', 'pasar usang', '0', 2, '0000-00-00 00:00:00', '0000-00-00 00:00:00', '0000-00-00 00:00:00'),
(303091, 'YOGI', 'sintuk', '82229492858', 2, '0000-00-00 00:00:00', '0000-00-00 00:00:00', '0000-00-00 00:00:00'),
(303092, 'BUYUNG LAWEH', 'pauh kambar', '0', 2, '0000-00-00 00:00:00', '0000-00-00 00:00:00', '0000-00-00 00:00:00'),
(303093, 'RUDI INDAH 2', 'pauh kembar', '0', 2, '0000-00-00 00:00:00', '0000-00-00 00:00:00', '0000-00-00 00:00:00'),
(303094, 'ITA WS', 'pulau air', '0', 2, '0000-00-00 00:00:00', '0000-00-00 00:00:00', '0000-00-00 00:00:00'),
(303095, 'SEWI/ARI', 'basuang', '0', 2, '0000-00-00 00:00:00', '0000-00-00 00:00:00', '0000-00-00 00:00:00'),
(303096, 'HANIF', 'muaro putuih', '0', 2, '0000-00-00 00:00:00', '0000-00-00 00:00:00', '0000-00-00 00:00:00'),
(303097, 'SISRI', 'katiagan', '82196034079', 2, '0000-00-00 00:00:00', '0000-00-00 00:00:00', '0000-00-00 00:00:00'),
(303098, 'RAMALIS', 'PS.basuang', '82387318730', 2, '0000-00-00 00:00:00', '0000-00-00 00:00:00', '0000-00-00 00:00:00'),
(303099, 'FEBRI', 'SP.padng toboh', '85366603617', 2, '0000-00-00 00:00:00', '0000-00-00 00:00:00', '0000-00-00 00:00:00'),
(303100, 'DA HEN', 'tj pati', '82391659932', 2, '0000-00-00 00:00:00', '0000-00-00 00:00:00', '0000-00-00 00:00:00'),
(303101, 'NN MART', 'suayan', '85216911055', 2, '0000-00-00 00:00:00', '0000-00-00 00:00:00', '0000-00-00 00:00:00'),
(303102, 'MERA', 'parumpuang', '85364662347', 2, '0000-00-00 00:00:00', '0000-00-00 00:00:00', '0000-00-00 00:00:00'),
(303103, 'MAWAR', 'limpato', '82390546900', 2, '0000-00-00 00:00:00', '0000-00-00 00:00:00', '0000-00-00 00:00:00'),
(303104, 'AZORA', 'sei.abu', '0', 2, '0000-00-00 00:00:00', '0000-00-00 00:00:00', '0000-00-00 00:00:00'),
(303105, 'AIRA', 'simp tj nan 4', '0', 2, '0000-00-00 00:00:00', '0000-00-00 00:00:00', '0000-00-00 00:00:00'),
(303106, 'RINA', 'SEI LAREH', '0', 2, '0000-00-00 00:00:00', '0000-00-00 00:00:00', '0000-00-00 00:00:00'),
(303107, 'ABAH', 'JL GAJAH MADA', '0', 2, '0000-00-00 00:00:00', '0000-00-00 00:00:00', '0000-00-00 00:00:00'),
(303108, 'ALVARO', 'SURIAN LOLO', '0', 2, '0000-00-00 00:00:00', '0000-00-00 00:00:00', '0000-00-00 00:00:00'),
(303109, 'NOVA', 'SURIAN', '0', 2, '0000-00-00 00:00:00', '0000-00-00 00:00:00', '0000-00-00 00:00:00'),
(303110, 'MUCHAIN', 'tanjung aur', '0', 2, '0000-00-00 00:00:00', '0000-00-00 00:00:00', '0000-00-00 00:00:00'),
(303111, 'annisa', 'marantiak katapiang', '0', 2, '0000-00-00 00:00:00', '0000-00-00 00:00:00', '0000-00-00 00:00:00'),
(303112, 'DEWI', 'basuang', '0', 2, '0000-00-00 00:00:00', '0000-00-00 00:00:00', '0000-00-00 00:00:00'),
(303115, 'AOZORA', 'sungai abu', '0', 2, '0000-00-00 00:00:00', '0000-00-00 00:00:00', '0000-00-00 00:00:00'),
(303117, '3 sudara', 'kamp.jua', '8,13066E+11', 2, '0000-00-00 00:00:00', '0000-00-00 00:00:00', '0000-00-00 00:00:00'),
(303118, '3 SAUDARA', 'KAMP. JUA', '0', 2, '0000-00-00 00:00:00', '0000-00-00 00:00:00', '0000-00-00 00:00:00'),
(303119, 'aldi', 'jln padang painan', '8,95361E+11', 2, '0000-00-00 00:00:00', '0000-00-00 00:00:00', '0000-00-00 00:00:00'),
(303120, 'rahman', 'ps batang kapas', '81365216955', 2, '0000-00-00 00:00:00', '0000-00-00 00:00:00', '0000-00-00 00:00:00'),
(303121, 'azka', 'lintas jelmu', '82288268523', 2, '0000-00-00 00:00:00', '0000-00-00 00:00:00', '0000-00-00 00:00:00'),
(303122, '6 saudara', 'apa jaya bayang', '85355052143', 2, '0000-00-00 00:00:00', '0000-00-00 00:00:00', '0000-00-00 00:00:00'),
(303123, 'yusminar', 'bayang utara', '0', 2, '0000-00-00 00:00:00', '0000-00-00 00:00:00', '0000-00-00 00:00:00'),
(303124, 'KS', 'BAYANG UTARA', '0', 2, '0000-00-00 00:00:00', '0000-00-00 00:00:00', '0000-00-00 00:00:00'),
(303125, 'ELOK', 'bayang utara', '0', 2, '0000-00-00 00:00:00', '0000-00-00 00:00:00', '0000-00-00 00:00:00'),
(303126, 'TEGUH', 'kp baru kapas', '0', 2, '0000-00-00 00:00:00', '0000-00-00 00:00:00', '0000-00-00 00:00:00'),
(303127, 'LINDA', 'kiliran jao', '0', 2, '0000-00-00 00:00:00', '0000-00-00 00:00:00', '0000-00-00 00:00:00'),
(303128, 'EM', 'terminal kiliran jao', '0', 2, '0000-00-00 00:00:00', '0000-00-00 00:00:00', '0000-00-00 00:00:00'),
(303129, 'YOLA', 'terminal kiliran jao', '0', 2, '0000-00-00 00:00:00', '0000-00-00 00:00:00', '0000-00-00 00:00:00'),
(303130, 'FAIHA', 'kamang baru', '0', 2, '0000-00-00 00:00:00', '0000-00-00 00:00:00', '0000-00-00 00:00:00'),
(303131, 'PAK AM', 'bersakti sp3', '0', 2, '0000-00-00 00:00:00', '0000-00-00 00:00:00', '0000-00-00 00:00:00'),
(303132, 'zahra', 'kamang baru', '0', 2, '0000-00-00 00:00:00', '0000-00-00 00:00:00', '0000-00-00 00:00:00'),
(303133, 'AVILIF', 'bersakti sp3', '0', 2, '0000-00-00 00:00:00', '0000-00-00 00:00:00', '0000-00-00 00:00:00'),
(303134, 'AVILIF', 'bersakti sp3', '0', 2, '0000-00-00 00:00:00', '0000-00-00 00:00:00', '0000-00-00 00:00:00'),
(303135, 'DES', 'bersakti sp3', '0', 2, '0000-00-00 00:00:00', '0000-00-00 00:00:00', '0000-00-00 00:00:00'),
(303136, 'arsyad', 'koto rawang', '0', 2, '0000-00-00 00:00:00', '0000-00-00 00:00:00', '0000-00-00 00:00:00'),
(303137, 'retail kontan indra pessel', 'pessel', '0', 2, '0000-00-00 00:00:00', '0000-00-00 00:00:00', '0000-00-00 00:00:00'),
(303164, 'PARETO DURI DUMAI', 'DURI DUMAI', '0', 0, '0000-00-00 00:00:00', '0000-00-00 00:00:00', '0000-00-00 00:00:00'),
(303165, 'DROP DURI DUMAI', 'DURI DUMAI', '0', 0, '0000-00-00 00:00:00', '0000-00-00 00:00:00', '0000-00-00 00:00:00'),
(303166, 'RETAIL DURIDUMAI', 'DURI DUMAI', '0', 0, '0000-00-00 00:00:00', '0000-00-00 00:00:00', '0000-00-00 00:00:00'),
(303167, 'EMON', 'KUBU - UT', '0', 0, '0000-00-00 00:00:00', '0000-00-00 00:00:00', '0000-00-00 00:00:00'),
(303168, 'BASIR', 'MANGGALA - UT', '0', 0, '0000-00-00 00:00:00', '0000-00-00 00:00:00', '0000-00-00 00:00:00'),
(303169, 'RUDI', 'UJUNG TANJUNG', '0', 0, '0000-00-00 00:00:00', '0000-00-00 00:00:00', '0000-00-00 00:00:00'),
(303275, 'batu gadang', 'batu gadang', '0', 2, '0000-00-00 00:00:00', '0000-00-00 00:00:00', '0000-00-00 00:00:00'),
(303278, 'FBY PARETO', 'FLAMBOYAN', '0', 0, '0000-00-00 00:00:00', '0000-00-00 00:00:00', '0000-00-00 00:00:00'),
(303279, 'FBY DROP', 'FLAMBOYAN', '0', 0, '0000-00-00 00:00:00', '0000-00-00 00:00:00', '0000-00-00 00:00:00'),
(303280, 'FIRZA', 'KUBANG PANJNG', '0', 2, '0000-00-00 00:00:00', '0000-00-00 00:00:00', '0000-00-00 00:00:00'),
(303281, 'FARZA', 'KUBANG PANJANG', '0', 2, '0000-00-00 00:00:00', '0000-00-00 00:00:00', '0000-00-00 00:00:00'),
(303282, 'KARTINI 2', 'KM 3 PULAU PUNJUNG', '0', 2, '0000-00-00 00:00:00', '0000-00-00 00:00:00', '0000-00-00 00:00:00'),
(303283, 'IKHSAN', 'SIKABAU', '0', 2, '0000-00-00 00:00:00', '0000-00-00 00:00:00', '0000-00-00 00:00:00'),
(303284, 'MAK ITAM', 'PS PULAU PUNJUNG', '0', 2, '0000-00-00 00:00:00', '0000-00-00 00:00:00', '0000-00-00 00:00:00'),
(303285, 'PINDO', 'PS SILAGO', '0', 2, '0000-00-00 00:00:00', '0000-00-00 00:00:00', '0000-00-00 00:00:00'),
(303286, 'SUTRANDE', 'PS SILAGO', '0', 2, '0000-00-00 00:00:00', '0000-00-00 00:00:00', '0000-00-00 00:00:00'),
(303287, 'YAL', 'PS SILAGO', '0', 2, '0000-00-00 00:00:00', '0000-00-00 00:00:00', '0000-00-00 00:00:00'),
(303288, 'RAFOQ/YET', 'MUARO MOMONG', '0', 2, '0000-00-00 00:00:00', '0000-00-00 00:00:00', '0000-00-00 00:00:00'),
(303289, 'RAFIQ/YET', 'MUARO MOMONG', '0', 2, '0000-00-00 00:00:00', '0000-00-00 00:00:00', '0000-00-00 00:00:00'),
(303290, 'ANICHA', 'SUNGAI TAMBANG', '0', 2, '0000-00-00 00:00:00', '0000-00-00 00:00:00', '0000-00-00 00:00:00'),
(303291, 'EVI', 'SUNGAI TAMBANG', '0', 2, '0000-00-00 00:00:00', '0000-00-00 00:00:00', '0000-00-00 00:00:00'),
(303292, 'MAI', 'SUNGAI LANSEK', '0', 2, '0000-00-00 00:00:00', '0000-00-00 00:00:00', '0000-00-00 00:00:00'),
(303293, 'AFID', 'SUNGAI LIMAU', '1263', 2, '0000-00-00 00:00:00', '0000-00-00 00:00:00', '0000-00-00 00:00:00'),
(303294, 'BATU GADANG', 'BATU GADANG', '0', 2, '0000-00-00 00:00:00', '0000-00-00 00:00:00', '0000-00-00 00:00:00'),
(303295, 'ABEL', 'BATU KARIANG', '0', 2, '0000-00-00 00:00:00', '0000-00-00 00:00:00', '0000-00-00 00:00:00'),
(303296, 'SUMBER REZEKI', 'TIMPEH 5', '0', 2, '0000-00-00 00:00:00', '0000-00-00 00:00:00', '0000-00-00 00:00:00'),
(303297, 'KEMBAR JAYA', 'TIMPEH 6', '0', 2, '0000-00-00 00:00:00', '0000-00-00 00:00:00', '0000-00-00 00:00:00'),
(303298, 'TUM TUM', 'TIMPEH 4', '0', 2, '0000-00-00 00:00:00', '0000-00-00 00:00:00', '0000-00-00 00:00:00'),
(303299, 'WULAN', 'SP 3', '0', 2, '0000-00-00 00:00:00', '0000-00-00 00:00:00', '0000-00-00 00:00:00'),
(303300, 'REGIF', 'SP 3', '0', 2, '0000-00-00 00:00:00', '0000-00-00 00:00:00', '0000-00-00 00:00:00'),
(303301, 'MINANG MART', 'SP 3', '0', 2, '0000-00-00 00:00:00', '0000-00-00 00:00:00', '0000-00-00 00:00:00'),
(303302, 'HERDI', 'SP 3', '0', 2, '0000-00-00 00:00:00', '0000-00-00 00:00:00', '0000-00-00 00:00:00'),
(303304, 'AISYAH', 'SP 3', '0', 2, '0000-00-00 00:00:00', '0000-00-00 00:00:00', '0000-00-00 00:00:00'),
(303305, 'YESMINAR', 'PT BINA', '0', 2, '0000-00-00 00:00:00', '0000-00-00 00:00:00', '0000-00-00 00:00:00'),
(303306, 'NENI', 'SUNGAI TENANG', '0', 2, '0000-00-00 00:00:00', '0000-00-00 00:00:00', '0000-00-00 00:00:00'),
(303307, 'KASIH', 'KUNPAR', '0', 2, '0000-00-00 00:00:00', '0000-00-00 00:00:00', '0000-00-00 00:00:00'),
(303308, 'RENATA', 'TIMPEH 4', '0', 2, '0000-00-00 00:00:00', '0000-00-00 00:00:00', '0000-00-00 00:00:00'),
(303309, 'ZAHRA', 'TIMPEH 4', '0', 2, '0000-00-00 00:00:00', '0000-00-00 00:00:00', '0000-00-00 00:00:00'),
(303310, 'DINDA', 'TIMPEH 4', '0', 2, '0000-00-00 00:00:00', '0000-00-00 00:00:00', '0000-00-00 00:00:00'),
(303311, 'PUTRI', 'MALORO', '0', 2, '0000-00-00 00:00:00', '0000-00-00 00:00:00', '0000-00-00 00:00:00'),
(303312, 'FAHRI', 'MALORO', '0', 2, '0000-00-00 00:00:00', '0000-00-00 00:00:00', '0000-00-00 00:00:00'),
(303313, 'ROSA', 'MALORO', '0', 2, '0000-00-00 00:00:00', '0000-00-00 00:00:00', '0000-00-00 00:00:00'),
(303314, 'FINA', 'KUBANG PANJANG', '0', 2, '0000-00-00 00:00:00', '0000-00-00 00:00:00', '0000-00-00 00:00:00'),
(303315, 'AQILA', 'GUNUNG SELASIH', '0', 2, '0000-00-00 00:00:00', '0000-00-00 00:00:00', '0000-00-00 00:00:00'),
(303316, 'HENDRI', 'SILULUK', '0', 2, '0000-00-00 00:00:00', '0000-00-00 00:00:00', '0000-00-00 00:00:00'),
(303317, 'ALIFA', 'SILULUK', '0', 2, '0000-00-00 00:00:00', '0000-00-00 00:00:00', '0000-00-00 00:00:00'),
(303318, 'JASRIL', 'SILULUK', '0', 2, '0000-00-00 00:00:00', '0000-00-00 00:00:00', '0000-00-00 00:00:00'),
(303319, 'ANEIRA', 'SILULUK', '0', 2, '0000-00-00 00:00:00', '0000-00-00 00:00:00', '0000-00-00 00:00:00'),
(303320, '3 SAUDARA', 'SUNGAI BELIT', '0', 2, '0000-00-00 00:00:00', '0000-00-00 00:00:00', '0000-00-00 00:00:00'),
(303321, 'KENZO', 'KP. SURAU', '0', 2, '0000-00-00 00:00:00', '0000-00-00 00:00:00', '0000-00-00 00:00:00'),
(303322, 'BUNDA', 'KP. SURAU', '0', 2, '0000-00-00 00:00:00', '0000-00-00 00:00:00', '0000-00-00 00:00:00'),
(303323, 'ZIDIT', 'KP. SURAU', '0', 2, '0000-00-00 00:00:00', '0000-00-00 00:00:00', '0000-00-00 00:00:00'),
(303324, 'NURHAYATI', 'PULAU', '0', 2, '0000-00-00 00:00:00', '0000-00-00 00:00:00', '0000-00-00 00:00:00'),
(303325, 'ARENA', 'PERUM TIBARAN', '0', 2, '0000-00-00 00:00:00', '0000-00-00 00:00:00', '0000-00-00 00:00:00'),
(303326, 'GEMA', 'LB. BOLANG', '0', 2, '0000-00-00 00:00:00', '0000-00-00 00:00:00', '0000-00-00 00:00:00'),
(303327, 'DARA', 'PULAU', '0', 2, '0000-00-00 00:00:00', '0000-00-00 00:00:00', '0000-00-00 00:00:00'),
(303328, 'BUK AS', 'SEI. HILANGAN', '0', 2, '0000-00-00 00:00:00', '0000-00-00 00:00:00', '0000-00-00 00:00:00'),
(303329, 'AZI CELL', 'SEI. HILANGAN', '0', 2, '0000-00-00 00:00:00', '0000-00-00 00:00:00', '0000-00-00 00:00:00'),
(303330, 'TITIK', 'AMPANG KAMANG', '0', 2, '0000-00-00 00:00:00', '0000-00-00 00:00:00', '0000-00-00 00:00:00'),
(303331, 'AISYAH', 'AMPANG KAMANG', '0', 2, '0000-00-00 00:00:00', '0000-00-00 00:00:00', '0000-00-00 00:00:00'),
(303332, 'HABIB', 'AMPANG KAMANG', '0', 2, '0000-00-00 00:00:00', '0000-00-00 00:00:00', '0000-00-00 00:00:00'),
(303333, 'ARSYLA', 'RANAH MACANG', '0', 2, '0000-00-00 00:00:00', '0000-00-00 00:00:00', '0000-00-00 00:00:00'),
(303334, 'RAFLI', 'RANAH MACANG', '0', 2, '0000-00-00 00:00:00', '0000-00-00 00:00:00', '0000-00-00 00:00:00'),
(303335, 'KANAYA', 'SEI. DAREH', '0', 2, '0000-00-00 00:00:00', '0000-00-00 00:00:00', '0000-00-00 00:00:00'),
(303336, '5 SAUDARA', 'MUARO MOMONG', '0', 2, '0000-00-00 00:00:00', '0000-00-00 00:00:00', '0000-00-00 00:00:00'),
(303337, 'CHA CHA', 'MUARO MOMONG', '0', 2, '0000-00-00 00:00:00', '0000-00-00 00:00:00', '0000-00-00 00:00:00'),
(303338, 'TASYA', 'MUARO MOMONG', '0', 2, '0000-00-00 00:00:00', '0000-00-00 00:00:00', '0000-00-00 00:00:00'),
(303339, 'NANDA', 'PULAU ANJOLAI', '0', 2, '0000-00-00 00:00:00', '0000-00-00 00:00:00', '0000-00-00 00:00:00'),
(303340, 'D2', 'PULAU ANJOLAI', '0', 2, '0000-00-00 00:00:00', '0000-00-00 00:00:00', '0000-00-00 00:00:00'),
(303341, 'AS', 'PULAU ANJOLAI', '0', 2, '0000-00-00 00:00:00', '0000-00-00 00:00:00', '0000-00-00 00:00:00'),
(303342, 'IDA', 'KOTO BARU', '0', 2, '0000-00-00 00:00:00', '0000-00-00 00:00:00', '0000-00-00 00:00:00'),
(303343, 'JEFRI NAFISAH', 'LB. MANSAGU', '0', 2, '0000-00-00 00:00:00', '0000-00-00 00:00:00', '0000-00-00 00:00:00'),
(303344, 'CECE ARSY', 'LB. MANSAGU', '0', 2, '0000-00-00 00:00:00', '0000-00-00 00:00:00', '0000-00-00 00:00:00'),
(303345, 'VINNY', 'LB. MANSAGU', '0', 2, '0000-00-00 00:00:00', '0000-00-00 00:00:00', '0000-00-00 00:00:00'),
(303346, 'SASMI', 'DURIAN SIMPAI', '0', 2, '0000-00-00 00:00:00', '0000-00-00 00:00:00', '0000-00-00 00:00:00'),
(303347, 'AQILA', 'DURIAN SIMPAI', '0', 2, '0000-00-00 00:00:00', '0000-00-00 00:00:00', '0000-00-00 00:00:00'),
(303348, 'PENDRI', 'SURIAN SIMPAI', '0', 2, '0000-00-00 00:00:00', '0000-00-00 00:00:00', '0000-00-00 00:00:00'),
(303349, 'FARAS', 'DURIAN SIMPAI', '0', 2, '0000-00-00 00:00:00', '0000-00-00 00:00:00', '0000-00-00 00:00:00'),
(303350, 'PIAN', 'AMPANG KURANJI', '0', 2, '0000-00-00 00:00:00', '0000-00-00 00:00:00', '0000-00-00 00:00:00'),
(303351, 'ANANY', 'DUSUN TINGGI', '0', 2, '0000-00-00 00:00:00', '0000-00-00 00:00:00', '0000-00-00 00:00:00'),
(303352, 'RIFKI', 'KAMANG', '0', 2, '0000-00-00 00:00:00', '0000-00-00 00:00:00', '0000-00-00 00:00:00'),
(303353, 'KIRAN', 'KAMANG', '0', 2, '0000-00-00 00:00:00', '0000-00-00 00:00:00', '0000-00-00 00:00:00'),
(303354, 'SARI', 'KAMANG', '0', 2, '0000-00-00 00:00:00', '0000-00-00 00:00:00', '0000-00-00 00:00:00'),
(303355, 'SARI', 'KAMANG', '0', 2, '0000-00-00 00:00:00', '0000-00-00 00:00:00', '0000-00-00 00:00:00'),
(303356, 'RIVEL', 'MALORO', '0', 2, '0000-00-00 00:00:00', '0000-00-00 00:00:00', '0000-00-00 00:00:00'),
(303357, 'PALKO', 'SEI. LANSEK', '0', 2, '0000-00-00 00:00:00', '0000-00-00 00:00:00', '0000-00-00 00:00:00'),
(303358, 'DOLOK SAUR', 'DD PUNGGUL', '0', 0, '0000-00-00 00:00:00', '0000-00-00 00:00:00', '0000-00-00 00:00:00'),
(303359, 'aurel', 'marunggi', '0', 2, '0000-00-00 00:00:00', '0000-00-00 00:00:00', '0000-00-00 00:00:00'),
(303360, 'wati', 'koto tuo', '0', 2, '0000-00-00 00:00:00', '0000-00-00 00:00:00', '0000-00-00 00:00:00'),
(303361, 'dedy', 'parumpuang', '0', 2, '0000-00-00 00:00:00', '0000-00-00 00:00:00', '0000-00-00 00:00:00'),
(303362, 'hasbi', 'jln baiduri', '0', 2, '0000-00-00 00:00:00', '0000-00-00 00:00:00', '0000-00-00 00:00:00'),
(303363, 'rika', 'talang', '0', 2, '0000-00-00 00:00:00', '0000-00-00 00:00:00', '0000-00-00 00:00:00'),
(303364, 'yola', 'talang', '0', 2, '0000-00-00 00:00:00', '0000-00-00 00:00:00', '0000-00-00 00:00:00'),
(303365, 'asby', 'talang', '0', 2, '0000-00-00 00:00:00', '0000-00-00 00:00:00', '0000-00-00 00:00:00'),
(303366, 'des', 'sei beringn', '0', 2, '0000-00-00 00:00:00', '0000-00-00 00:00:00', '0000-00-00 00:00:00'),
(303368, 'NAJIN', 'koto bnagko', '0', 2, '0000-00-00 00:00:00', '0000-00-00 00:00:00', '0000-00-00 00:00:00'),
(303369, 'SON', 'cengkeh', '0', 2, '0000-00-00 00:00:00', '0000-00-00 00:00:00', '0000-00-00 00:00:00'),
(303370, 'NASRIL', 'kp. dalam', '0', 2, '0000-00-00 00:00:00', '0000-00-00 00:00:00', '0000-00-00 00:00:00'),
(303371, 'WIRA', 'translof', '0', 2, '0000-00-00 00:00:00', '0000-00-00 00:00:00', '0000-00-00 00:00:00'),
(303372, 'ANDI', 'translof', '0', 2, '0000-00-00 00:00:00', '0000-00-00 00:00:00', '0000-00-00 00:00:00'),
(303373, 'AS/AF', 'gaduik', '82170513694', 2, '0000-00-00 00:00:00', '0000-00-00 00:00:00', '0000-00-00 00:00:00'),
(303374, 'BEN', 'psr. pangkalan', '8126732269', 2, '0000-00-00 00:00:00', '0000-00-00 00:00:00', '0000-00-00 00:00:00'),
(303375, 'ADAM', 'tj. pati', '81374269168', 2, '0000-00-00 00:00:00', '0000-00-00 00:00:00', '0000-00-00 00:00:00'),
(303376, 'RIRIN', 'danguang danguang', '81363810003', 2, '0000-00-00 00:00:00', '0000-00-00 00:00:00', '0000-00-00 00:00:00'),
(303377, 'ZAL 2/ ANDRE', 'AIE TAJUN', '0', 2, '0000-00-00 00:00:00', '0000-00-00 00:00:00', '0000-00-00 00:00:00'),
(303378, '7 PUTRA', 'ketaping', '0', 2, '0000-00-00 00:00:00', '0000-00-00 00:00:00', '0000-00-00 00:00:00'),
(303379, 'SALMAN', 'katapiang', '0', 2, '0000-00-00 00:00:00', '0000-00-00 00:00:00', '0000-00-00 00:00:00'),
(303380, 'ERA', 'ps. usang', '0', 2, '0000-00-00 00:00:00', '0000-00-00 00:00:00', '0000-00-00 00:00:00'),
(303381, 'TATA', 'prit malintang', '0', 2, '0000-00-00 00:00:00', '0000-00-00 00:00:00', '0000-00-00 00:00:00'),
(303384, 'PERY', 'komp. tangah', '0', 2, '0000-00-00 00:00:00', '0000-00-00 00:00:00', '0000-00-00 00:00:00'),
(303385, 'YUDI', 'kamp.lintang', '0', 2, '0000-00-00 00:00:00', '0000-00-00 00:00:00', '0000-00-00 00:00:00'),
(303386, 'MONALISA', 'ps. pakan selasa', '0', 2, '0000-00-00 00:00:00', '0000-00-00 00:00:00', '0000-00-00 00:00:00'),
(303388, 'WAHID', 'sei. abu', '0', 2, '0000-00-00 00:00:00', '0000-00-00 00:00:00', '0000-00-00 00:00:00'),
(303389, 'RAFI', 'balun ke pekan rabaa', '0', 2, '0000-00-00 00:00:00', '0000-00-00 00:00:00', '0000-00-00 00:00:00'),
(303390, 'SALSA', 'sikumbang simp singintir', '0', 2, '0000-00-00 00:00:00', '0000-00-00 00:00:00', '0000-00-00 00:00:00'),
(303391, 'ROS', 'batang impuang', '0', 2, '0000-00-00 00:00:00', '0000-00-00 00:00:00', '0000-00-00 00:00:00'),
(303392, 'RILA', 'ps . ma labuh', '0', 2, '0000-00-00 00:00:00', '0000-00-00 00:00:00', '0000-00-00 00:00:00'),
(303393, 'WAFI', 'aie manyuruak', '0', 2, '0000-00-00 00:00:00', '0000-00-00 00:00:00', '0000-00-00 00:00:00'),
(303394, 'SEMOGA JAYA', 'taratak galundi', '0', 2, '0000-00-00 00:00:00', '0000-00-00 00:00:00', '0000-00-00 00:00:00'),
(303395, 'FITRAH', 'KP batu palam', '0', 2, '0000-00-00 00:00:00', '0000-00-00 00:00:00', '0000-00-00 00:00:00'),
(303396, 'ZORZ', 'JL. galagah', '0', 2, '0000-00-00 00:00:00', '0000-00-00 00:00:00', '0000-00-00 00:00:00'),
(303397, 'ZORA', 'JLgalagah', '0', 2, '0000-00-00 00:00:00', '0000-00-00 00:00:00', '0000-00-00 00:00:00'),
(303398, 'HINAYAH', 'SEI. nanam', '0', 2, '0000-00-00 00:00:00', '0000-00-00 00:00:00', '0000-00-00 00:00:00'),
(303399, 'PAK MAN', 'TANJUNG BALIK', '0', 2, '0000-00-00 00:00:00', '0000-00-00 00:00:00', '0000-00-00 00:00:00'),
(303401, 'MIZA', 'TJ balik', '0', 2, '0000-00-00 00:00:00', '0000-00-00 00:00:00', '0000-00-00 00:00:00'),
(303402, 'INTAN', 'PS tabiang', '0', 2, '0000-00-00 00:00:00', '0000-00-00 00:00:00', '0000-00-00 00:00:00'),
(303403, 'RIKO', 'tigo lurah', '0', 2, '0000-00-00 00:00:00', '0000-00-00 00:00:00', '0000-00-00 00:00:00'),
(303404, 'DA CUN', 'blok A piruko', '0', 2, '0000-00-00 00:00:00', '0000-00-00 00:00:00', '0000-00-00 00:00:00'),
(303405, 'ALDO', 'pessel', '0', 2, '0000-00-00 00:00:00', '0000-00-00 00:00:00', '0000-00-00 00:00:00'),
(303406, '3. saudara', 'kp jua', '0', 2, '0000-00-00 00:00:00', '0000-00-00 00:00:00', '0000-00-00 00:00:00'),
(303420, 'AMAR', 'MA BUNGO', '85156339099', 2, '0000-00-00 00:00:00', '0000-00-00 00:00:00', '0000-00-00 00:00:00'),
(303447, 'kontan deni', 'padang', '82374459394', 2, '0000-00-00 00:00:00', '0000-00-00 00:00:00', '0000-00-00 00:00:00'),
(303448, 'ARIF', 'DD SUKAMAJU', '0', 0, '0000-00-00 00:00:00', '0000-00-00 00:00:00', '0000-00-00 00:00:00'),
(303463, 'AMIR', 'KANDIS DD', '0', 0, '0000-00-00 00:00:00', '0000-00-00 00:00:00', '0000-00-00 00:00:00'),
(303487, 'okta weni', 'sei kalu 6', '0', 2, '0000-00-00 00:00:00', '0000-00-00 00:00:00', '0000-00-00 00:00:00'),
(303488, 'yusuf', 'tanjung balik', '0', 2, '0000-00-00 00:00:00', '0000-00-00 00:00:00', '0000-00-00 00:00:00'),
(303489, 'ade', 'ps baru padang aro', '0', 2, '0000-00-00 00:00:00', '0000-00-00 00:00:00', '0000-00-00 00:00:00'),
(303490, 'zikri', 'ps padang aro', '0', 2, '0000-00-00 00:00:00', '0000-00-00 00:00:00', '0000-00-00 00:00:00'),
(303491, 'nora', 'simp penti kayu', '0', 2, '0000-00-00 00:00:00', '0000-00-00 00:00:00', '0000-00-00 00:00:00'),
(303492, 'azmi', 'lintas liki', '0', 2, '0000-00-00 00:00:00', '0000-00-00 00:00:00', '0000-00-00 00:00:00'),
(303493, 'AIDIL', 'NARAS 1', '82390854113', 2, '0000-00-00 00:00:00', '0000-00-00 00:00:00', '0000-00-00 00:00:00'),
(303494, 'AJO BUYUNG', 'kasik putih', '81266525985', 2, '0000-00-00 00:00:00', '0000-00-00 00:00:00', '0000-00-00 00:00:00'),
(303495, 'feris', 'ps dei lansek', '0', 2, '0000-00-00 00:00:00', '0000-00-00 00:00:00', '0000-00-00 00:00:00'),
(303496, 'jariman', 'batu kariang', '0', 2, '0000-00-00 00:00:00', '0000-00-00 00:00:00', '0000-00-00 00:00:00'),
(303497, 'zahra', 'sikabau', '0', 2, '0000-00-00 00:00:00', '0000-00-00 00:00:00', '0000-00-00 00:00:00'),
(303498, 'yola', 'sei tambang/tambang baru', '0', 2, '0000-00-00 00:00:00', '0000-00-00 00:00:00', '0000-00-00 00:00:00'),
(303499, 'buk titik', 'ampang kamang', '0', 2, '0000-00-00 00:00:00', '0000-00-00 00:00:00', '0000-00-00 00:00:00'),
(303500, 'gihan', 'ranah macang', '0', 2, '0000-00-00 00:00:00', '0000-00-00 00:00:00', '0000-00-00 00:00:00'),
(303501, 'azi cell', 'sei hilangan', '0', 2, '0000-00-00 00:00:00', '0000-00-00 00:00:00', '0000-00-00 00:00:00'),
(303502, 'cindy', 'panyubarangan', '0', 2, '0000-00-00 00:00:00', '0000-00-00 00:00:00', '0000-00-00 00:00:00'),
(303503, 'RR mart', 'tebing tinggi', '0', 2, '0000-00-00 00:00:00', '0000-00-00 00:00:00', '0000-00-00 00:00:00'),
(303504, 'pandi', 'tebing tinggi', '0', 2, '0000-00-00 00:00:00', '0000-00-00 00:00:00', '0000-00-00 00:00:00'),
(303505, 'mbak ning', 'timpeh', '0', 2, '0000-00-00 00:00:00', '0000-00-00 00:00:00', '0000-00-00 00:00:00'),
(303506, '3 putra', 'panyubarangan', '0', 2, '0000-00-00 00:00:00', '0000-00-00 00:00:00', '0000-00-00 00:00:00'),
(303507, 'src ayu', 'panyubarangan', '0', 2, '0000-00-00 00:00:00', '0000-00-00 00:00:00', '0000-00-00 00:00:00'),
(303508, 'marvel', 'tanjung pauh', '0', 2, '0000-00-00 00:00:00', '0000-00-00 00:00:00', '0000-00-00 00:00:00'),
(303509, 'h. alif', 'muara paiti', '0', 2, '0000-00-00 00:00:00', '0000-00-00 00:00:00', '0000-00-00 00:00:00'),
(303510, 'ozik', 'tanjung pati', '0', 2, '0000-00-00 00:00:00', '0000-00-00 00:00:00', '0000-00-00 00:00:00'),
(303511, 'aini', 'jopang', '0', 2, '0000-00-00 00:00:00', '0000-00-00 00:00:00', '0000-00-00 00:00:00'),
(303512, '4 saudara', 'mungkat', '0', 2, '0000-00-00 00:00:00', '0000-00-00 00:00:00', '0000-00-00 00:00:00'),
(303513, 'andri cinto', 'taeh baruah', '81270897559', 2, '0000-00-00 00:00:00', '0000-00-00 00:00:00', '0000-00-00 00:00:00'),
(303514, 'fani', 'koto baru', '81266513153', 2, '0000-00-00 00:00:00', '0000-00-00 00:00:00', '0000-00-00 00:00:00'),
(303515, 'reza', 'sp. ketaping', '85364549898', 2, '0000-00-00 00:00:00', '0000-00-00 00:00:00', '0000-00-00 00:00:00'),
(303516, 'epi', 'dangung dangung', '81267749951', 2, '0000-00-00 00:00:00', '0000-00-00 00:00:00', '0000-00-00 00:00:00'),
(303517, 'fauzana', 'bhakie', '82285164595', 2, '0000-00-00 00:00:00', '0000-00-00 00:00:00', '0000-00-00 00:00:00'),
(303518, 'naufal', 'pulutan', '81375761576', 2, '0000-00-00 00:00:00', '0000-00-00 00:00:00', '0000-00-00 00:00:00'),
(303519, 'budi', 'bonai', '8116600428', 2, '0000-00-00 00:00:00', '0000-00-00 00:00:00', '0000-00-00 00:00:00'),
(303520, 'A&D adis & dewi', 'gaduik', '85263956245', 2, '0000-00-00 00:00:00', '0000-00-00 00:00:00', '0000-00-00 00:00:00'),
(303521, 'ongah', 'koto tuo aningka', '85278347872', 2, '0000-00-00 00:00:00', '0000-00-00 00:00:00', '0000-00-00 00:00:00'),
(303522, 'NN mart', 'sariak laweh', '85216911055', 2, '0000-00-00 00:00:00', '0000-00-00 00:00:00', '0000-00-00 00:00:00'),
(303523, 'afdal', 'tiaka', '82259217592', 2, '0000-00-00 00:00:00', '0000-00-00 00:00:00', '0000-00-00 00:00:00'),
(303524, 'adam', 'sari lamak katinggan', '81374269168', 2, '0000-00-00 00:00:00', '0000-00-00 00:00:00', '0000-00-00 00:00:00'),
(303525, 'harian kito', 'simalanggang', '8,13714E+11', 2, '0000-00-00 00:00:00', '0000-00-00 00:00:00', '0000-00-00 00:00:00'),
(303526, 'ari', 'situjuh lungkal', '8131066519', 2, '0000-00-00 00:00:00', '0000-00-00 00:00:00', '0000-00-00 00:00:00'),
(303527, 'Luen', 'situjuh', '8526390522', 2, '0000-00-00 00:00:00', '0000-00-00 00:00:00', '0000-00-00 00:00:00'),
(303528, 'JEJE', 'situjuh', '85274615374', 2, '0000-00-00 00:00:00', '0000-00-00 00:00:00', '0000-00-00 00:00:00'),
(303529, 'rita', 'kuranji', '81227674593', 2, '0000-00-00 00:00:00', '0000-00-00 00:00:00', '0000-00-00 00:00:00'),
(303530, 'LINDA', 'bhakie', '0', 2, '0000-00-00 00:00:00', '0000-00-00 00:00:00', '0000-00-00 00:00:00'),
(303531, 'silvana', 'balai talang', '0', 2, '0000-00-00 00:00:00', '0000-00-00 00:00:00', '0000-00-00 00:00:00'),
(303532, 'asyifa', 'koto tinggi', '81266551403', 2, '0000-00-00 00:00:00', '0000-00-00 00:00:00', '0000-00-00 00:00:00'),
(303533, 'alif', 'padang tinggi', '82173183691', 2, '0000-00-00 00:00:00', '0000-00-00 00:00:00', '0000-00-00 00:00:00'),
(303534, 'leni', 'seberang air', '85376029123', 2, '0000-00-00 00:00:00', '0000-00-00 00:00:00', '0000-00-00 00:00:00'),
(303535, 'mia chaniago', 'padang batang', '82383637522', 2, '0000-00-00 00:00:00', '0000-00-00 00:00:00', '0000-00-00 00:00:00'),
(303536, 'ha,mzah', 'talang maur', '85274758028', 2, '0000-00-00 00:00:00', '0000-00-00 00:00:00', '0000-00-00 00:00:00'),
(303537, 'hamzah', 'talang maur', '85274758028', 2, '0000-00-00 00:00:00', '0000-00-00 00:00:00', '0000-00-00 00:00:00'),
(303538, 'doris', 'talang maur', '82275567276', 2, '0000-00-00 00:00:00', '0000-00-00 00:00:00', '0000-00-00 00:00:00'),
(303539, 'zaza', 'talang', '0', 2, '0000-00-00 00:00:00', '0000-00-00 00:00:00', '0000-00-00 00:00:00'),
(303540, 'awi cell', 'koto nan IV', '0', 2, '0000-00-00 00:00:00', '0000-00-00 00:00:00', '0000-00-00 00:00:00'),
(303541, 'zaren', 'batu hampa', '0', 2, '0000-00-00 00:00:00', '0000-00-00 00:00:00', '0000-00-00 00:00:00'),
(303542, 'nila', 'sariak laweh', '82268879675', 2, '0000-00-00 00:00:00', '0000-00-00 00:00:00', '0000-00-00 00:00:00'),
(303543, 'mestina', 'sariak laweh', '0', 2, '0000-00-00 00:00:00', '0000-00-00 00:00:00', '0000-00-00 00:00:00'),
(303544, 'rosna', 'sariak laweh', '81265251879', 2, '0000-00-00 00:00:00', '0000-00-00 00:00:00', '0000-00-00 00:00:00'),
(303545, 'rika', 'balai mansyiro', '81393390771', 2, '0000-00-00 00:00:00', '0000-00-00 00:00:00', '0000-00-00 00:00:00'),
(303546, 'SON', 'tiaka', '82210698070', 2, '0000-00-00 00:00:00', '0000-00-00 00:00:00', '0000-00-00 00:00:00'),
(303547, 'NR wadafi', 'sp 3 sariak laweh', '82389212060', 2, '0000-00-00 00:00:00', '0000-00-00 00:00:00', '0000-00-00 00:00:00'),
(303548, 'asami', 'simpang sigiran', '82382371910', 2, '0000-00-00 00:00:00', '0000-00-00 00:00:00', '0000-00-00 00:00:00'),
(303549, 'NUR', 'sariak laweh', '0', 2, '0000-00-00 00:00:00', '0000-00-00 00:00:00', '0000-00-00 00:00:00'),
(303550, 'viona', 'sp 3 sariak laweh', '82169152466', 2, '0000-00-00 00:00:00', '0000-00-00 00:00:00', '0000-00-00 00:00:00'),
(303551, 'yai', 'sariak laweh', '81374024820', 2, '0000-00-00 00:00:00', '0000-00-00 00:00:00', '0000-00-00 00:00:00'),
(303552, 'putri kembar', 'sp sigiran', '0', 2, '0000-00-00 00:00:00', '0000-00-00 00:00:00', '0000-00-00 00:00:00'),
(303553, 'epit', 'sp sigiran', '0', 2, '0000-00-00 00:00:00', '0000-00-00 00:00:00', '0000-00-00 00:00:00'),
(303554, 'adi', 'sp sigiran', '0', 2, '0000-00-00 00:00:00', '0000-00-00 00:00:00', '0000-00-00 00:00:00'),
(303555, 'JR bintang', 'suayan', '0', 2, '0000-00-00 00:00:00', '0000-00-00 00:00:00', '0000-00-00 00:00:00'),
(303556, '3 dara', 'piladang', '82172990984', 2, '0000-00-00 00:00:00', '0000-00-00 00:00:00', '0000-00-00 00:00:00'),
(303557, 'tesa', 'situjuh sp 3', '85353537822', 2, '0000-00-00 00:00:00', '0000-00-00 00:00:00', '0000-00-00 00:00:00'),
(303558, 'qwin', 'padang tinggi', '82389374465', 2, '0000-00-00 00:00:00', '0000-00-00 00:00:00', '0000-00-00 00:00:00'),
(303559, 'joni', 'bukik bulek', '81374348663', 2, '0000-00-00 00:00:00', '0000-00-00 00:00:00', '0000-00-00 00:00:00'),
(303560, 'DT mangguang', 'tanjuang bungo', '85265257291', 2, '0000-00-00 00:00:00', '0000-00-00 00:00:00', '0000-00-00 00:00:00'),
(303561, 'hj rosni', 'tanjung bungo', '81274291579', 2, '0000-00-00 00:00:00', '0000-00-00 00:00:00', '0000-00-00 00:00:00'),
(303562, 'vina', 'sialang', '85272117090', 2, '0000-00-00 00:00:00', '0000-00-00 00:00:00', '0000-00-00 00:00:00'),
(303563, 'salsa', 'taratak kubang', '81266090578', 2, '0000-00-00 00:00:00', '0000-00-00 00:00:00', '0000-00-00 00:00:00'),
(303564, 'farida', 'taratak', '81374501620', 2, '0000-00-00 00:00:00', '0000-00-00 00:00:00', '0000-00-00 00:00:00'),
(303565, 'MET', 'suliki', '81363838312', 2, '0000-00-00 00:00:00', '0000-00-00 00:00:00', '0000-00-00 00:00:00'),
(303566, 'eni', 'banjar banjar lawas', '82386719201', 2, '0000-00-00 00:00:00', '0000-00-00 00:00:00', '0000-00-00 00:00:00'),
(303567, 'ema', 'andiang', '85397997322', 2, '0000-00-00 00:00:00', '0000-00-00 00:00:00', '0000-00-00 00:00:00'),
(303568, 'rehan', 'andiang', '85263109496', 2, '0000-00-00 00:00:00', '0000-00-00 00:00:00', '0000-00-00 00:00:00'),
(303569, 'aji & sifa', 'andiang', '85272938585', 2, '0000-00-00 00:00:00', '0000-00-00 00:00:00', '0000-00-00 00:00:00'),
(303570, 'alam', 'baruah limbanang', '82174681728', 2, '0000-00-00 00:00:00', '0000-00-00 00:00:00', '0000-00-00 00:00:00'),
(303571, 'inel', 'sp. andiang', '82389212071', 2, '0000-00-00 00:00:00', '0000-00-00 00:00:00', '0000-00-00 00:00:00'),
(303572, 'salsa', 'balai talang', '82385721009', 2, '0000-00-00 00:00:00', '0000-00-00 00:00:00', '0000-00-00 00:00:00'),
(303573, 'gafar', 'balai talang', '82284124268', 2, '0000-00-00 00:00:00', '0000-00-00 00:00:00', '0000-00-00 00:00:00'),
(303574, 'mubarak', 'talang', '82170913116', 2, '0000-00-00 00:00:00', '0000-00-00 00:00:00', '0000-00-00 00:00:00'),
(303575, 'ataila', 'balai talang', '85263942223', 2, '0000-00-00 00:00:00', '0000-00-00 00:00:00', '0000-00-00 00:00:00'),
(303576, 'yet', 'balai jariang', '8,22974E+11', 2, '0000-00-00 00:00:00', '0000-00-00 00:00:00', '0000-00-00 00:00:00'),
(303577, 'kontan hafidh', 'dharmasraya', '0', 2, '0000-00-00 00:00:00', '0000-00-00 00:00:00', '0000-00-00 00:00:00'),
(303578, 'haikal', 'desa baru', '0', 2, '0000-00-00 00:00:00', '0000-00-00 00:00:00', '0000-00-00 00:00:00'),
(303579, 'arsyad', 'salido ketek', '0', 2, '0000-00-00 00:00:00', '0000-00-00 00:00:00', '0000-00-00 00:00:00'),
(303580, 'aldi', 'batang kapas', '0', 2, '0000-00-00 00:00:00', '0000-00-00 00:00:00', '0000-00-00 00:00:00'),
(303581, 'kontan wance', 'payukumbuh', '0', 2, '0000-00-00 00:00:00', '0000-00-00 00:00:00', '0000-00-00 00:00:00'),
(303590, 'PURWOTA', 'KOTA BARU', '0', 0, '0000-00-00 00:00:00', '0000-00-00 00:00:00', '0000-00-00 00:00:00'),
(303591, 'WAIDUN', 'KOTA BARU', '0', 0, '0000-00-00 00:00:00', '0000-00-00 00:00:00', '0000-00-00 00:00:00'),
(303592, 'SITI', 'KOTA BARU', '0', 0, '0000-00-00 00:00:00', '0000-00-00 00:00:00', '0000-00-00 00:00:00'),
(303593, 'MONIKA', 'KOTA BARU', '0', 0, '0000-00-00 00:00:00', '0000-00-00 00:00:00', '0000-00-00 00:00:00'),
(303600, 'JONSON', 'SP 5 DUMAI', '0', 0, '0000-00-00 00:00:00', '0000-00-00 00:00:00', '0000-00-00 00:00:00'),
(303616, 'man', 'tanjung balik', '0', 2, '0000-00-00 00:00:00', '0000-00-00 00:00:00', '0000-00-00 00:00:00'),
(303617, 'MAN', 'TANJUNG BALIK', '0', 2, '0000-00-00 00:00:00', '0000-00-00 00:00:00', '0000-00-00 00:00:00'),
(303618, 'DENI', 'lintas pakan rabaa', '0', 2, '0000-00-00 00:00:00', '0000-00-00 00:00:00', '0000-00-00 00:00:00'),
(303619, 'ida', 'tempatiah', '0', 2, '0000-00-00 00:00:00', '0000-00-00 00:00:00', '0000-00-00 00:00:00'),
(303622, 'iwan', 'pa. surian', '0', 2, '0000-00-00 00:00:00', '0000-00-00 00:00:00', '0000-00-00 00:00:00'),
(303623, 'adi', 'padang aro', '0', 2, '0000-00-00 00:00:00', '0000-00-00 00:00:00', '0000-00-00 00:00:00'),
(303625, 'jimmy', 'simp. tambang pl,aro', '0', 2, '0000-00-00 00:00:00', '0000-00-00 00:00:00', '0000-00-00 00:00:00'),
(303627, 'bayang wisata', 'simp. talaok', '0', 2, '0000-00-00 00:00:00', '0000-00-00 00:00:00', '0000-00-00 00:00:00'),
(303628, 'yusminar', 'asam kumbang', '0', 2, '0000-00-00 00:00:00', '0000-00-00 00:00:00', '0000-00-00 00:00:00'),
(303629, 'iben', 'lubuk nyiur', '0', 2, '0000-00-00 00:00:00', '0000-00-00 00:00:00', '0000-00-00 00:00:00'),
(303630, 'zakiah', 'sei. nyalo', '0', 2, '0000-00-00 00:00:00', '0000-00-00 00:00:00', '0000-00-00 00:00:00'),
(303644, 'ERA', 'simp. tanjung', '0', 2, '0000-00-00 00:00:00', '0000-00-00 00:00:00', '0000-00-00 00:00:00'),
(303645, 'era', 'pauh sicincin', '0', 2, '0000-00-00 00:00:00', '0000-00-00 00:00:00', '0000-00-00 00:00:00'),
(303646, 'susi perin', 'koto mambang', '0', 2, '0000-00-00 00:00:00', '0000-00-00 00:00:00', '0000-00-00 00:00:00'),
(303647, 'lismaniar', 'sp. PT mutiara agam', '0', 2, '0000-00-00 00:00:00', '0000-00-00 00:00:00', '0000-00-00 00:00:00'),
(303648, 'yopi', 'ps. tiku', '0', 2, '0000-00-00 00:00:00', '0000-00-00 00:00:00', '0000-00-00 00:00:00'),
(303649, 'h. inal', 'padang rungga', '0', 2, '0000-00-00 00:00:00', '0000-00-00 00:00:00', '0000-00-00 00:00:00'),
(303650, 'budi', 'ap. gudang', '0', 2, '0000-00-00 00:00:00', '0000-00-00 00:00:00', '0000-00-00 00:00:00'),
(303651, 'nova', 'ps. batu kambing', '0', 2, '0000-00-00 00:00:00', '0000-00-00 00:00:00', '0000-00-00 00:00:00'),
(303652, 'src anto', 'batu kambing', '0', 2, '0000-00-00 00:00:00', '0000-00-00 00:00:00', '0000-00-00 00:00:00'),
(303653, 'edison', 'sei. jariang', '0', 2, '0000-00-00 00:00:00', '0000-00-00 00:00:00', '0000-00-00 00:00:00'),
(303654, 'dedi', 'balai salasa', '0', 2, '0000-00-00 00:00:00', '0000-00-00 00:00:00', '0000-00-00 00:00:00'),
(303655, 'yus', 'sp. gudang', '0', 2, '0000-00-00 00:00:00', '0000-00-00 00:00:00', '0000-00-00 00:00:00'),
(303656, 'rezki', 'padang sibalungkiang', '0', 2, '0000-00-00 00:00:00', '0000-00-00 00:00:00', '0000-00-00 00:00:00'),
(303657, 'leni', 'sp. koto bawang', '0', 2, '0000-00-00 00:00:00', '0000-00-00 00:00:00', '0000-00-00 00:00:00'),
(303658, 'sws rika', 'sp. puduang', '0', 2, '0000-00-00 00:00:00', '0000-00-00 00:00:00', '0000-00-00 00:00:00'),
(303659, 'toni', 'sp. bawan tuo', '0', 2, '0000-00-00 00:00:00', '0000-00-00 00:00:00', '0000-00-00 00:00:00'),
(303660, 'andre', 'kayu pasak', '0', 2, '0000-00-00 00:00:00', '0000-00-00 00:00:00', '0000-00-00 00:00:00'),
(303661, 'rafael', 'sp. bukit apung', '0', 2, '0000-00-00 00:00:00', '0000-00-00 00:00:00', '0000-00-00 00:00:00'),
(303662, 'bu anis', 'pasir baru', '0', 2, '0000-00-00 00:00:00', '0000-00-00 00:00:00', '0000-00-00 00:00:00'),
(303663, 'yulisa', 'tiku', '0', 2, '0000-00-00 00:00:00', '0000-00-00 00:00:00', '0000-00-00 00:00:00'),
(303664, 'semoga berkah', 'trans', '0', 2, '0000-00-00 00:00:00', '0000-00-00 00:00:00', '0000-00-00 00:00:00'),
(303665, 'cinto anugrah', 'koto alam', '0', 2, '0000-00-00 00:00:00', '0000-00-00 00:00:00', '0000-00-00 00:00:00'),
(303666, 'razkia', 'tiku', '0', 2, '0000-00-00 00:00:00', '0000-00-00 00:00:00', '0000-00-00 00:00:00'),
(303667, 'bunga abadi', 'kp talang bawan', '0', 2, '0000-00-00 00:00:00', '0000-00-00 00:00:00', '0000-00-00 00:00:00'),
(303668, 'jein', 'sikulur', '0', 2, '0000-00-00 00:00:00', '0000-00-00 00:00:00', '0000-00-00 00:00:00'),
(303669, '5 putra', 'sei. rantih', '0', 2, '0000-00-00 00:00:00', '0000-00-00 00:00:00', '0000-00-00 00:00:00'),
(303670, 'evi', 'ps baru', '0', 2, '0000-00-00 00:00:00', '0000-00-00 00:00:00', '0000-00-00 00:00:00'),
(303671, 'man', 'tabiang', '0', 2, '0000-00-00 00:00:00', '0000-00-00 00:00:00', '0000-00-00 00:00:00'),
(303672, 'rezi', 'JL. raya balai gadang', '0', 2, '0000-00-00 00:00:00', '0000-00-00 00:00:00', '0000-00-00 00:00:00'),
(303673, 'anis', 'JL. raya gadang', '0', 2, '0000-00-00 00:00:00', '0000-00-00 00:00:00', '0000-00-00 00:00:00'),
(303674, 'arif', 'sei. bangek', '0', 2, '0000-00-00 00:00:00', '0000-00-00 00:00:00', '0000-00-00 00:00:00'),
(303675, 'nayana', 'lubuk minturun', '0', 2, '0000-00-00 00:00:00', '0000-00-00 00:00:00', '0000-00-00 00:00:00'),
(303676, 'sadar', 'JL. pasir jambak', '0', 2, '0000-00-00 00:00:00', '0000-00-00 00:00:00', '0000-00-00 00:00:00'),
(303677, 'khairi', 'JL. pasir jambak', '0', 2, '0000-00-00 00:00:00', '0000-00-00 00:00:00', '0000-00-00 00:00:00'),
(303678, 'sherdik', 'JL. pasir jambak', '0', 2, '0000-00-00 00:00:00', '0000-00-00 00:00:00', '0000-00-00 00:00:00'),
(303679, 'abdul sahid', 'simp. brimob', '0', 2, '0000-00-00 00:00:00', '0000-00-00 00:00:00', '0000-00-00 00:00:00'),
(303680, 'yuli', 'air dingin', '0', 2, '0000-00-00 00:00:00', '0000-00-00 00:00:00', '0000-00-00 00:00:00'),
(303681, 'kontan eko', 'padang', '0', 2, '0000-00-00 00:00:00', '0000-00-00 00:00:00', '0000-00-00 00:00:00'),
(303682, 'wit', 'sitiung', '0', 2, '0000-00-00 00:00:00', '0000-00-00 00:00:00', '0000-00-00 00:00:00'),
(303683, 'da ir', 'sitiung', '0', 2, '0000-00-00 00:00:00', '0000-00-00 00:00:00', '0000-00-00 00:00:00'),
(303684, 'tika', 'sitiung', '0', 2, '0000-00-00 00:00:00', '0000-00-00 00:00:00', '0000-00-00 00:00:00'),
(303685, 'familly mart', 'batang kariang', '0', 2, '0000-00-00 00:00:00', '0000-00-00 00:00:00', '0000-00-00 00:00:00'),
(303686, 'pilar tani abdi', 'timpeh 6', '0', 2, '0000-00-00 00:00:00', '0000-00-00 00:00:00', '0000-00-00 00:00:00'),
(303688, 'kholis', 'maloro 2', '0', 2, '0000-00-00 00:00:00', '0000-00-00 00:00:00', '0000-00-00 00:00:00'),
(303689, 'risquna', 'simp. kamang', '0', 2, '0000-00-00 00:00:00', '0000-00-00 00:00:00', '0000-00-00 00:00:00'),
(303690, 'DILAN', 'TLK BERINGIN JAYA', '0', 0, '0000-00-00 00:00:00', '0000-00-00 00:00:00', '0000-00-00 00:00:00'),
(303692, 'apis', 'sei. dareh', '0', 2, '0000-00-00 00:00:00', '0000-00-00 00:00:00', '0000-00-00 00:00:00'),
(303693, '2 putra', 'pisang rebus', '0', 2, '0000-00-00 00:00:00', '0000-00-00 00:00:00', '0000-00-00 00:00:00'),
(303694, 'santi', 'tebing tinngi', '0', 2, '0000-00-00 00:00:00', '0000-00-00 00:00:00', '0000-00-00 00:00:00'),
(303695, 'ayu', 'banjar laweh', '0', 2, '0000-00-00 00:00:00', '0000-00-00 00:00:00', '0000-00-00 00:00:00'),
(303696, 'DT siri', 'guntung', '0', 2, '0000-00-00 00:00:00', '0000-00-00 00:00:00', '0000-00-00 00:00:00'),
(303697, 'ari', 'koto tangah', '0', 2, '0000-00-00 00:00:00', '0000-00-00 00:00:00', '0000-00-00 00:00:00'),
(303698, 'doni', 'koto tangah', '0', 2, '0000-00-00 00:00:00', '0000-00-00 00:00:00', '0000-00-00 00:00:00'),
(303699, 'alam', 'andiang', '0', 2, '0000-00-00 00:00:00', '0000-00-00 00:00:00', '0000-00-00 00:00:00'),
(303700, 'rehan', 'andiang', '0', 2, '0000-00-00 00:00:00', '0000-00-00 00:00:00', '0000-00-00 00:00:00'),
(303701, 'rendi', 'sialang', '0', 2, '0000-00-00 00:00:00', '0000-00-00 00:00:00', '0000-00-00 00:00:00'),
(303702, 'ujang', 'ps. koto tangah', '0', 2, '0000-00-00 00:00:00', '0000-00-00 00:00:00', '0000-00-00 00:00:00'),
(303703, 'peni', 'batu bauk', '0', 2, '0000-00-00 00:00:00', '0000-00-00 00:00:00', '0000-00-00 00:00:00'),
(303704, 'HJ,. rosni', 'tj. bungo', '0', 2, '0000-00-00 00:00:00', '0000-00-00 00:00:00', '0000-00-00 00:00:00'),
(303705, 'neneng', 'sariak laweh', '0', 2, '0000-00-00 00:00:00', '0000-00-00 00:00:00', '0000-00-00 00:00:00'),
(303706, 'almi', 'sariak laweh', '0', 2, '0000-00-00 00:00:00', '0000-00-00 00:00:00', '0000-00-00 00:00:00'),
(303707, 'nila', 'sariak laweh', '0', 2, '0000-00-00 00:00:00', '0000-00-00 00:00:00', '0000-00-00 00:00:00'),
(303708, 'mustika', 'sariak laweh', '0', 2, '0000-00-00 00:00:00', '0000-00-00 00:00:00', '0000-00-00 00:00:00'),
(303709, 'iwar', 'padang kandih', '0', 2, '0000-00-00 00:00:00', '0000-00-00 00:00:00', '0000-00-00 00:00:00'),
(303710, 'rafi', 'padang kandih', '0', 2, '0000-00-00 00:00:00', '0000-00-00 00:00:00', '0000-00-00 00:00:00'),
(303711, 'roza', 'padang kandih', '0', 2, '0000-00-00 00:00:00', '0000-00-00 00:00:00', '0000-00-00 00:00:00'),
(303712, 'zaren', 'batu hampa', '0', 2, '0000-00-00 00:00:00', '0000-00-00 00:00:00', '0000-00-00 00:00:00'),
(303713, 'rika', 'jopang mangganti', '0', 2, '0000-00-00 00:00:00', '0000-00-00 00:00:00', '0000-00-00 00:00:00'),
(303714, 'putri', 'situjuh', '0', 2, '0000-00-00 00:00:00', '0000-00-00 00:00:00', '0000-00-00 00:00:00'),
(303715, 'ardana', 'situjuh', '0', 2, '0000-00-00 00:00:00', '0000-00-00 00:00:00', '0000-00-00 00:00:00'),
(303716, 'gita', 'situjuh', '0', 2, '0000-00-00 00:00:00', '0000-00-00 00:00:00', '0000-00-00 00:00:00'),
(303717, 'melani', 'situjuh', '0', 2, '0000-00-00 00:00:00', '0000-00-00 00:00:00', '0000-00-00 00:00:00'),
(303718, 'meri', 'situjuh', '0', 2, '0000-00-00 00:00:00', '0000-00-00 00:00:00', '0000-00-00 00:00:00'),
(303719, 'aira', 'situjuh', '0', 2, '0000-00-00 00:00:00', '0000-00-00 00:00:00', '0000-00-00 00:00:00'),
(303720, 'datuk kampung', 'tj. alam', '0', 2, '0000-00-00 00:00:00', '0000-00-00 00:00:00', '0000-00-00 00:00:00'),
(303721, 'dona 2', 'situjuh', '0', 2, '0000-00-00 00:00:00', '0000-00-00 00:00:00', '0000-00-00 00:00:00'),
(303722, 'des', 'situjuh', '0', 2, '0000-00-00 00:00:00', '0000-00-00 00:00:00', '0000-00-00 00:00:00'),
(303723, 'yajaya', 'situjuh', '0', 2, '0000-00-00 00:00:00', '0000-00-00 00:00:00', '0000-00-00 00:00:00'),
(303724, 'desi', 'ampalu', '0', 2, '0000-00-00 00:00:00', '0000-00-00 00:00:00', '0000-00-00 00:00:00'),
(303725, 'ibra', 'ampalu', '0', 2, '0000-00-00 00:00:00', '0000-00-00 00:00:00', '0000-00-00 00:00:00'),
(303726, 'adel', 'ampalu', '0', 2, '0000-00-00 00:00:00', '0000-00-00 00:00:00', '0000-00-00 00:00:00'),
(303727, 'pak sudi', 'situjuh', '0', 2, '0000-00-00 00:00:00', '0000-00-00 00:00:00', '0000-00-00 00:00:00'),
(303728, 'sahilal', 'ampalu', '0', 2, '0000-00-00 00:00:00', '0000-00-00 00:00:00', '0000-00-00 00:00:00'),
(303729, 'rani', 'ampalu', '0', 2, '0000-00-00 00:00:00', '0000-00-00 00:00:00', '0000-00-00 00:00:00'),
(303730, 'wulan', 'ampalu', '0', 2, '0000-00-00 00:00:00', '0000-00-00 00:00:00', '0000-00-00 00:00:00'),
(303731, 'zio', 'ampalu', '0', 2, '0000-00-00 00:00:00', '0000-00-00 00:00:00', '0000-00-00 00:00:00'),
(303732, 'qiara', 'tj. pauh', '0', 2, '0000-00-00 00:00:00', '0000-00-00 00:00:00', '0000-00-00 00:00:00'),
(303733, 'aji pangestu', 'tj. pauh', '0', 2, '0000-00-00 00:00:00', '0000-00-00 00:00:00', '0000-00-00 00:00:00'),
(303734, 'ipin', 'ampalu', '0', 2, '0000-00-00 00:00:00', '0000-00-00 00:00:00', '0000-00-00 00:00:00'),
(303735, 'intan', 'ampalu mangunai', '0', 2, '0000-00-00 00:00:00', '0000-00-00 00:00:00', '0000-00-00 00:00:00'),
(303736, 'dea', 'tj. pauh', '0', 2, '0000-00-00 00:00:00', '0000-00-00 00:00:00', '0000-00-00 00:00:00'),
(303737, 'wido', 'lubuk alai', '0', 2, '0000-00-00 00:00:00', '0000-00-00 00:00:00', '0000-00-00 00:00:00'),
(303738, 'ina iwan', 'manggilang', '0', 2, '0000-00-00 00:00:00', '0000-00-00 00:00:00', '0000-00-00 00:00:00'),
(303739, 'ide nono', 'manggilang', '0', 2, '0000-00-00 00:00:00', '0000-00-00 00:00:00', '0000-00-00 00:00:00'),
(303740, 'fais', 'koto alam', '0', 2, '0000-00-00 00:00:00', '0000-00-00 00:00:00', '0000-00-00 00:00:00'),
(303741, 'ida', 'koto alam', '0', 2, '0000-00-00 00:00:00', '0000-00-00 00:00:00', '0000-00-00 00:00:00'),
(303742, 'esi', 'koyo alam', '0', 2, '0000-00-00 00:00:00', '0000-00-00 00:00:00', '0000-00-00 00:00:00'),
(303743, 'taufik', 'koto alam', '0', 2, '0000-00-00 00:00:00', '0000-00-00 00:00:00', '0000-00-00 00:00:00'),
(303744, 'yuhardi', 'koto alam', '0', 2, '0000-00-00 00:00:00', '0000-00-00 00:00:00', '0000-00-00 00:00:00'),
(303745, 'sp3 belakang', 'kuranji', '0', 2, '0000-00-00 00:00:00', '0000-00-00 00:00:00', '0000-00-00 00:00:00'),
(303746, 'irfan', 'kuranji', '0', 2, '0000-00-00 00:00:00', '0000-00-00 00:00:00', '0000-00-00 00:00:00'),
(303747, 'nanda', 'kuranji', '0', 2, '0000-00-00 00:00:00', '0000-00-00 00:00:00', '0000-00-00 00:00:00'),
(303748, 'roza', 'kuranji', '0', 2, '0000-00-00 00:00:00', '0000-00-00 00:00:00', '0000-00-00 00:00:00'),
(303749, 'hasan', 'kuranji', '0', 2, '0000-00-00 00:00:00', '0000-00-00 00:00:00', '0000-00-00 00:00:00'),
(303750, 'arnon', 'sp 3 belakang', '0', 2, '0000-00-00 00:00:00', '0000-00-00 00:00:00', '0000-00-00 00:00:00');
INSERT INTO `customer` (`id_customer`, `nama_customer`, `alamat_customer`, `no_hp_customer`, `id_branch`, `created_at`, `updated_at`, `deleted_at`) VALUES
(303751, 'uwo', 'kampung tengah', '0', 2, '0000-00-00 00:00:00', '0000-00-00 00:00:00', '0000-00-00 00:00:00'),
(303752, 'nasri', 'mungka', '0', 2, '0000-00-00 00:00:00', '0000-00-00 00:00:00', '0000-00-00 00:00:00'),
(303753, 'jun', 'kuranji', '0', 2, '0000-00-00 00:00:00', '0000-00-00 00:00:00', '0000-00-00 00:00:00'),
(303754, 'rita', 'sp 3 kuranji', '0', 2, '0000-00-00 00:00:00', '0000-00-00 00:00:00', '0000-00-00 00:00:00'),
(303755, 'zhakira', 'kamoung tengah', '0', 2, '0000-00-00 00:00:00', '0000-00-00 00:00:00', '0000-00-00 00:00:00'),
(303756, 'liza', 'labuah lintang', '0', 2, '0000-00-00 00:00:00', '0000-00-00 00:00:00', '0000-00-00 00:00:00'),
(303757, 'lejiah', 'talang', '0', 2, '0000-00-00 00:00:00', '0000-00-00 00:00:00', '0000-00-00 00:00:00'),
(303758, 'vivi', 'talang', '0', 2, '0000-00-00 00:00:00', '0000-00-00 00:00:00', '0000-00-00 00:00:00'),
(303759, 'aqila', 'talang', '0', 2, '0000-00-00 00:00:00', '0000-00-00 00:00:00', '0000-00-00 00:00:00'),
(303760, 'aini', 'gurun', '0', 2, '0000-00-00 00:00:00', '0000-00-00 00:00:00', '0000-00-00 00:00:00'),
(303761, 'habibie', 'talang', '0', 2, '0000-00-00 00:00:00', '0000-00-00 00:00:00', '0000-00-00 00:00:00'),
(303762, 'bunaya', 'talang', '0', 2, '0000-00-00 00:00:00', '0000-00-00 00:00:00', '0000-00-00 00:00:00'),
(303763, 'amelia', 'parumpuang', '0', 2, '0000-00-00 00:00:00', '0000-00-00 00:00:00', '0000-00-00 00:00:00'),
(303764, 'bunda RR', 'gurun', '0', 2, '0000-00-00 00:00:00', '0000-00-00 00:00:00', '0000-00-00 00:00:00'),
(303765, 'roza', 'sei. beringin', '0', 2, '0000-00-00 00:00:00', '0000-00-00 00:00:00', '0000-00-00 00:00:00'),
(303766, 'abak', 'gurun', '0', 2, '0000-00-00 00:00:00', '0000-00-00 00:00:00', '0000-00-00 00:00:00'),
(303767, 'ani', 'gando', '0', 2, '0000-00-00 00:00:00', '0000-00-00 00:00:00', '0000-00-00 00:00:00'),
(303768, 'rozi', 'gurun', '0', 2, '0000-00-00 00:00:00', '0000-00-00 00:00:00', '0000-00-00 00:00:00'),
(303769, 'adam', 'sariak laweh', '0', 2, '0000-00-00 00:00:00', '0000-00-00 00:00:00', '0000-00-00 00:00:00'),
(303770, 'fajri', 'muara paiti', '0', 2, '0000-00-00 00:00:00', '0000-00-00 00:00:00', '0000-00-00 00:00:00'),
(303771, 'OS', 'landai', '0', 2, '0000-00-00 00:00:00', '0000-00-00 00:00:00', '0000-00-00 00:00:00'),
(303772, 'netis', 'solok bio bio', '0', 2, '0000-00-00 00:00:00', '0000-00-00 00:00:00', '0000-00-00 00:00:00'),
(303773, 'wati( ummy )', 'koto tuo', '0', 2, '0000-00-00 00:00:00', '0000-00-00 00:00:00', '0000-00-00 00:00:00'),
(303774, 'wati( ummy )', 'koto tuo', '0', 2, '0000-00-00 00:00:00', '0000-00-00 00:00:00', '0000-00-00 00:00:00'),
(303775, 'madian', 'tabak panjang', '0', 2, '0000-00-00 00:00:00', '0000-00-00 00:00:00', '0000-00-00 00:00:00'),
(303776, 'kya', 'silaok sei. antua', '0', 2, '0000-00-00 00:00:00', '0000-00-00 00:00:00', '0000-00-00 00:00:00'),
(303777, 'baim', 'tj. pati', '0', 2, '0000-00-00 00:00:00', '0000-00-00 00:00:00', '0000-00-00 00:00:00'),
(303778, 'fani', 'koto baru', '0', 2, '0000-00-00 00:00:00', '0000-00-00 00:00:00', '0000-00-00 00:00:00'),
(303779, 'IRBI', 'TJ. PATI', '0', 2, '0000-00-00 00:00:00', '0000-00-00 00:00:00', '0000-00-00 00:00:00'),
(303780, 'fino', 'koto baru', '0', 2, '0000-00-00 00:00:00', '0000-00-00 00:00:00', '0000-00-00 00:00:00'),
(303781, 'amanda', 'koto baru', '0', 2, '0000-00-00 00:00:00', '0000-00-00 00:00:00', '0000-00-00 00:00:00'),
(303783, 'rinti', 'situjuh', '0', 2, '0000-00-00 00:00:00', '0000-00-00 00:00:00', '0000-00-00 00:00:00'),
(303784, 'eti', 'situjuh', '0', 2, '0000-00-00 00:00:00', '0000-00-00 00:00:00', '0000-00-00 00:00:00'),
(303785, 'anton', 'subarang air', '0', 2, '0000-00-00 00:00:00', '0000-00-00 00:00:00', '0000-00-00 00:00:00'),
(303786, 'aina', 'gurun', '0', 2, '0000-00-00 00:00:00', '0000-00-00 00:00:00', '0000-00-00 00:00:00'),
(303792, 'rino', 'koto baru', '0', 2, '0000-00-00 00:00:00', '0000-00-00 00:00:00', '0000-00-00 00:00:00'),
(303793, 'sas', 'pangkalan', '0', 2, '0000-00-00 00:00:00', '0000-00-00 00:00:00', '0000-00-00 00:00:00'),
(303794, 'iwit', 'TJ.pati', '0', 2, '0000-00-00 00:00:00', '0000-00-00 00:00:00', '0000-00-00 00:00:00'),
(303837, 'hayati mandiri', 'sontang', '82358872588', 2, '0000-00-00 00:00:00', '0000-00-00 00:00:00', '0000-00-00 00:00:00'),
(303838, 'rahel', 'ps. cubadak', '82391666160', 2, '0000-00-00 00:00:00', '0000-00-00 00:00:00', '0000-00-00 00:00:00'),
(303839, 'tama', 'paraman/ampalu', '81267345459', 2, '0000-00-00 00:00:00', '0000-00-00 00:00:00', '0000-00-00 00:00:00'),
(303840, 'syawal', 'paraman/ampalu', '81275050773', 2, '0000-00-00 00:00:00', '0000-00-00 00:00:00', '0000-00-00 00:00:00'),
(303841, 'raftar', 'sei. aur', '85278295012', 2, '0000-00-00 00:00:00', '0000-00-00 00:00:00', '0000-00-00 00:00:00'),
(303842, 'rafatar', 'sei. aur', '85278295012', 2, '0000-00-00 00:00:00', '0000-00-00 00:00:00', '0000-00-00 00:00:00'),
(303843, 'andika', 'sp. tonang', '82247224670', 2, '0000-00-00 00:00:00', '0000-00-00 00:00:00', '0000-00-00 00:00:00'),
(303844, 'rubiah', 'suka damai', '81270887308', 2, '0000-00-00 00:00:00', '0000-00-00 00:00:00', '0000-00-00 00:00:00'),
(303845, 'adelia NN', 'sontang', '0', 2, '0000-00-00 00:00:00', '0000-00-00 00:00:00', '0000-00-00 00:00:00'),
(303846, 'rao jaya', 'ps. rao', '0', 2, '0000-00-00 00:00:00', '0000-00-00 00:00:00', '0000-00-00 00:00:00'),
(303847, 'bunda', 'ps. rao', '0', 2, '0000-00-00 00:00:00', '0000-00-00 00:00:00', '0000-00-00 00:00:00'),
(303848, 'putri chaniago', 'rao', '82285206083', 2, '0000-00-00 00:00:00', '0000-00-00 00:00:00', '0000-00-00 00:00:00'),
(303849, 'raihan', 'koto mopan', '0', 2, '0000-00-00 00:00:00', '0000-00-00 00:00:00', '0000-00-00 00:00:00'),
(303850, 'selin', 'ds. landai', '81347624728', 2, '0000-00-00 00:00:00', '0000-00-00 00:00:00', '0000-00-00 00:00:00'),
(303851, 'bilqis', 'ds. lundar', '82384167125', 2, '0000-00-00 00:00:00', '0000-00-00 00:00:00', '0000-00-00 00:00:00'),
(303852, 'refi', 'kuamang', '82386657962', 2, '0000-00-00 00:00:00', '0000-00-00 00:00:00', '0000-00-00 00:00:00'),
(303853, 'gia', 'kuamang', '0', 2, '0000-00-00 00:00:00', '0000-00-00 00:00:00', '0000-00-00 00:00:00'),
(303854, 'ozil', 'kuamang', '0', 2, '0000-00-00 00:00:00', '0000-00-00 00:00:00', '0000-00-00 00:00:00'),
(303855, 'fegilan', 'lb. sekaping', '85274709667', 2, '0000-00-00 00:00:00', '0000-00-00 00:00:00', '0000-00-00 00:00:00'),
(303856, 'berkah', 'lb. sekping', '0', 2, '0000-00-00 00:00:00', '0000-00-00 00:00:00', '0000-00-00 00:00:00'),
(303857, 'ima', 'jln. bakti', '0', 2, '0000-00-00 00:00:00', '0000-00-00 00:00:00', '0000-00-00 00:00:00'),
(303858, 'irda', 'ps. dalik', '0', 2, '0000-00-00 00:00:00', '0000-00-00 00:00:00', '0000-00-00 00:00:00'),
(303859, 'syofyan', 's. pandahan', '0', 2, '0000-00-00 00:00:00', '0000-00-00 00:00:00', '0000-00-00 00:00:00'),
(303860, 'zaki', 'tj. medan', '0', 2, '0000-00-00 00:00:00', '0000-00-00 00:00:00', '0000-00-00 00:00:00'),
(303861, 'roza', 'tj. medan', '0', 2, '0000-00-00 00:00:00', '0000-00-00 00:00:00', '0000-00-00 00:00:00'),
(303862, 'SBD', 'petuk', '0', 2, '0000-00-00 00:00:00', '0000-00-00 00:00:00', '0000-00-00 00:00:00'),
(303863, 'fika', 'alahan maji', '85364084559', 2, '0000-00-00 00:00:00', '0000-00-00 00:00:00', '0000-00-00 00:00:00'),
(303864, 'KKN', 'ps. ladang panjang', '81266104025', 2, '0000-00-00 00:00:00', '0000-00-00 00:00:00', '0000-00-00 00:00:00'),
(303865, 'jesika', 'panti', '0', 2, '0000-00-00 00:00:00', '0000-00-00 00:00:00', '0000-00-00 00:00:00'),
(303866, 'imron', 'tapus', '81276425195', 2, '0000-00-00 00:00:00', '0000-00-00 00:00:00', '0000-00-00 00:00:00'),
(303867, 'aidizal', 'ps. lb sekaping', '0', 2, '0000-00-00 00:00:00', '0000-00-00 00:00:00', '0000-00-00 00:00:00'),
(303868, 'kontan zamzami', 'pasaman timur', '0', 2, '0000-00-00 00:00:00', '0000-00-00 00:00:00', '0000-00-00 00:00:00'),
(303869, 'barokah', 'salimpaung', '81363118199', 2, '0000-00-00 00:00:00', '0000-00-00 00:00:00', '0000-00-00 00:00:00'),
(303870, 'revan', 'salimpaung', '82391038736', 2, '0000-00-00 00:00:00', '0000-00-00 00:00:00', '0000-00-00 00:00:00'),
(303871, 'alisa', 'salimpaung', '85274315711', 2, '0000-00-00 00:00:00', '0000-00-00 00:00:00', '0000-00-00 00:00:00'),
(303872, 'puja', 'salimpaung', '82382318164', 2, '0000-00-00 00:00:00', '0000-00-00 00:00:00', '0000-00-00 00:00:00'),
(303873, 'h. albar', 'tabek patah', '81266096254', 2, '0000-00-00 00:00:00', '0000-00-00 00:00:00', '0000-00-00 00:00:00'),
(303874, 'suci', 'tabek patah', '82173131542', 2, '0000-00-00 00:00:00', '0000-00-00 00:00:00', '0000-00-00 00:00:00'),
(303875, 'yudi', 'tabek patah', '81380920732', 2, '0000-00-00 00:00:00', '0000-00-00 00:00:00', '0000-00-00 00:00:00'),
(303876, 'abasril', 'rao rao', '81374861486', 2, '0000-00-00 00:00:00', '0000-00-00 00:00:00', '0000-00-00 00:00:00'),
(303877, 'bilqis', 'sei tarab', '85265841056', 2, '0000-00-00 00:00:00', '0000-00-00 00:00:00', '0000-00-00 00:00:00'),
(303878, 'cun', 'sungayang', '82169140139', 2, '0000-00-00 00:00:00', '0000-00-00 00:00:00', '0000-00-00 00:00:00'),
(303879, 'bond cu', 'sumanik', '85274507066', 2, '0000-00-00 00:00:00', '0000-00-00 00:00:00', '0000-00-00 00:00:00'),
(303880, 'ari', 'tabek patah', '82170979888', 2, '0000-00-00 00:00:00', '0000-00-00 00:00:00', '0000-00-00 00:00:00'),
(303881, 'hengki', 'tabek patah', '82174830345', 2, '0000-00-00 00:00:00', '0000-00-00 00:00:00', '0000-00-00 00:00:00'),
(303882, 'kenzo', 'kumango', '81276717407', 2, '0000-00-00 00:00:00', '0000-00-00 00:00:00', '0000-00-00 00:00:00'),
(303883, 'mitra/berkah', 'kumango', '85355393207', 2, '0000-00-00 00:00:00', '0000-00-00 00:00:00', '0000-00-00 00:00:00'),
(303884, 'rio', 'sungayang', '85355434450', 2, '0000-00-00 00:00:00', '0000-00-00 00:00:00', '0000-00-00 00:00:00'),
(303885, '3 saudara', 'koto', '85374122291', 2, '0000-00-00 00:00:00', '0000-00-00 00:00:00', '0000-00-00 00:00:00'),
(303886, 'adel', 'koto', '81266245112', 2, '0000-00-00 00:00:00', '0000-00-00 00:00:00', '0000-00-00 00:00:00'),
(303887, 'dafa', 'koto', '0', 2, '0000-00-00 00:00:00', '0000-00-00 00:00:00', '0000-00-00 00:00:00'),
(303888, 'zaki', 'gunuang', '82169586205', 2, '0000-00-00 00:00:00', '0000-00-00 00:00:00', '0000-00-00 00:00:00'),
(303889, 'syafana', 'gunuang', '81289349884', 2, '0000-00-00 00:00:00', '0000-00-00 00:00:00', '0000-00-00 00:00:00'),
(303890, 'saiyo sakato', 'koto alam', '0', 2, '0000-00-00 00:00:00', '0000-00-00 00:00:00', '0000-00-00 00:00:00'),
(303891, 'dara', 'kandang melaboh', '81275325916', 2, '0000-00-00 00:00:00', '0000-00-00 00:00:00', '0000-00-00 00:00:00'),
(303892, 'nadia', 'situmbak', '82268565465', 2, '0000-00-00 00:00:00', '0000-00-00 00:00:00', '0000-00-00 00:00:00'),
(303893, 'zafran', 'sumanik', '85263295129', 2, '0000-00-00 00:00:00', '0000-00-00 00:00:00', '0000-00-00 00:00:00'),
(303894, 'azahra', 'sungayang', '81374630684', 2, '0000-00-00 00:00:00', '0000-00-00 00:00:00', '0000-00-00 00:00:00'),
(303895, 'dede', 'sungayang', '8,52633E+11', 2, '0000-00-00 00:00:00', '0000-00-00 00:00:00', '0000-00-00 00:00:00'),
(303896, 'pak lili', 'sungayang', '81249974452', 2, '0000-00-00 00:00:00', '0000-00-00 00:00:00', '0000-00-00 00:00:00'),
(303897, 'raffi', 'tanah datar', '81268429590', 2, '0000-00-00 00:00:00', '0000-00-00 00:00:00', '0000-00-00 00:00:00'),
(303898, 'raffi', 'tanah runtuah', '81268429590', 2, '0000-00-00 00:00:00', '0000-00-00 00:00:00', '0000-00-00 00:00:00'),
(303899, 'firgo', 'sei. tarab', '81363702909', 2, '0000-00-00 00:00:00', '0000-00-00 00:00:00', '0000-00-00 00:00:00'),
(303900, 'atifa', 'cubadak', '82389254123', 2, '0000-00-00 00:00:00', '0000-00-00 00:00:00', '0000-00-00 00:00:00'),
(303901, 'caca', 'simp. patai', '0', 2, '0000-00-00 00:00:00', '0000-00-00 00:00:00', '0000-00-00 00:00:00'),
(303902, 'tiara', 'prambahan', '85375648319', 2, '0000-00-00 00:00:00', '0000-00-00 00:00:00', '0000-00-00 00:00:00'),
(303903, 'ibu', 'prambahan', '85356029485', 2, '0000-00-00 00:00:00', '0000-00-00 00:00:00', '0000-00-00 00:00:00'),
(303904, 'afa', 'prambahan', '82383633423', 2, '0000-00-00 00:00:00', '0000-00-00 00:00:00', '0000-00-00 00:00:00'),
(303905, 'ayang', 'sie. jambu', '81275267852', 2, '0000-00-00 00:00:00', '0000-00-00 00:00:00', '0000-00-00 00:00:00'),
(303906, 'roza', 'sawah tangah', '85272163792', 2, '0000-00-00 00:00:00', '0000-00-00 00:00:00', '0000-00-00 00:00:00'),
(303907, 'savero', 'rambatan', '81380561500', 2, '0000-00-00 00:00:00', '0000-00-00 00:00:00', '0000-00-00 00:00:00'),
(303908, 'rini', 'gurun', '81378115112', 2, '0000-00-00 00:00:00', '0000-00-00 00:00:00', '0000-00-00 00:00:00'),
(303909, 'virgo', 'simp. manunggal', '81374257121', 2, '0000-00-00 00:00:00', '0000-00-00 00:00:00', '0000-00-00 00:00:00'),
(303910, 'eri', 'simabur', '85379151825', 2, '0000-00-00 00:00:00', '0000-00-00 00:00:00', '0000-00-00 00:00:00'),
(303911, 'arjuna', 'rambatan', '81267258225', 2, '0000-00-00 00:00:00', '0000-00-00 00:00:00', '0000-00-00 00:00:00'),
(303912, 'rice', 'rambatan', '85263234176', 2, '0000-00-00 00:00:00', '0000-00-00 00:00:00', '0000-00-00 00:00:00'),
(303913, 'mak rifat', 'rambatan', '81374072886', 2, '0000-00-00 00:00:00', '0000-00-00 00:00:00', '0000-00-00 00:00:00'),
(303914, 'bunda cell', 'lima kaum', '82389051980', 2, '0000-00-00 00:00:00', '0000-00-00 00:00:00', '0000-00-00 00:00:00'),
(303915, 'mak itam', 'lima kaum', '85374795069', 2, '0000-00-00 00:00:00', '0000-00-00 00:00:00', '0000-00-00 00:00:00'),
(303916, 'mak dang', 'cubadak', '82169325045', 2, '0000-00-00 00:00:00', '0000-00-00 00:00:00', '0000-00-00 00:00:00'),
(303917, 'roni', 'rambatan', '82169160625', 2, '0000-00-00 00:00:00', '0000-00-00 00:00:00', '0000-00-00 00:00:00'),
(303918, 'dakak BA', 'rambatan', '85274242364', 2, '0000-00-00 00:00:00', '0000-00-00 00:00:00', '0000-00-00 00:00:00'),
(303919, 'vikto', 'piliang', '82391514435', 2, '0000-00-00 00:00:00', '0000-00-00 00:00:00', '0000-00-00 00:00:00'),
(303920, 'ari', 'sungayang', '81266577961', 2, '0000-00-00 00:00:00', '0000-00-00 00:00:00', '0000-00-00 00:00:00'),
(303921, 'coklat', 'sungayang', '85264302988', 2, '0000-00-00 00:00:00', '0000-00-00 00:00:00', '0000-00-00 00:00:00'),
(303922, 'ofat', 'cubadak', '85263881953', 2, '0000-00-00 00:00:00', '0000-00-00 00:00:00', '0000-00-00 00:00:00'),
(303923, 'taratak indah', 'sungayang', '82285850476', 2, '0000-00-00 00:00:00', '0000-00-00 00:00:00', '0000-00-00 00:00:00'),
(303924, 'johan', 'minangkabau', '82384640899', 2, '0000-00-00 00:00:00', '0000-00-00 00:00:00', '0000-00-00 00:00:00'),
(303925, 'arfan', 'simpuruik', '85271786858', 2, '0000-00-00 00:00:00', '0000-00-00 00:00:00', '0000-00-00 00:00:00'),
(303926, 'lis', 'simpuruik', '85263879476', 2, '0000-00-00 00:00:00', '0000-00-00 00:00:00', '0000-00-00 00:00:00'),
(303927, 'upik', 'simpuruik', '0', 2, '0000-00-00 00:00:00', '0000-00-00 00:00:00', '0000-00-00 00:00:00'),
(303928, 'bunga', 'andateh', '81381323204', 2, '0000-00-00 00:00:00', '0000-00-00 00:00:00', '0000-00-00 00:00:00'),
(303929, 'fitri', 'andateh', '81289180608', 2, '0000-00-00 00:00:00', '0000-00-00 00:00:00', '0000-00-00 00:00:00'),
(303930, 'yuli', 'baruah bukik', '81374146803', 2, '0000-00-00 00:00:00', '0000-00-00 00:00:00', '0000-00-00 00:00:00'),
(303931, 'anis', 'puncak pato', '82385812595', 2, '0000-00-00 00:00:00', '0000-00-00 00:00:00', '0000-00-00 00:00:00'),
(303932, 'kakak', 'lasuang batu', '82288642610', 2, '0000-00-00 00:00:00', '0000-00-00 00:00:00', '0000-00-00 00:00:00'),
(303933, 'niyun', 'lasuang batu', '82171479104', 2, '0000-00-00 00:00:00', '0000-00-00 00:00:00', '0000-00-00 00:00:00'),
(303934, 'ni yel', 'tarok', '81374527585', 2, '0000-00-00 00:00:00', '0000-00-00 00:00:00', '0000-00-00 00:00:00'),
(303935, 'zelfa', 'ladang laweh', '85271466453', 2, '0000-00-00 00:00:00', '0000-00-00 00:00:00', '0000-00-00 00:00:00'),
(303936, 'shi ha', 'sungayang', '85265680935', 2, '0000-00-00 00:00:00', '0000-00-00 00:00:00', '0000-00-00 00:00:00'),
(303937, 'bunga ginseng', 'andaleh', '82284401417', 2, '0000-00-00 00:00:00', '0000-00-00 00:00:00', '0000-00-00 00:00:00'),
(303938, 'tono', 'puncak pato', '85375533310', 2, '0000-00-00 00:00:00', '0000-00-00 00:00:00', '0000-00-00 00:00:00'),
(303939, 'dzaki', 'batu bulek', '81364058670', 2, '0000-00-00 00:00:00', '0000-00-00 00:00:00', '0000-00-00 00:00:00'),
(303940, 'kedai ibu', 'ladang laweh', '85375926266', 2, '0000-00-00 00:00:00', '0000-00-00 00:00:00', '0000-00-00 00:00:00'),
(303941, 'al kayyaz', 'balai tangah', '81266824775', 2, '0000-00-00 00:00:00', '0000-00-00 00:00:00', '0000-00-00 00:00:00'),
(303942, 'setangkai baneh', 'tanjung bonai', '81277151033', 2, '0000-00-00 00:00:00', '0000-00-00 00:00:00', '0000-00-00 00:00:00'),
(303943, 'farel', 'tanjuang bonai', '85264614565', 2, '0000-00-00 00:00:00', '0000-00-00 00:00:00', '0000-00-00 00:00:00'),
(303944, 'heri', 'balai tengah', '82169152845', 2, '0000-00-00 00:00:00', '0000-00-00 00:00:00', '0000-00-00 00:00:00'),
(303945, 'doni', 'tanjung bonai', '81268789760', 2, '0000-00-00 00:00:00', '0000-00-00 00:00:00', '0000-00-00 00:00:00'),
(303946, 'picelo', 'tapi selo', '85375753456', 2, '0000-00-00 00:00:00', '0000-00-00 00:00:00', '0000-00-00 00:00:00'),
(303947, 'bu asni', 'tapi selo', '82284252017', 2, '0000-00-00 00:00:00', '0000-00-00 00:00:00', '0000-00-00 00:00:00'),
(303948, 'nafisyah', 'tigo jangko', '82384021825', 2, '0000-00-00 00:00:00', '0000-00-00 00:00:00', '0000-00-00 00:00:00'),
(303949, 'deli', 'tigo jangko', '82173211416', 2, '0000-00-00 00:00:00', '0000-00-00 00:00:00', '0000-00-00 00:00:00'),
(303950, 'ziza', 'tigo jangko', '82287958756', 2, '0000-00-00 00:00:00', '0000-00-00 00:00:00', '0000-00-00 00:00:00'),
(303951, 'imel', 'pauh tinggi', '81261817037', 2, '0000-00-00 00:00:00', '0000-00-00 00:00:00', '0000-00-00 00:00:00'),
(303952, 'war', 'pauh tinggi', '85274419431', 2, '0000-00-00 00:00:00', '0000-00-00 00:00:00', '0000-00-00 00:00:00'),
(303953, 'dafi', 'tapi selo', '85264130718', 2, '0000-00-00 00:00:00', '0000-00-00 00:00:00', '0000-00-00 00:00:00'),
(303954, 'mawardi', 'tigo jangko', '81365589161', 2, '0000-00-00 00:00:00', '0000-00-00 00:00:00', '0000-00-00 00:00:00'),
(303955, 'rita', 'tabek patah', '8537512627', 2, '0000-00-00 00:00:00', '0000-00-00 00:00:00', '0000-00-00 00:00:00'),
(303956, 'yusnita', 'mandailing', '85375027176', 2, '0000-00-00 00:00:00', '0000-00-00 00:00:00', '0000-00-00 00:00:00'),
(303957, 'pak am', 'mandailing', '85263931455', 2, '0000-00-00 00:00:00', '0000-00-00 00:00:00', '0000-00-00 00:00:00'),
(303958, 'syakila', 'mandailing', '82169416815', 2, '0000-00-00 00:00:00', '0000-00-00 00:00:00', '0000-00-00 00:00:00'),
(303959, 'adifa', 'sungayang', '0', 2, '0000-00-00 00:00:00', '0000-00-00 00:00:00', '0000-00-00 00:00:00'),
(303960, 'masrul', 'rao rao', '0', 2, '0000-00-00 00:00:00', '0000-00-00 00:00:00', '0000-00-00 00:00:00'),
(303961, 'anto', 'koto alam', '0', 2, '0000-00-00 00:00:00', '0000-00-00 00:00:00', '0000-00-00 00:00:00'),
(303962, 'imam', 'balai tengah', '81380257743', 2, '0000-00-00 00:00:00', '0000-00-00 00:00:00', '0000-00-00 00:00:00'),
(303963, 'kontan ilhamdi', 'batu sangkar', '0', 2, '0000-00-00 00:00:00', '0000-00-00 00:00:00', '0000-00-00 00:00:00'),
(303964, 'ika', 'sei. sarik', '0', 2, '0000-00-00 00:00:00', '0000-00-00 00:00:00', '0000-00-00 00:00:00'),
(303965, 'exis', 'ps. baru', '82288097366', 2, '0000-00-00 00:00:00', '0000-00-00 00:00:00', '0000-00-00 00:00:00'),
(303966, 'sws ita', 'balai badak', '85270771562', 2, '0000-00-00 00:00:00', '0000-00-00 00:00:00', '0000-00-00 00:00:00'),
(303967, 'armen', 'padang mardani', '0', 2, '0000-00-00 00:00:00', '0000-00-00 00:00:00', '0000-00-00 00:00:00'),
(303968, 'wardini', 'sidodadi', '0', 2, '0000-00-00 00:00:00', '0000-00-00 00:00:00', '0000-00-00 00:00:00'),
(303969, 'pakde rian', 'padang sari', '0', 2, '0000-00-00 00:00:00', '0000-00-00 00:00:00', '0000-00-00 00:00:00'),
(303970, 'rika/riki', 'bunuik', '0', 2, '0000-00-00 00:00:00', '0000-00-00 00:00:00', '0000-00-00 00:00:00'),
(303971, 'nazwa', 'k-4', '0', 2, '0000-00-00 00:00:00', '0000-00-00 00:00:00', '0000-00-00 00:00:00'),
(303972, 'farhan', 'sp. patai', '0', 2, '0000-00-00 00:00:00', '0000-00-00 00:00:00', '0000-00-00 00:00:00'),
(303973, 'suci', 'sp. padang brol', '0', 2, '0000-00-00 00:00:00', '0000-00-00 00:00:00', '0000-00-00 00:00:00'),
(303974, 'kamnar', 'lalang randah', '0', 2, '0000-00-00 00:00:00', '0000-00-00 00:00:00', '0000-00-00 00:00:00'),
(303975, 'sarah', 'karambia 4', '0', 2, '0000-00-00 00:00:00', '0000-00-00 00:00:00', '0000-00-00 00:00:00'),
(303976, 'litra', 'koja sidodadi', '0', 2, '0000-00-00 00:00:00', '0000-00-00 00:00:00', '0000-00-00 00:00:00'),
(303977, 'alfa', 'ps. gandua', '0', 2, '0000-00-00 00:00:00', '0000-00-00 00:00:00', '0000-00-00 00:00:00'),
(303978, 'tiara', 'karambi 4', '0', 2, '0000-00-00 00:00:00', '0000-00-00 00:00:00', '0000-00-00 00:00:00'),
(303988, 'rivan', 'timpeh pinang makmur', '0', 2, '0000-00-00 00:00:00', '0000-00-00 00:00:00', '0000-00-00 00:00:00'),
(303989, 'anang', 'timpeh pinang makmur', '0', 2, '0000-00-00 00:00:00', '0000-00-00 00:00:00', '0000-00-00 00:00:00'),
(303990, 'Qorini', 'sp 2', '0', 2, '0000-00-00 00:00:00', '0000-00-00 00:00:00', '0000-00-00 00:00:00'),
(303991, 'hikmah', 'galaga', '0', 2, '0000-00-00 00:00:00', '0000-00-00 00:00:00', '0000-00-00 00:00:00'),
(303992, 'vera', 'sei. tenang', '0', 2, '0000-00-00 00:00:00', '0000-00-00 00:00:00', '0000-00-00 00:00:00'),
(303993, 'aini', 'kp. pancasila', '0', 2, '0000-00-00 00:00:00', '0000-00-00 00:00:00', '0000-00-00 00:00:00'),
(303994, 'eri', 'blok A s.tambang dalam', '0', 2, '0000-00-00 00:00:00', '0000-00-00 00:00:00', '0000-00-00 00:00:00'),
(303995, 'sri', 'pisang rebus', '0', 2, '0000-00-00 00:00:00', '0000-00-00 00:00:00', '0000-00-00 00:00:00'),
(303996, 'velita', 'sp 5', '0', 2, '0000-00-00 00:00:00', '0000-00-00 00:00:00', '0000-00-00 00:00:00'),
(303997, 'pak son', 'sp 5', '0', 2, '0000-00-00 00:00:00', '0000-00-00 00:00:00', '0000-00-00 00:00:00'),
(303998, 'anas', 'pulau punjung', '0', 2, '0000-00-00 00:00:00', '0000-00-00 00:00:00', '0000-00-00 00:00:00'),
(304000, 'jeni', 'lintas ma. lasiah', '0', 2, '0000-00-00 00:00:00', '0000-00-00 00:00:00', '0000-00-00 00:00:00'),
(304001, 'rima', 'talang babungo', '0', 2, '0000-00-00 00:00:00', '0000-00-00 00:00:00', '0000-00-00 00:00:00'),
(304002, 'wita', 'sim. galagah', '0', 2, '0000-00-00 00:00:00', '0000-00-00 00:00:00', '0000-00-00 00:00:00'),
(304003, 'yusuf', 'pengalihan kayu', '0', 2, '0000-00-00 00:00:00', '0000-00-00 00:00:00', '0000-00-00 00:00:00'),
(304004, 'pak saf', 'mandeh', '0', 2, '0000-00-00 00:00:00', '0000-00-00 00:00:00', '0000-00-00 00:00:00'),
(304005, 'jeky', 'tampunik', '0', 2, '0000-00-00 00:00:00', '0000-00-00 00:00:00', '0000-00-00 00:00:00'),
(304006, 'ida', 'by pass', '0', 2, '0000-00-00 00:00:00', '0000-00-00 00:00:00', '0000-00-00 00:00:00'),
(304007, 'da in', 'suayan', '0', 2, '0000-00-00 00:00:00', '0000-00-00 00:00:00', '0000-00-00 00:00:00'),
(304008, 'gus', 'suayan', '0', 2, '0000-00-00 00:00:00', '0000-00-00 00:00:00', '0000-00-00 00:00:00'),
(304009, 'lusi', 'taratak', '0', 2, '0000-00-00 00:00:00', '0000-00-00 00:00:00', '0000-00-00 00:00:00'),
(304010, 'sanuri', 'tj. pati', '0', 2, '0000-00-00 00:00:00', '0000-00-00 00:00:00', '0000-00-00 00:00:00'),
(304011, 'faras', 'koto panjang', '0', 2, '0000-00-00 00:00:00', '0000-00-00 00:00:00', '0000-00-00 00:00:00'),
(304012, 'rio - ria', 'taeh', '0', 2, '0000-00-00 00:00:00', '0000-00-00 00:00:00', '0000-00-00 00:00:00'),
(304013, 'restu', 'simalanggan', '0', 2, '0000-00-00 00:00:00', '0000-00-00 00:00:00', '0000-00-00 00:00:00'),
(304014, 'rani', 'ketinggian', '0', 2, '0000-00-00 00:00:00', '0000-00-00 00:00:00', '0000-00-00 00:00:00'),
(304015, 'rini', 'balai mansyiro', '0', 2, '0000-00-00 00:00:00', '0000-00-00 00:00:00', '0000-00-00 00:00:00'),
(304016, 'mak nur', 'talang maur', '0', 2, '0000-00-00 00:00:00', '0000-00-00 00:00:00', '0000-00-00 00:00:00'),
(304017, 'buk yen', 'mungka', '0', 2, '0000-00-00 00:00:00', '0000-00-00 00:00:00', '0000-00-00 00:00:00'),
(304018, 'rafi', 'padang kandih', '0', 2, '0000-00-00 00:00:00', '0000-00-00 00:00:00', '0000-00-00 00:00:00'),
(304019, 'tisa', 'tabiang randah', '0', 2, '0000-00-00 00:00:00', '0000-00-00 00:00:00', '0000-00-00 00:00:00'),
(304020, 'nira', 'balai rupih', '0', 2, '0000-00-00 00:00:00', '0000-00-00 00:00:00', '0000-00-00 00:00:00'),
(304021, 'neni', 'padang rontang', '0', 2, '0000-00-00 00:00:00', '0000-00-00 00:00:00', '0000-00-00 00:00:00'),
(304022, 'asril', 'mungka', '0', 2, '0000-00-00 00:00:00', '0000-00-00 00:00:00', '0000-00-00 00:00:00'),
(304023, 'neni', 'balai rupih', '0', 2, '0000-00-00 00:00:00', '0000-00-00 00:00:00', '0000-00-00 00:00:00'),
(304024, 'diva', 'padang kandih', '0', 2, '0000-00-00 00:00:00', '0000-00-00 00:00:00', '0000-00-00 00:00:00'),
(304025, 'taufik', 'koto alam', '0', 2, '0000-00-00 00:00:00', '0000-00-00 00:00:00', '0000-00-00 00:00:00'),
(304026, 'asnah', 'koto alam', '0', 2, '0000-00-00 00:00:00', '0000-00-00 00:00:00', '0000-00-00 00:00:00'),
(304027, 'esi', 'koto alam', '0', 2, '0000-00-00 00:00:00', '0000-00-00 00:00:00', '0000-00-00 00:00:00'),
(304028, 'cali', 'subarang air', '0', 2, '0000-00-00 00:00:00', '0000-00-00 00:00:00', '0000-00-00 00:00:00'),
(304029, 'ataila', 'balai janang', '0', 2, '0000-00-00 00:00:00', '0000-00-00 00:00:00', '0000-00-00 00:00:00'),
(304030, 'maju jaya', 'baruak', '0', 2, '0000-00-00 00:00:00', '0000-00-00 00:00:00', '0000-00-00 00:00:00'),
(304031, 'rinti', 'sihyuah', '0', 2, '0000-00-00 00:00:00', '0000-00-00 00:00:00', '0000-00-00 00:00:00'),
(304032, 'endi', 'tj. pati', '0', 2, '0000-00-00 00:00:00', '0000-00-00 00:00:00', '0000-00-00 00:00:00'),
(304033, 'oki', 'koto nan IV', '0', 2, '0000-00-00 00:00:00', '0000-00-00 00:00:00', '0000-00-00 00:00:00'),
(304034, 'doni', 'talang maur', '82284364489', 2, '0000-00-00 00:00:00', '0000-00-00 00:00:00', '0000-00-00 00:00:00'),
(304035, 'FDR', 'kubang', '0', 2, '0000-00-00 00:00:00', '0000-00-00 00:00:00', '0000-00-00 00:00:00'),
(304036, 'rezi', 'taeh', '0', 2, '0000-00-00 00:00:00', '0000-00-00 00:00:00', '0000-00-00 00:00:00'),
(304037, 'putri tunggal', 'sariak laweh', '0', 2, '0000-00-00 00:00:00', '0000-00-00 00:00:00', '0000-00-00 00:00:00'),
(304045, 'NICO BERT', 'SIAK', '0', 0, '0000-00-00 00:00:00', '0000-00-00 00:00:00', '0000-00-00 00:00:00'),
(304048, 'FAMILY', 'KANDIS 72', '0', 0, '0000-00-00 00:00:00', '0000-00-00 00:00:00', '0000-00-00 00:00:00'),
(304049, 'RETAIL BELILAS', 'BELILAS', '0', 0, '0000-00-00 00:00:00', '0000-00-00 00:00:00', '0000-00-00 00:00:00'),
(304084, 'REMON', 'DURI - DUMAI', '0', 0, '0000-00-00 00:00:00', '0000-00-00 00:00:00', '0000-00-00 00:00:00'),
(304085, 'BARANI', 'DURI - DUMAI', '0', 0, '0000-00-00 00:00:00', '0000-00-00 00:00:00', '0000-00-00 00:00:00'),
(304086, 'SUSI', 'DURI - DUMAI', '0', 0, '0000-00-00 00:00:00', '0000-00-00 00:00:00', '0000-00-00 00:00:00'),
(304101, 'regina & husna', 'tj medan', '81373547464', 2, '0000-00-00 00:00:00', '0000-00-00 00:00:00', '0000-00-00 00:00:00'),
(304102, 'asmiral', 'ps cubadak', '82391671313', 2, '0000-00-00 00:00:00', '0000-00-00 00:00:00', '0000-00-00 00:00:00'),
(304103, 'riki', 'suko mamanti', '85271066797', 2, '0000-00-00 00:00:00', '0000-00-00 00:00:00', '0000-00-00 00:00:00'),
(304104, 'faisal', 'hutan nauli', '82170521517', 2, '0000-00-00 00:00:00', '0000-00-00 00:00:00', '0000-00-00 00:00:00'),
(304105, 'edo', 'sundata', '82385067309', 2, '0000-00-00 00:00:00', '0000-00-00 00:00:00', '0000-00-00 00:00:00'),
(304106, 'restu ibu', 'bonjol', '81337777497', 2, '0000-00-00 00:00:00', '0000-00-00 00:00:00', '0000-00-00 00:00:00'),
(304108, 'adit', 'sitiung 4/blok D', '85375551237', 2, '0000-00-00 00:00:00', '0000-00-00 00:00:00', '0000-00-00 00:00:00'),
(304109, 'usaha bersama', 'BLOK C', '85263569449', 2, '0000-00-00 00:00:00', '0000-00-00 00:00:00', '0000-00-00 00:00:00'),
(304110, 'bima', 'perkembangan', '85263301201', 2, '0000-00-00 00:00:00', '0000-00-00 00:00:00', '0000-00-00 00:00:00'),
(304111, 'netty', 'sei. lansek', '85274134444', 2, '0000-00-00 00:00:00', '0000-00-00 00:00:00', '0000-00-00 00:00:00'),
(304114, 'dewi', 'kiliranjao', '82283405777', 2, '0000-00-00 00:00:00', '0000-00-00 00:00:00', '0000-00-00 00:00:00'),
(304116, 'son', 'kiliranjao', '0', 2, '0000-00-00 00:00:00', '0000-00-00 00:00:00', '0000-00-00 00:00:00'),
(304117, 'iwit', 'sitiung 1', '0', 2, '0000-00-00 00:00:00', '0000-00-00 00:00:00', '0000-00-00 00:00:00'),
(304118, 'alfi', 'siluluk', '0', 2, '0000-00-00 00:00:00', '0000-00-00 00:00:00', '0000-00-00 00:00:00'),
(304119, 'dika', 'SP 5', '81281972744', 2, '0000-00-00 00:00:00', '0000-00-00 00:00:00', '0000-00-00 00:00:00'),
(304120, 'arif', 'tanjung gadang', '0', 2, '0000-00-00 00:00:00', '0000-00-00 00:00:00', '0000-00-00 00:00:00'),
(304121, 'anggi', 'p. panjang', '0', 2, '0000-00-00 00:00:00', '0000-00-00 00:00:00', '0000-00-00 00:00:00'),
(304122, 'fitriani', 'blok D', '0', 2, '0000-00-00 00:00:00', '0000-00-00 00:00:00', '0000-00-00 00:00:00'),
(304123, 'ITA', 'SP 2', '0', 2, '0000-00-00 00:00:00', '0000-00-00 00:00:00', '0000-00-00 00:00:00'),
(304124, 'NANDO', 'timpeh 1', '0', 2, '0000-00-00 00:00:00', '0000-00-00 00:00:00', '0000-00-00 00:00:00'),
(304125, 'kurnia', 'sitiung 4', '0', 2, '0000-00-00 00:00:00', '0000-00-00 00:00:00', '0000-00-00 00:00:00'),
(304126, 'santo', 'sitiung 4 blok B', '82169938875', 2, '0000-00-00 00:00:00', '0000-00-00 00:00:00', '0000-00-00 00:00:00'),
(304127, 'HOKI', 'sitiung 4 blok B', '0', 2, '0000-00-00 00:00:00', '0000-00-00 00:00:00', '0000-00-00 00:00:00'),
(304128, 'satria', 'blok D', '0', 2, '0000-00-00 00:00:00', '0000-00-00 00:00:00', '0000-00-00 00:00:00'),
(304130, 'aldo', 'suger', '0', 2, '0000-00-00 00:00:00', '0000-00-00 00:00:00', '0000-00-00 00:00:00'),
(304131, 'anton', 'sp kalawi', '0', 2, '0000-00-00 00:00:00', '0000-00-00 00:00:00', '0000-00-00 00:00:00'),
(304132, 'rizki', 'padang sibalungkang', '0', 2, '0000-00-00 00:00:00', '0000-00-00 00:00:00', '0000-00-00 00:00:00'),
(304133, 'riki 2', 'kanali', '0', 2, '0000-00-00 00:00:00', '0000-00-00 00:00:00', '0000-00-00 00:00:00'),
(304134, 'indah', 'sasak', '0', 2, '0000-00-00 00:00:00', '0000-00-00 00:00:00', '0000-00-00 00:00:00'),
(304135, 'yuni', 'bunut', '0', 2, '0000-00-00 00:00:00', '0000-00-00 00:00:00', '0000-00-00 00:00:00'),
(304136, 'singgalang', 'sp 3 ophir', '0', 2, '0000-00-00 00:00:00', '0000-00-00 00:00:00', '0000-00-00 00:00:00'),
(304137, 'andri jaya', 'sp 3 ophir', '0', 2, '0000-00-00 00:00:00', '0000-00-00 00:00:00', '0000-00-00 00:00:00'),
(304138, 'nabil', 'jorong kp timur', '0', 2, '0000-00-00 00:00:00', '0000-00-00 00:00:00', '0000-00-00 00:00:00'),
(304139, 'anas', 'talang kuning', '0', 2, '0000-00-00 00:00:00', '0000-00-00 00:00:00', '0000-00-00 00:00:00'),
(304140, 'pak cap', 'koto alam', '0', 2, '0000-00-00 00:00:00', '0000-00-00 00:00:00', '0000-00-00 00:00:00'),
(304141, 'edi', 'balai selasa', '0', 2, '0000-00-00 00:00:00', '0000-00-00 00:00:00', '0000-00-00 00:00:00'),
(304142, 'budi', 'sp sago', '0', 2, '0000-00-00 00:00:00', '0000-00-00 00:00:00', '0000-00-00 00:00:00'),
(304143, 'virgo', 'sei tarab', '0', 2, '0000-00-00 00:00:00', '0000-00-00 00:00:00', '0000-00-00 00:00:00'),
(304144, 'arya', 'salimpaung', '0', 2, '0000-00-00 00:00:00', '0000-00-00 00:00:00', '0000-00-00 00:00:00'),
(304145, 'luigi lutfi', 'kumango', '0', 2, '0000-00-00 00:00:00', '0000-00-00 00:00:00', '0000-00-00 00:00:00'),
(304146, 'lia', 'rambatan', '0', 2, '0000-00-00 00:00:00', '0000-00-00 00:00:00', '0000-00-00 00:00:00'),
(304147, 'tino', 'saruaso', '0', 2, '0000-00-00 00:00:00', '0000-00-00 00:00:00', '0000-00-00 00:00:00'),
(304148, 'syafril', 'saruaso', '0', 2, '0000-00-00 00:00:00', '0000-00-00 00:00:00', '0000-00-00 00:00:00'),
(304149, 'semoga jaya', 'ps batusangkar', '0', 2, '0000-00-00 00:00:00', '0000-00-00 00:00:00', '0000-00-00 00:00:00'),
(304150, 'nanda', 'ps batusangkar', '0', 2, '0000-00-00 00:00:00', '0000-00-00 00:00:00', '0000-00-00 00:00:00'),
(304155, 'ripin', 'ampalu', '0', 2, '0000-00-00 00:00:00', '0000-00-00 00:00:00', '0000-00-00 00:00:00'),
(304156, 'sansuri', 'tj pati', '0', 2, '0000-00-00 00:00:00', '0000-00-00 00:00:00', '0000-00-00 00:00:00'),
(304157, 'armon', 'sp 3 ketaping', '0', 2, '0000-00-00 00:00:00', '0000-00-00 00:00:00', '0000-00-00 00:00:00'),
(304158, 'm. nur', 'talang', '0', 2, '0000-00-00 00:00:00', '0000-00-00 00:00:00', '0000-00-00 00:00:00'),
(304159, 'kontan devri', 'payukumbuh', '0', 2, '0000-00-00 00:00:00', '0000-00-00 00:00:00', '0000-00-00 00:00:00'),
(304160, 'jondra', 'taratak galundi', '0', 2, '0000-00-00 00:00:00', '0000-00-00 00:00:00', '0000-00-00 00:00:00'),
(304161, 'oci', 'padang aro', '0', 2, '0000-00-00 00:00:00', '0000-00-00 00:00:00', '0000-00-00 00:00:00'),
(304162, 'nia', 'tarusan', '0', 2, '0000-00-00 00:00:00', '0000-00-00 00:00:00', '0000-00-00 00:00:00'),
(304164, 'RISMA', 'PERAWANG', '0', 0, '0000-00-00 00:00:00', '0000-00-00 00:00:00', '0000-00-00 00:00:00'),
(304165, 'KUWAT JAYA', 'PERAWANG', '0', 0, '0000-00-00 00:00:00', '0000-00-00 00:00:00', '0000-00-00 00:00:00'),
(304166, 'TUNTAK', 'TUMANG PERAWANG', '0', 0, '0000-00-00 00:00:00', '0000-00-00 00:00:00', '0000-00-00 00:00:00'),
(304167, 'JANE JAYA', 'TUMANG PERAWANG', '0', 0, '0000-00-00 00:00:00', '0000-00-00 00:00:00', '0000-00-00 00:00:00'),
(304258, 'muchsin', 'parit malintang', '0', 2, '0000-00-00 00:00:00', '0000-00-00 00:00:00', '0000-00-00 00:00:00'),
(304259, 'MS', 'kp dalam', '0', 2, '0000-00-00 00:00:00', '0000-00-00 00:00:00', '0000-00-00 00:00:00'),
(304260, 'fery', 'kampung tengah', '0', 2, '0000-00-00 00:00:00', '0000-00-00 00:00:00', '0000-00-00 00:00:00'),
(304261, '5 putri', 'somp 4 sei rantai', '0', 2, '0000-00-00 00:00:00', '0000-00-00 00:00:00', '0000-00-00 00:00:00'),
(304262, 'alvi', 'pasir baru', '0', 2, '0000-00-00 00:00:00', '0000-00-00 00:00:00', '0000-00-00 00:00:00'),
(304539, 'adi', 'lubuk buaya', '0', 2, '0000-00-00 00:00:00', '0000-00-00 00:00:00', '0000-00-00 00:00:00'),
(304540, 'yel', 'belimbing', '0', 2, '0000-00-00 00:00:00', '0000-00-00 00:00:00', '0000-00-00 00:00:00'),
(304541, 'rafky', 'ps alahan panjang', '81231706399', 2, '0000-00-00 00:00:00', '0000-00-00 00:00:00', '0000-00-00 00:00:00'),
(304542, 'BR pekanbaru', 'pekanbaru', '81266549460', 2, '0000-00-00 00:00:00', '0000-00-00 00:00:00', '0000-00-00 00:00:00'),
(304650, 'MADI', 'muaro klawai', '0', 2, '0000-00-00 00:00:00', '0000-00-00 00:00:00', '0000-00-00 00:00:00'),
(304651, 'kontan dian', 'padang', '0', 2, '0000-00-00 00:00:00', '0000-00-00 00:00:00', '0000-00-00 00:00:00'),
(304652, 'ongah', 'mungka', '0', 2, '0000-00-00 00:00:00', '0000-00-00 00:00:00', '0000-00-00 00:00:00'),
(304653, 'uki', 'piladang', '0', 2, '0000-00-00 00:00:00', '0000-00-00 00:00:00', '0000-00-00 00:00:00'),
(304654, 'hengky', 'salimpaung', '0', 2, '0000-00-00 00:00:00', '0000-00-00 00:00:00', '0000-00-00 00:00:00'),
(304655, 'salsa', 'dangung2', '0', 2, '0000-00-00 00:00:00', '0000-00-00 00:00:00', '0000-00-00 00:00:00'),
(304656, 'samsuri', 'mudiak', '0', 2, '0000-00-00 00:00:00', '0000-00-00 00:00:00', '0000-00-00 00:00:00'),
(304657, 'rifnania', 'ampalu', '0', 2, '0000-00-00 00:00:00', '0000-00-00 00:00:00', '0000-00-00 00:00:00'),
(304658, 'wulan', 'gasan', '0', 2, '0000-00-00 00:00:00', '0000-00-00 00:00:00', '0000-00-00 00:00:00'),
(304659, 'alby', 'sp kp dagang', '0', 2, '0000-00-00 00:00:00', '0000-00-00 00:00:00', '0000-00-00 00:00:00'),
(304660, 'madhani', 'balai selasa', '0', 2, '0000-00-00 00:00:00', '0000-00-00 00:00:00', '0000-00-00 00:00:00'),
(304662, 'yuli', 'ps silaut', '0', 2, '0000-00-00 00:00:00', '0000-00-00 00:00:00', '0000-00-00 00:00:00'),
(304663, 'ilen', 'batang kapas', '0', 2, '0000-00-00 00:00:00', '0000-00-00 00:00:00', '0000-00-00 00:00:00'),
(304664, 'riri', 'lunang blok c', '0', 2, '0000-00-00 00:00:00', '0000-00-00 00:00:00', '0000-00-00 00:00:00'),
(304665, 'alfaro', 'blok D', '0', 2, '0000-00-00 00:00:00', '0000-00-00 00:00:00', '0000-00-00 00:00:00'),
(304666, 'zainal', 'beringin lunang', '0', 2, '0000-00-00 00:00:00', '0000-00-00 00:00:00', '0000-00-00 00:00:00'),
(304667, 'imron', 'lunang', '0', 2, '0000-00-00 00:00:00', '0000-00-00 00:00:00', '0000-00-00 00:00:00'),
(304668, 'vania', 'silaut', '0', 2, '0000-00-00 00:00:00', '0000-00-00 00:00:00', '0000-00-00 00:00:00'),
(304669, 'dona', 'lintas lunang', '0', 2, '0000-00-00 00:00:00', '0000-00-00 00:00:00', '0000-00-00 00:00:00'),
(304670, 'vita', 'jl.padang bengkulu KM 234', '0', 2, '0000-00-00 00:00:00', '0000-00-00 00:00:00', '0000-00-00 00:00:00'),
(304671, 'jasril', 'jl padang bengkulu', '0', 2, '0000-00-00 00:00:00', '0000-00-00 00:00:00', '0000-00-00 00:00:00'),
(304672, '6 saudara', 'simp. talaok', '0', 2, '0000-00-00 00:00:00', '0000-00-00 00:00:00', '0000-00-00 00:00:00'),
(304673, 'farhan', 'mato aie', '0', 2, '0000-00-00 00:00:00', '0000-00-00 00:00:00', '0000-00-00 00:00:00'),
(304676, 'yuli', 'Jl.ps lunang silaut', '0', 2, '0000-00-00 00:00:00', '0000-00-00 00:00:00', '0000-00-00 00:00:00'),
(304716, 'mila', 'lubuk buaya', '0', 2, '0000-00-00 00:00:00', '0000-00-00 00:00:00', '0000-00-00 00:00:00'),
(304787, 'hanum', 'air haji', '0', 2, '0000-00-00 00:00:00', '0000-00-00 00:00:00', '0000-00-00 00:00:00'),
(304788, 'diki', 'air haji', '0', 2, '0000-00-00 00:00:00', '0000-00-00 00:00:00', '0000-00-00 00:00:00'),
(304789, 'sidi', 'air haji', '0', 2, '0000-00-00 00:00:00', '0000-00-00 00:00:00', '0000-00-00 00:00:00'),
(304790, 'alfianto', 'pessel', '0', 2, '0000-00-00 00:00:00', '0000-00-00 00:00:00', '0000-00-00 00:00:00'),
(304791, 'son', 'ps. sei sirah', '0', 2, '0000-00-00 00:00:00', '0000-00-00 00:00:00', '0000-00-00 00:00:00'),
(304792, 'nasrul', 'ps kp dalam', '0', 2, '0000-00-00 00:00:00', '0000-00-00 00:00:00', '0000-00-00 00:00:00'),
(304793, 'della', 'aia dingin', '0', 2, '0000-00-00 00:00:00', '0000-00-00 00:00:00', '0000-00-00 00:00:00'),
(304794, 'rika', 'manganti', '0', 2, '0000-00-00 00:00:00', '0000-00-00 00:00:00', '0000-00-00 00:00:00'),
(304795, 'rahmat', 'rambatan', '0', 2, '0000-00-00 00:00:00', '0000-00-00 00:00:00', '0000-00-00 00:00:00'),
(304796, 'hany', 'simp. marunggi', '0', 2, '0000-00-00 00:00:00', '0000-00-00 00:00:00', '0000-00-00 00:00:00'),
(304797, 'randi', 'sialang', '0', 2, '0000-00-00 00:00:00', '0000-00-00 00:00:00', '0000-00-00 00:00:00'),
(304798, 'pakdo rian', 'koja', '0', 2, '0000-00-00 00:00:00', '0000-00-00 00:00:00', '0000-00-00 00:00:00'),
(304799, 'leni', 'sinalungking', '0', 2, '0000-00-00 00:00:00', '0000-00-00 00:00:00', '0000-00-00 00:00:00'),
(304800, 'leni', 'sibalungking', '0', 2, '0000-00-00 00:00:00', '0000-00-00 00:00:00', '0000-00-00 00:00:00'),
(304801, 'armen', 'padang bio bio', '0', 2, '0000-00-00 00:00:00', '0000-00-00 00:00:00', '0000-00-00 00:00:00'),
(304802, 'FAHNIA', 'PETAI', '0', 0, '0000-00-00 00:00:00', '0000-00-00 00:00:00', '0000-00-00 00:00:00'),
(304803, 'SUDARTI', 'SAKO', '0', 0, '0000-00-00 00:00:00', '0000-00-00 00:00:00', '0000-00-00 00:00:00'),
(304805, 'SANDI', 'SAKO', '0', 0, '0000-00-00 00:00:00', '0000-00-00 00:00:00', '0000-00-00 00:00:00'),
(304808, 'piko andika', 'sigunta mudo', '0', 2, '0000-00-00 00:00:00', '0000-00-00 00:00:00', '0000-00-00 00:00:00'),
(304809, 'rino', 'air tambang', '0', 2, '0000-00-00 00:00:00', '0000-00-00 00:00:00', '0000-00-00 00:00:00'),
(304810, 'vera', 'blok c', '0', 2, '0000-00-00 00:00:00', '0000-00-00 00:00:00', '0000-00-00 00:00:00'),
(304811, 'hendra', 'silaut', '0', 2, '0000-00-00 00:00:00', '0000-00-00 00:00:00', '0000-00-00 00:00:00'),
(304812, 'aliza-zahra', 'silaut lb bunta', '0', 2, '0000-00-00 00:00:00', '0000-00-00 00:00:00', '0000-00-00 00:00:00'),
(304813, 'adwi', 'ampang parak', '0', 2, '0000-00-00 00:00:00', '0000-00-00 00:00:00', '0000-00-00 00:00:00'),
(304814, 'arsysd', 'bungo pasang', '0', 2, '0000-00-00 00:00:00', '0000-00-00 00:00:00', '0000-00-00 00:00:00'),
(304817, 'nopi', 'pulau punjung', '0', 2, '0000-00-00 00:00:00', '0000-00-00 00:00:00', '0000-00-00 00:00:00'),
(304818, 'adis', 'pulau punjung', '0', 2, '0000-00-00 00:00:00', '0000-00-00 00:00:00', '0000-00-00 00:00:00'),
(304839, 'IWIT', 'PASIR P', '0', 0, '0000-00-00 00:00:00', '0000-00-00 00:00:00', '0000-00-00 00:00:00'),
(304843, 'yenti', 'padang sarai', '82387424554', 2, '0000-00-00 00:00:00', '0000-00-00 00:00:00', '0000-00-00 00:00:00'),
(304844, 'firdaus', 'ps tempurung', '85274877056', 2, '0000-00-00 00:00:00', '0000-00-00 00:00:00', '0000-00-00 00:00:00'),
(304845, 'reni', 'pasaman barat', '0', 2, '0000-00-00 00:00:00', '0000-00-00 00:00:00', '0000-00-00 00:00:00'),
(304846, 'sofia', 'pasaman baru', '0', 2, '0000-00-00 00:00:00', '0000-00-00 00:00:00', '0000-00-00 00:00:00'),
(304847, 'riski', 'pdg sibalungkiang', '0', 2, '0000-00-00 00:00:00', '0000-00-00 00:00:00', '0000-00-00 00:00:00'),
(304848, 'suci', 'bawan', '0', 2, '0000-00-00 00:00:00', '0000-00-00 00:00:00', '0000-00-00 00:00:00'),
(304849, 'leni', 'koto batung', '0', 2, '0000-00-00 00:00:00', '0000-00-00 00:00:00', '0000-00-00 00:00:00'),
(304850, 'kaminar', 'cacang ranah', '0', 2, '0000-00-00 00:00:00', '0000-00-00 00:00:00', '0000-00-00 00:00:00'),
(304851, 'kontan eko', 'pasaman barat', '0', 2, '0000-00-00 00:00:00', '0000-00-00 00:00:00', '0000-00-00 00:00:00'),
(304863, 'JHONI', 'ARAH PATAH', '-', 2, '0000-00-00 00:00:00', '0000-00-00 00:00:00', '0000-00-00 00:00:00'),
(304864, 'VERA', 'JLN. PAGAI', '-', 2, '0000-00-00 00:00:00', '0000-00-00 00:00:00', '0000-00-00 00:00:00'),
(304865, 'YUMERTA', 'TUNGGUA HITAM', '-', 2, '0000-00-00 00:00:00', '0000-00-00 00:00:00', '0000-00-00 00:00:00'),
(304866, 'AYUMI', '-', '-', 2, '0000-00-00 00:00:00', '0000-00-00 00:00:00', '0000-00-00 00:00:00'),
(304867, 'NASUTION', 'PADANG SARAI', '-', 2, '0000-00-00 00:00:00', '0000-00-00 00:00:00', '0000-00-00 00:00:00'),
(304868, 'ARKA', 'ABRUSI PEMBA', '-', 2, '0000-00-00 00:00:00', '0000-00-00 00:00:00', '0000-00-00 00:00:00'),
(304869, 'DEDE', 'KOMPLEK WISMA INDAH LESTARI', '-', 2, '0000-00-00 00:00:00', '0000-00-00 00:00:00', '0000-00-00 00:00:00'),
(304870, 'SARI', 'JL.RAYA PADANG SARI', '-', 2, '0000-00-00 00:00:00', '0000-00-00 00:00:00', '0000-00-00 00:00:00'),
(304871, 'TPI MUARO ANAI', 'MUARO ANAI', '-', 2, '0000-00-00 00:00:00', '0000-00-00 00:00:00', '0000-00-00 00:00:00'),
(304872, 'EF', 'TABEK BATU', '-', 2, '0000-00-00 00:00:00', '0000-00-00 00:00:00', '0000-00-00 00:00:00'),
(304873, 'YANTI', 'KURAU', '-', 2, '0000-00-00 00:00:00', '0000-00-00 00:00:00', '0000-00-00 00:00:00'),
(304874, 'YEN', 'GANG NAGA', '-', 2, '0000-00-00 00:00:00', '0000-00-00 00:00:00', '0000-00-00 00:00:00'),
(304875, 'AS', 'LIMAU MANIH', '-', 2, '0000-00-00 00:00:00', '0000-00-00 00:00:00', '0000-00-00 00:00:00'),
(304881, 'CASH RETAIL PADANG KOTA', 'PADANG KOTA', '-', 2, '0000-00-00 00:00:00', '0000-00-00 00:00:00', '0000-00-00 00:00:00'),
(304886, 'RIDHO', 'SULIKI', '-', 2, '0000-00-00 00:00:00', '0000-00-00 00:00:00', '0000-00-00 00:00:00'),
(304888, 'ZIKRI', 'TALANG', '0', 2, '0000-00-00 00:00:00', '0000-00-00 00:00:00', '0000-00-00 00:00:00'),
(304889, 'KONTAN HAFIDH', 'PARIAMAN', '0', 2, '0000-00-00 00:00:00', '0000-00-00 00:00:00', '0000-00-00 00:00:00'),
(304890, 'KONTAN ARIEF', 'PASAMAAN', '0', 2, '0000-00-00 00:00:00', '0000-00-00 00:00:00', '0000-00-00 00:00:00'),
(304891, 'RIKI', 'ALAHAN MATI', '0853-7652-3438', 2, '0000-00-00 00:00:00', '0000-00-00 00:00:00', '0000-00-00 00:00:00'),
(304892, 'BALQIS/IYAS', 'MALAMPAH', '0822-1009-2776', 2, '0000-00-00 00:00:00', '0000-00-00 00:00:00', '0000-00-00 00:00:00'),
(304893, 'TK.BERKAH', 'L.SIKAPIANG', '-', 2, '0000-00-00 00:00:00', '0000-00-00 00:00:00', '0000-00-00 00:00:00'),
(304894, 'TK.KUBIAH', 'PANTI', '-', 2, '0000-00-00 00:00:00', '0000-00-00 00:00:00', '0000-00-00 00:00:00'),
(304895, 'TK RAO-JAYA', 'PASAR RAO', '-', 2, '0000-00-00 00:00:00', '0000-00-00 00:00:00', '0000-00-00 00:00:00'),
(304896, 'TK.DAS', 'RANBIK PANJANG', '-', 2, '0000-00-00 00:00:00', '0000-00-00 00:00:00', '0000-00-00 00:00:00'),
(304897, '2 PUTRA', 'LUBUNG', '-', 2, '0000-00-00 00:00:00', '0000-00-00 00:00:00', '0000-00-00 00:00:00'),
(304898, 'KONTAN ALFIANTO', 'PESISIR II', '-', 2, '0000-00-00 00:00:00', '0000-00-00 00:00:00', '0000-00-00 00:00:00'),
(304899, 'AURORA', 'ILALANG PANJANG', '-', 2, '0000-00-00 00:00:00', '0000-00-00 00:00:00', '0000-00-00 00:00:00'),
(304900, 'TK.IGUS', 'TANJUNG MUDIK', '-', 2, '0000-00-00 00:00:00', '0000-00-00 00:00:00', '0000-00-00 00:00:00'),
(304901, 'ARIFA', 'PUNGGAJAN', '-', 2, '0000-00-00 00:00:00', '0000-00-00 00:00:00', '0000-00-00 00:00:00'),
(304902, 'PIKO', 'PUNGGAJAN', '-', 2, '0000-00-00 00:00:00', '0000-00-00 00:00:00', '0000-00-00 00:00:00'),
(304903, 'TK IKBAL', 'PASAR AIR HAJI', '-', 2, '0000-00-00 00:00:00', '0000-00-00 00:00:00', '0000-00-00 00:00:00'),
(304904, 'TK RIZKI', 'PUNGGASAN', '-', 2, '0000-00-00 00:00:00', '0000-00-00 00:00:00', '0000-00-00 00:00:00'),
(304905, 'SAKHDA', 'INDOPURU', '-', 2, '0000-00-00 00:00:00', '0000-00-00 00:00:00', '0000-00-00 00:00:00'),
(304906, 'NAJUAN', 'SUNGAI PUYUNG', '-', 2, '0000-00-00 00:00:00', '0000-00-00 00:00:00', '0000-00-00 00:00:00'),
(304907, 'PAK KUMIS', 'JENII', '-', 2, '0000-00-00 00:00:00', '0000-00-00 00:00:00', '0000-00-00 00:00:00'),
(304908, 'IQBAL', 'TIGO SUNGAI INDAPURA', '-', 2, '0000-00-00 00:00:00', '0000-00-00 00:00:00', '0000-00-00 00:00:00'),
(304909, 'LIDRA', 'BUKIK KICIAK', '-', 2, '0000-00-00 00:00:00', '0000-00-00 00:00:00', '0000-00-00 00:00:00'),
(304910, 'DENDI', 'BUKIK KACIAK', '-', 2, '0000-00-00 00:00:00', '0000-00-00 00:00:00', '0000-00-00 00:00:00'),
(304911, 'SINAR FAJAR', '-', '-', 2, '0000-00-00 00:00:00', '0000-00-00 00:00:00', '0000-00-00 00:00:00'),
(304912, 'RIKA', 'MUARA PANDIS', '-', 2, '0000-00-00 00:00:00', '0000-00-00 00:00:00', '0000-00-00 00:00:00'),
(304913, 'SIROS', 'KOTO SABUKIK', '-', 2, '0000-00-00 00:00:00', '0000-00-00 00:00:00', '0000-00-00 00:00:00'),
(304914, 'LUSY', 'BIA RAMBIHAN PUNGGISAN', '-', 2, '0000-00-00 00:00:00', '0000-00-00 00:00:00', '0000-00-00 00:00:00'),
(304915, 'MARSYAH', 'PASAR PADANG PASIR', '-', 2, '0000-00-00 00:00:00', '0000-00-00 00:00:00', '0000-00-00 00:00:00'),
(304917, 'KONTAN EKO', 'PARIAMAN', '-', 2, '0000-00-00 00:00:00', '0000-00-00 00:00:00', '0000-00-00 00:00:00'),
(304918, 'ANGGA', 'PARIAMAN', '-', 2, '0000-00-00 00:00:00', '0000-00-00 00:00:00', '0000-00-00 00:00:00'),
(304919, 'RIKO', 'SOLOK', '-', 2, '0000-00-00 00:00:00', '0000-00-00 00:00:00', '0000-00-00 00:00:00'),
(304938, 'DIAN / RAHMAN', 'PASAR BATANG KAPAS', '-', 2, '0000-00-00 00:00:00', '0000-00-00 00:00:00', '0000-00-00 00:00:00'),
(304939, '3 PUTRA', 'M SAKAI', '0812-7024-8090', 2, '0000-00-00 00:00:00', '0000-00-00 00:00:00', '0000-00-00 00:00:00'),
(304940, 'LANDRA', 'MUARO PANDAN SMP2', '-', 2, '0000-00-00 00:00:00', '0000-00-00 00:00:00', '0000-00-00 00:00:00'),
(304941, 'ARSYAD', 'BUNGO PASANG', '-', 2, '0000-00-00 00:00:00', '0000-00-00 00:00:00', '0000-00-00 00:00:00'),
(304942, 'MARSINI', 'JL. PASAR PAGI M SAKAI', '-', 2, '0000-00-00 00:00:00', '0000-00-00 00:00:00', '0000-00-00 00:00:00'),
(304943, 'VANDY', 'BLOK C', '-', 2, '0000-00-00 00:00:00', '0000-00-00 00:00:00', '0000-00-00 00:00:00'),
(304949, 'PAK KATIB', 'TARATAK PAUH', '0', 2, '0000-00-00 00:00:00', '0000-00-00 00:00:00', '0000-00-00 00:00:00'),
(304950, 'YUSUF', 'TARATAK PAUH', '0', 2, '0000-00-00 00:00:00', '0000-00-00 00:00:00', '0000-00-00 00:00:00'),
(304951, 'ANIES', 'SUNGAI ABONG', '-', 2, '0000-00-00 00:00:00', '0000-00-00 00:00:00', '0000-00-00 00:00:00'),
(304952, 'ARSY', 'PADANG ARO', '-', 2, '0000-00-00 00:00:00', '0000-00-00 00:00:00', '0000-00-00 00:00:00'),
(304953, 'RIZKY KOMO', 'AIA DINGIN', '-', 2, '0000-00-00 00:00:00', '0000-00-00 00:00:00', '0000-00-00 00:00:00'),
(304954, 'JOANDRA', 'TARATAK GALUNDI', '-', 2, '0000-00-00 00:00:00', '0000-00-00 00:00:00', '0000-00-00 00:00:00'),
(304964, 'RAHMI', 'SUNGAI TAMBANG', '0', 2, '0000-00-00 00:00:00', '0000-00-00 00:00:00', '0000-00-00 00:00:00'),
(304966, 'TK ABE JAYA', 'MANGROPOH', '0813-6432-2347', 2, '0000-00-00 00:00:00', '0000-00-00 00:00:00', '0000-00-00 00:00:00'),
(304967, 'TK.NABIL', 'SASAK/KAPA', '-', 2, '0000-00-00 00:00:00', '0000-00-00 00:00:00', '0000-00-00 00:00:00'),
(304987, 'RINI', 'KADAI ALAM / SUNGAI RUTAN', '-', 2, '0000-00-00 00:00:00', '0000-00-00 00:00:00', '0000-00-00 00:00:00'),
(304988, 'SAHDA', 'INDRAPURA', '-', 2, '0000-00-00 00:00:00', '0000-00-00 00:00:00', '0000-00-00 00:00:00'),
(304989, 'NAZARUDIN', 'INDRAPURA', '-', 2, '0000-00-00 00:00:00', '0000-00-00 00:00:00', '0000-00-00 00:00:00'),
(304990, 'HEN', 'LABUHAN TANJAK', '-', 2, '0000-00-00 00:00:00', '0000-00-00 00:00:00', '0000-00-00 00:00:00'),
(304991, 'AULIA', '-', '-', 2, '0000-00-00 00:00:00', '0000-00-00 00:00:00', '0000-00-00 00:00:00'),
(304992, 'AN', 'BALIK GUNUNG', '-', 2, '0000-00-00 00:00:00', '0000-00-00 00:00:00', '0000-00-00 00:00:00'),
(304993, 'AM', 'BALUK GUNUNG', '-', 2, '0000-00-00 00:00:00', '0000-00-00 00:00:00', '0000-00-00 00:00:00'),
(304995, 'KONTAN ARIF', 'PESSEL', '0', 2, '0000-00-00 00:00:00', '0000-00-00 00:00:00', '0000-00-00 00:00:00'),
(304996, 'TK ARSYAD', 'SALIDO KETEK', '-', 2, '0000-00-00 00:00:00', '0000-00-00 00:00:00', '0000-00-00 00:00:00'),
(304997, '6 SAUDARA', 'TALAOK', '-', 2, '0000-00-00 00:00:00', '0000-00-00 00:00:00', '0000-00-00 00:00:00'),
(304998, 'KS 2 PASA BARU', 'PASAR BARU', '0823-8796-1095', 2, '0000-00-00 00:00:00', '0000-00-00 00:00:00', '0000-00-00 00:00:00'),
(304999, 'FAUZAN', 'LAGUAN', '-', 2, '0000-00-00 00:00:00', '0000-00-00 00:00:00', '0000-00-00 00:00:00'),
(305000, 'IIT', 'ZIL-ZAH', '-', 2, '0000-00-00 00:00:00', '0000-00-00 00:00:00', '0000-00-00 00:00:00'),
(305001, 'TAUFIK', 'LUBUK BUAYO', '-', 2, '0000-00-00 00:00:00', '0000-00-00 00:00:00', '0000-00-00 00:00:00'),
(305002, 'TK UPIK', 'LUBUK BUAYO', '-', 2, '0000-00-00 00:00:00', '0000-00-00 00:00:00', '0000-00-00 00:00:00'),
(305003, 'HASAN', 'BALIAK GUNUNG', '-', 2, '0000-00-00 00:00:00', '0000-00-00 00:00:00', '0000-00-00 00:00:00'),
(305004, 'ALDI', 'TIMPEH', '-', 2, '0000-00-00 00:00:00', '0000-00-00 00:00:00', '0000-00-00 00:00:00'),
(305005, 'MAKRIFAT', 'RAMBATAN', '0813-7407-2886', 2, '0000-00-00 00:00:00', '0000-00-00 00:00:00', '0000-00-00 00:00:00'),
(305014, 'AIRIN', 'BLOK C', '-', 2, '0000-00-00 00:00:00', '0000-00-00 00:00:00', '0000-00-00 00:00:00'),
(305015, 'FERO', 'BLOK C LUNANG', '0822-8426-3623', 2, '0000-00-00 00:00:00', '0000-00-00 00:00:00', '0000-00-00 00:00:00'),
(305016, 'FAMILY', 'SUNGAI TUNUH', '-', 2, '0000-00-00 00:00:00', '0000-00-00 00:00:00', '0000-00-00 00:00:00'),
(305017, 'TK IGUS', 'TANJUNG MUDIK', '-', 2, '0000-00-00 00:00:00', '0000-00-00 00:00:00', '0000-00-00 00:00:00');
INSERT INTO `customer` (`id_customer`, `nama_customer`, `alamat_customer`, `no_hp_customer`, `id_branch`, `created_at`, `updated_at`, `deleted_at`) VALUES
(305018, 'IYAL', 'PUNGGASAN', '-', 2, '0000-00-00 00:00:00', '0000-00-00 00:00:00', '0000-00-00 00:00:00'),
(305019, 'CICI', 'SIMPANG LAGAN', '-', 2, '0000-00-00 00:00:00', '0000-00-00 00:00:00', '0000-00-00 00:00:00'),
(305020, 'DODI', 'SIMP. MUARA GADANG', '-', 2, '0000-00-00 00:00:00', '0000-00-00 00:00:00', '0000-00-00 00:00:00'),
(305021, 'ADIT', '-', '-', 2, '0000-00-00 00:00:00', '0000-00-00 00:00:00', '0000-00-00 00:00:00'),
(305023, 'OFFICE PADANG', 'PADANG', '0', 0, '0000-00-00 00:00:00', '0000-00-00 00:00:00', '0000-00-00 00:00:00'),
(305028, 'KONTAN HAFIDZ', 'PASAMAN', '-', 2, '0000-00-00 00:00:00', '0000-00-00 00:00:00', '0000-00-00 00:00:00'),
(305033, 'TK DONI', 'LINTAS LUNANG', '0813-8128-8593', 2, '0000-00-00 00:00:00', '0000-00-00 00:00:00', '0000-00-00 00:00:00'),
(305034, 'DIKA', 'BY PAS KM 17', '-', 2, '0000-00-00 00:00:00', '0000-00-00 00:00:00', '0000-00-00 00:00:00'),
(305038, 'KONTAN IRHAM', 'PAYAKUMBUH-BT SANGKAR', '-', 2, '0000-00-00 00:00:00', '0000-00-00 00:00:00', '0000-00-00 00:00:00'),
(305046, 'CIK WAN', 'KAMPUNG TENGAH', '-', 2, '0000-00-00 00:00:00', '0000-00-00 00:00:00', '0000-00-00 00:00:00'),
(305078, 'RETAIL KONTAN RISKY AKBAR', 'PARIAMAN', '-', 2, '0000-00-00 00:00:00', '0000-00-00 00:00:00', '0000-00-00 00:00:00'),
(305086, 'DANI / DA HEN', 'TJ PATI', '-', 2, '0000-00-00 00:00:00', '0000-00-00 00:00:00', '0000-00-00 00:00:00'),
(305091, 'FATUR', 'KURAI TAJI', '0812-6775-822', 2, '0000-00-00 00:00:00', '0000-00-00 00:00:00', '0000-00-00 00:00:00'),
(305092, 'ANIS', 'AIA DINGIN', '85263395500', 2, '0000-00-00 00:00:00', '0000-00-00 00:00:00', '0000-00-00 00:00:00'),
(305093, 'QIARA CELL', 'RIMBO DATA', '0821-7263-1857', 2, '0000-00-00 00:00:00', '0000-00-00 00:00:00', '0000-00-00 00:00:00'),
(305094, 'DEA', 'RIMBO DATA', '0', 2, '0000-00-00 00:00:00', '0000-00-00 00:00:00', '0000-00-00 00:00:00'),
(305095, 'REVAN (EF)', 'SIMP. SINDANG LUNANG', '0', 2, '0000-00-00 00:00:00', '0000-00-00 00:00:00', '0000-00-00 00:00:00'),
(305096, 'HD A 3', 'SIMP. KTM SILAUT', '0', 2, '0000-00-00 00:00:00', '0000-00-00 00:00:00', '0000-00-00 00:00:00'),
(305105, 'LALA', 'BATU HAMPA', '0', 2, '0000-00-00 00:00:00', '0000-00-00 00:00:00', '0000-00-00 00:00:00'),
(305108, 'EXC BUNGO', 'BUNGO', '-', 2, '0000-00-00 00:00:00', '0000-00-00 00:00:00', '0000-00-00 00:00:00'),
(305109, 'MAJID', 'PARIAMAN', '-', 2, '0000-00-00 00:00:00', '0000-00-00 00:00:00', '0000-00-00 00:00:00'),
(305111, 'RAFIL', 'SUNGAI PAKU', '0', 0, '0000-00-00 00:00:00', '0000-00-00 00:00:00', '0000-00-00 00:00:00'),
(305112, 'WINDA', 'PETAI', '0', 0, '0000-00-00 00:00:00', '0000-00-00 00:00:00', '0000-00-00 00:00:00'),
(305114, 'MAMA KESYA', 'JL. WISATA MANDEH', '-', 2, '0000-00-00 00:00:00', '0000-00-00 00:00:00', '0000-00-00 00:00:00'),
(305123, 'MADANI', 'PS. BALAI SALASA', '-', 2, '0000-00-00 00:00:00', '0000-00-00 00:00:00', '0000-00-00 00:00:00'),
(305124, 'USMANIAR', 'SP DURIAN KAPEH', '-', 2, '0000-00-00 00:00:00', '0000-00-00 00:00:00', '0000-00-00 00:00:00'),
(305125, 'TK WULAN', 'LRASAN KETEK', '-', 2, '0000-00-00 00:00:00', '0000-00-00 00:00:00', '0000-00-00 00:00:00'),
(305126, 'TK SISRI', 'TIKU', '-', 2, '0000-00-00 00:00:00', '0000-00-00 00:00:00', '0000-00-00 00:00:00'),
(305127, 'TK ZAKI', 'PANTI PETOK', '-', 2, '0000-00-00 00:00:00', '0000-00-00 00:00:00', '0000-00-00 00:00:00'),
(305128, 'IMRON', 'SONTANG', '-', 2, '0000-00-00 00:00:00', '0000-00-00 00:00:00', '0000-00-00 00:00:00'),
(305143, 'BR KUDUS', 'KUDUS', '-', 2, '0000-00-00 00:00:00', '0000-00-00 00:00:00', '0000-00-00 00:00:00'),
(305144, 'TK ZUL', 'BAYANG', '-', 2, '0000-00-00 00:00:00', '0000-00-00 00:00:00', '0000-00-00 00:00:00'),
(305145, 'F & F', 'PSR TIMPURUNG', '-', 2, '0000-00-00 00:00:00', '0000-00-00 00:00:00', '0000-00-00 00:00:00'),
(305146, 'TK MAR', 'PSR TIMPURUNG', '-', 2, '0000-00-00 00:00:00', '0000-00-00 00:00:00', '0000-00-00 00:00:00'),
(305147, 'TK FAJRI 2', 'SIMP. KAPUNDUNG - KINALI', '0822-8808-8995', 2, '0000-00-00 00:00:00', '0000-00-00 00:00:00', '0000-00-00 00:00:00'),
(305154, 'TRI ANGLE', 'SIMP PATAI', '-', 2, '0000-00-00 00:00:00', '0000-00-00 00:00:00', '0000-00-00 00:00:00'),
(305155, 'ARMEN', 'SIMABUR', '-', 2, '0000-00-00 00:00:00', '0000-00-00 00:00:00', '0000-00-00 00:00:00'),
(305156, 'DEWI', 'SIMP PATAI', '-', 2, '0000-00-00 00:00:00', '0000-00-00 00:00:00', '0000-00-00 00:00:00'),
(305157, 'TK CITRA', 'LINTAS PADANG LABUAH', '0812-6740-5182', 2, '0000-00-00 00:00:00', '0000-00-00 00:00:00', '0000-00-00 00:00:00'),
(305158, 'KEDAI IZAM', 'JL.RAYA KOTO BARU BARIANG', '-', 2, '0000-00-00 00:00:00', '0000-00-00 00:00:00', '0000-00-00 00:00:00'),
(305159, 'TK ADI', 'SP 4 KOTO SAWAH', '-', 2, '0000-00-00 00:00:00', '0000-00-00 00:00:00', '0000-00-00 00:00:00'),
(305160, 'TK RIA', 'UJUNG LADIANG', '-', 2, '0000-00-00 00:00:00', '0000-00-00 00:00:00', '0000-00-00 00:00:00'),
(305161, 'TK LUBIS', 'UJUNG LADING', '-', 2, '0000-00-00 00:00:00', '0000-00-00 00:00:00', '0000-00-00 00:00:00'),
(305162, 'TOKO HABIL', 'SIMPANG 4', '-', 2, '0000-00-00 00:00:00', '0000-00-00 00:00:00', '0000-00-00 00:00:00'),
(305169, 'UCOK', 'GUNUNG SARI', '0', 0, '0000-00-00 00:00:00', '0000-00-00 00:00:00', '0000-00-00 00:00:00'),
(305170, 'DUA PUTRI', 'TALUK KUANTAN', '0', 0, '0000-00-00 00:00:00', '0000-00-00 00:00:00', '0000-00-00 00:00:00'),
(305171, 'FATHAR', 'TANJUNG BALIK', '-', 2, '0000-00-00 00:00:00', '0000-00-00 00:00:00', '0000-00-00 00:00:00'),
(305172, 'FATHAR', 'TANJUNG BALIK', '-', 2, '0000-00-00 00:00:00', '0000-00-00 00:00:00', '0000-00-00 00:00:00'),
(305180, 'SISKA', 'PONGASAN', '-', 2, '0000-00-00 00:00:00', '0000-00-00 00:00:00', '0000-00-00 00:00:00'),
(305181, 'NAANG ARNI', 'ULU SULITI', '-', 2, '0000-00-00 00:00:00', '0000-00-00 00:00:00', '0000-00-00 00:00:00'),
(305182, 'TK RIN', 'NARAS', '0812-6748-6695', 2, '0000-00-00 00:00:00', '0000-00-00 00:00:00', '0000-00-00 00:00:00'),
(305189, 'BR AMBON', 'AMBON', '-', 2, '0000-00-00 00:00:00', '0000-00-00 00:00:00', '0000-00-00 00:00:00'),
(305194, 'TK RIZKY', 'SIMP. RUMBAI JORONG II RAO', '-', 2, '0000-00-00 00:00:00', '0000-00-00 00:00:00', '0000-00-00 00:00:00'),
(305195, 'ILEN', 'TELUK BETUNG', '-', 2, '0000-00-00 00:00:00', '0000-00-00 00:00:00', '0000-00-00 00:00:00'),
(305196, 'TK RAISA', 'LUBUAK LAYANG', '-', 2, '0000-00-00 00:00:00', '0000-00-00 00:00:00', '0000-00-00 00:00:00'),
(305197, 'ANISA', 'SUNDATO', '0', 2, '0000-00-00 00:00:00', '0000-00-00 00:00:00', '0000-00-00 00:00:00'),
(305198, 'ITA', 'TIMPEH KAMPUNG', '-', 2, '0000-00-00 00:00:00', '0000-00-00 00:00:00', '0000-00-00 00:00:00'),
(305199, 'TK MARSYAH', 'MUARO KANDIH', '-', 2, '0000-00-00 00:00:00', '0000-00-00 00:00:00', '0000-00-00 00:00:00'),
(305203, 'ANTO / VITA', 'LUNANG', '-', 2, '0000-00-00 00:00:00', '0000-00-00 00:00:00', '0000-00-00 00:00:00'),
(305204, 'NAYIA', 'PUNCAK ALAI', '-', 2, '0000-00-00 00:00:00', '0000-00-00 00:00:00', '0000-00-00 00:00:00'),
(305205, 'SEMOGA BERKAH', 'MALINTANG', '-', 2, '0000-00-00 00:00:00', '0000-00-00 00:00:00', '0000-00-00 00:00:00'),
(305206, 'OCHIN', 'PINCURAN PUTI', '-', 2, '0000-00-00 00:00:00', '0000-00-00 00:00:00', '0000-00-00 00:00:00'),
(305207, 'ANB', 'KUMANGO', '-', 2, '0000-00-00 00:00:00', '0000-00-00 00:00:00', '0000-00-00 00:00:00'),
(305208, 'KEMBAR', 'KOTO LAWEH', '-', 2, '0000-00-00 00:00:00', '0000-00-00 00:00:00', '0000-00-00 00:00:00'),
(305209, 'KEDAI PAK WALI', 'LUBUK MATO KUCING', '-', 2, '0000-00-00 00:00:00', '0000-00-00 00:00:00', '0000-00-00 00:00:00'),
(305212, 'MONA', 'SUNGAI LANSEK', '-', 2, '0000-00-00 00:00:00', '0000-00-00 00:00:00', '0000-00-00 00:00:00'),
(305213, 'ARMEN', 'TIMPEH', '-', 2, '0000-00-00 00:00:00', '0000-00-00 00:00:00', '0000-00-00 00:00:00'),
(305216, 'KESSY', 'KEC.BAYANG', '-', 2, '0000-00-00 00:00:00', '0000-00-00 00:00:00', '0000-00-00 00:00:00'),
(305217, 'ERA', 'HALABAN', '-', 2, '0000-00-00 00:00:00', '0000-00-00 00:00:00', '0000-00-00 00:00:00'),
(305218, 'TETEN', 'GADUIK', '-', 2, '0000-00-00 00:00:00', '0000-00-00 00:00:00', '0000-00-00 00:00:00'),
(305219, 'EKI', 'HALABAN', '-', 2, '0000-00-00 00:00:00', '0000-00-00 00:00:00', '0000-00-00 00:00:00'),
(305220, 'MAHMUDIN', 'PKU', '0', 1, '0000-00-00 00:00:00', '0000-00-00 00:00:00', '0000-00-00 00:00:00'),
(305221, 'AMIT', 'PANGEAN', '0', 0, '0000-00-00 00:00:00', '0000-00-00 00:00:00', '0000-00-00 00:00:00'),
(305222, 'SINAR JAYA', 'BENAI', '0', 0, '0000-00-00 00:00:00', '0000-00-00 00:00:00', '0000-00-00 00:00:00'),
(305223, 'ULIL', 'PSAR SUNGAI SARIAK', '-', 2, '0000-00-00 00:00:00', '0000-00-00 00:00:00', '0000-00-00 00:00:00'),
(305224, 'AKBAR', 'LUNDAN - RAO', '0823-8416-7125', 2, '0000-00-00 00:00:00', '0000-00-00 00:00:00', '0000-00-00 00:00:00'),
(305225, 'LIDIA', 'BARUNG BALANTAI', '-', 2, '0000-00-00 00:00:00', '0000-00-00 00:00:00', '0000-00-00 00:00:00'),
(305226, 'YAZIR', 'SIGUNTUR', '-', 2, '0000-00-00 00:00:00', '0000-00-00 00:00:00', '0000-00-00 00:00:00'),
(305234, 'RIA', 'KUMANGO', '-', 2, '0000-00-00 00:00:00', '0000-00-00 00:00:00', '0000-00-00 00:00:00'),
(305239, 'TK ERNA', 'TARATAK TEMPATITI', '0812-6667-2912', 2, '0000-00-00 00:00:00', '0000-00-00 00:00:00', '0000-00-00 00:00:00'),
(305242, 'NADIA', 'AIA SANAM', '-', 2, '0000-00-00 00:00:00', '0000-00-00 00:00:00', '0000-00-00 00:00:00'),
(305243, 'CAHAYA BARU', 'SAWAH LAWEH TARUSAN', '-', 2, '0000-00-00 00:00:00', '0000-00-00 00:00:00', '0000-00-00 00:00:00'),
(305244, 'SHERLY', 'PASAR TARUSAN', '0813-6368-9979', 2, '0000-00-00 00:00:00', '0000-00-00 00:00:00', '0000-00-00 00:00:00'),
(305245, 'SYAKIRA', 'BATU KALANG TARUSAN', '-', 2, '0000-00-00 00:00:00', '0000-00-00 00:00:00', '0000-00-00 00:00:00'),
(305247, 'SWS RAHMI', 'TAMIANG AMPALU', '0813-6317-0362', 2, '0000-00-00 00:00:00', '0000-00-00 00:00:00', '0000-00-00 00:00:00'),
(305248, 'HANG', 'SIMPANG MAUNGGAL', '-', 2, '0000-00-00 00:00:00', '0000-00-00 00:00:00', '0000-00-00 00:00:00'),
(305254, 'KUDUS', 'OFFICE KUDUS', '0', 0, '0000-00-00 00:00:00', '0000-00-00 00:00:00', '0000-00-00 00:00:00'),
(305256, 'RIDHO', 'ILALANG PANJANG', '-', 2, '0000-00-00 00:00:00', '0000-00-00 00:00:00', '0000-00-00 00:00:00'),
(305258, 'MUSTOFA', 'SEI SARIAK SILAUT', '-', 2, '0000-00-00 00:00:00', '0000-00-00 00:00:00', '0000-00-00 00:00:00'),
(305259, 'UMI', 'HALABAN', '-', 2, '0000-00-00 00:00:00', '0000-00-00 00:00:00', '0000-00-00 00:00:00'),
(305260, 'NAYLA', 'PINCURAN PUTIH', '-', 2, '0000-00-00 00:00:00', '0000-00-00 00:00:00', '0000-00-00 00:00:00'),
(305261, 'NANDA', 'PADANG LUA', '-', 2, '0000-00-00 00:00:00', '0000-00-00 00:00:00', '0000-00-00 00:00:00'),
(305262, 'RIU', 'GARAGAHAN', '-', 2, '0000-00-00 00:00:00', '0000-00-00 00:00:00', '0000-00-00 00:00:00'),
(305263, 'TK VIKO', 'KOTO PANAI LINTAS AIR HAJI', '-', 2, '0000-00-00 00:00:00', '0000-00-00 00:00:00', '0000-00-00 00:00:00'),
(305264, 'IQBAL', 'PASAR AIR HAJI', '-', 2, '0000-00-00 00:00:00', '0000-00-00 00:00:00', '0000-00-00 00:00:00'),
(305269, 'TK RIKI', 'BUNUT', '-', 2, '0000-00-00 00:00:00', '0000-00-00 00:00:00', '0000-00-00 00:00:00'),
(305270, 'TK KHAILIS', 'SP SUMBER ALUNG', '-', 2, '0000-00-00 00:00:00', '0000-00-00 00:00:00', '0000-00-00 00:00:00'),
(305273, 'DEDI', 'PARIAMAN', '-', 2, '0000-00-00 00:00:00', '0000-00-00 00:00:00', '0000-00-00 00:00:00'),
(305274, 'ARIFAH / JENJAK', 'LINTAS LINGGO SARI BAGANTI', '-', 2, '0000-00-00 00:00:00', '0000-00-00 00:00:00', '0000-00-00 00:00:00'),
(305283, 'AGUS', 'KARYA OPHIR', '0812-4840-7557', 2, '0000-00-00 00:00:00', '0000-00-00 00:00:00', '0000-00-00 00:00:00'),
(305284, 'ZAHWA', 'KURAI TAJI', '0', 2, '0000-00-00 00:00:00', '0000-00-00 00:00:00', '0000-00-00 00:00:00'),
(305285, 'MUSLIARDI', 'PSR SUNGAI SARIAK', '-', 2, '0000-00-00 00:00:00', '0000-00-00 00:00:00', '0000-00-00 00:00:00'),
(305286, 'NELSON', 'KP JUA LUBEG', '-', 2, '0000-00-00 00:00:00', '0000-00-00 00:00:00', '0000-00-00 00:00:00'),
(305287, 'UTIAH', 'PSAR GAUNG', '-', 2, '0000-00-00 00:00:00', '0000-00-00 00:00:00', '0000-00-00 00:00:00'),
(305288, 'BOWO', 'MANGGALA', '0', 0, '0000-00-00 00:00:00', '0000-00-00 00:00:00', '0000-00-00 00:00:00'),
(305289, 'DAYAT (PERAWANG)', 'PERAWANG', '0', 0, '0000-00-00 00:00:00', '0000-00-00 00:00:00', '0000-00-00 00:00:00'),
(305290, 'ANNISA', 'SUNGAI BANGEK', '-', 2, '0000-00-00 00:00:00', '0000-00-00 00:00:00', '0000-00-00 00:00:00'),
(305351, 'SYAFA', 'JLN RAYA KOTO BARU MUARA LABUN', '0822-8683-7767', 2, '0000-00-00 00:00:00', '0000-00-00 00:00:00', '0000-00-00 00:00:00'),
(305355, 'BKS', 'AIR SANTOK', '-', 2, '0000-00-00 00:00:00', '0000-00-00 00:00:00', '0000-00-00 00:00:00'),
(305356, 'UMI', 'LUBUK BATINGKOK', '-', 2, '0000-00-00 00:00:00', '0000-00-00 00:00:00', '0000-00-00 00:00:00'),
(305361, 'IBNU', 'MANGGALA', '0', 0, '0000-00-00 00:00:00', '0000-00-00 00:00:00', '0000-00-00 00:00:00'),
(305362, 'SULAIMAN', 'SALIMPAUANG', '-', 2, '0000-00-00 00:00:00', '0000-00-00 00:00:00', '0000-00-00 00:00:00'),
(305367, 'ANDES', 'KALUMBUAK', '0751-497750', 2, '0000-00-00 00:00:00', '0000-00-00 00:00:00', '0000-00-00 00:00:00'),
(305370, 'PUTRA', 'MUARO SAKAI', '-', 2, '0000-00-00 00:00:00', '0000-00-00 00:00:00', '0000-00-00 00:00:00'),
(305371, 'SAKRIWAN', 'PARIT-KOTO BALINGKA', '-', 2, '0000-00-00 00:00:00', '0000-00-00 00:00:00', '0000-00-00 00:00:00'),
(305372, 'TK PAK EDY', 'BALAI SELASA', '-', 2, '0000-00-00 00:00:00', '0000-00-00 00:00:00', '0000-00-00 00:00:00'),
(305376, 'RITA', 'JL.BATU AMPA', '-', 2, '0000-00-00 00:00:00', '0000-00-00 00:00:00', '0000-00-00 00:00:00'),
(305379, 'AHMADI', 'KOTO BALINGKA', '0812-7726-5789', 2, '0000-00-00 00:00:00', '0000-00-00 00:00:00', '0000-00-00 00:00:00'),
(305381, 'TK ABU-JAYA', 'MANGGOPOH', '-', 2, '0000-00-00 00:00:00', '0000-00-00 00:00:00', '0000-00-00 00:00:00'),
(305389, 'MUTASI', 'PADANG', '-', 2, '0000-00-00 00:00:00', '0000-00-00 00:00:00', '0000-00-00 00:00:00'),
(305394, 'TK YUDAS', 'LUBUK MALALO', '0813-6550-5043', 2, '0000-00-00 00:00:00', '0000-00-00 00:00:00', '0000-00-00 00:00:00'),
(305395, 'TK RINI', 'TERMINAL SAGO', '-', 2, '0000-00-00 00:00:00', '0000-00-00 00:00:00', '0000-00-00 00:00:00'),
(305398, 'NABIL', 'SAWAHAN / DESA BARU', '0821-6937-0295', 2, '0000-00-00 00:00:00', '0000-00-00 00:00:00', '0000-00-00 00:00:00'),
(305399, 'TK ENDANG', 'DESA BARU', '0812-6682-9678', 2, '0000-00-00 00:00:00', '0000-00-00 00:00:00', '0000-00-00 00:00:00'),
(305400, 'TK RAHIMS', 'TAMIANG', '0813-6317-0362', 2, '0000-00-00 00:00:00', '0000-00-00 00:00:00', '0000-00-00 00:00:00'),
(305401, 'TK ANLIS', 'LUBUK  GADING', '0852-7194-3816', 2, '0000-00-00 00:00:00', '0000-00-00 00:00:00', '0000-00-00 00:00:00'),
(305403, 'TK YUSUF', 'Simp Bukit Cambai Alahan Pjg', '0812-6853-2280', 2, '0000-00-00 00:00:00', '0000-00-00 00:00:00', '0000-00-00 00:00:00'),
(305404, 'TK SOFA', 'KOTO BARU', '-', 2, '0000-00-00 00:00:00', '0000-00-00 00:00:00', '0000-00-00 00:00:00'),
(305407, 'ETY', 'S LIMAU', '0831-8228-2419', 2, '0000-00-00 00:00:00', '0000-00-00 00:00:00', '0000-00-00 00:00:00'),
(305411, 'PANAM JAYA', 'PKU', '0', 1, '0000-00-00 00:00:00', '0000-00-00 00:00:00', '0000-00-00 00:00:00'),
(305412, 'NILA KTN', 'PKU', '0', 1, '0000-00-00 00:00:00', '0000-00-00 00:00:00', '0000-00-00 00:00:00'),
(305413, 'MISHI', 'PKU', '0', 0, '0000-00-00 00:00:00', '0000-00-00 00:00:00', '0000-00-00 00:00:00'),
(305414, 'SEHAND', 'PERAWANG', '0', 0, '0000-00-00 00:00:00', '0000-00-00 00:00:00', '0000-00-00 00:00:00'),
(305424, 'TK WW (WARNAWARNI)', 'LINTAS PASAMAN NO 10', '0813-7631-0518', 2, '0000-00-00 00:00:00', '0000-00-00 00:00:00', '0000-00-00 00:00:00'),
(305429, 'BR GRESIK', 'GRESIK', '0', 2, '0000-00-00 00:00:00', '0000-00-00 00:00:00', '0000-00-00 00:00:00'),
(305433, 'TK H. ISMAIL', 'UJUNG GADIANG', '81535362625', 2, '0000-00-00 00:00:00', '0000-00-00 00:00:00', '0000-00-00 00:00:00'),
(305434, 'TK AIDIL', 'B. LINGKUNG', '-', 2, '0000-00-00 00:00:00', '0000-00-00 00:00:00', '0000-00-00 00:00:00'),
(305435, 'TK ASKA', 'PASAR TEMPURUNG', '0852-7465-6935', 2, '0000-00-00 00:00:00', '0000-00-00 00:00:00', '0000-00-00 00:00:00'),
(305439, 'HIDAYAT', 'SIAK', '0', 0, '0000-00-00 00:00:00', '0000-00-00 00:00:00', '0000-00-00 00:00:00'),
(305443, 'AL FATIH', 'PESANTREN', '0', 0, '0000-00-00 00:00:00', '0000-00-00 00:00:00', '0000-00-00 00:00:00'),
(305444, 'BOBY', 'OFFICEPKU', '0', 0, '0000-00-00 00:00:00', '0000-00-00 00:00:00', '0000-00-00 00:00:00'),
(305455, 'JENNY', '-', '0852-6333-3399', 2, '0000-00-00 00:00:00', '0000-00-00 00:00:00', '0000-00-00 00:00:00'),
(305456, 'TK ALFIN', 'LILI ATAS', '-', 2, '0000-00-00 00:00:00', '0000-00-00 00:00:00', '0000-00-00 00:00:00'),
(305457, 'H 2 D', 'LUNANG SIBUAT', '-', 2, '0000-00-00 00:00:00', '0000-00-00 00:00:00', '0000-00-00 00:00:00'),
(305460, 'ALPIN', 'PARIANGAN', '-', 2, '0000-00-00 00:00:00', '0000-00-00 00:00:00', '0000-00-00 00:00:00'),
(305461, 'RADA MART', 'JALAN RAYA BUKIT', '-', 2, '0000-00-00 00:00:00', '0000-00-00 00:00:00', '0000-00-00 00:00:00'),
(305463, 'KONTAN SYAFDINAL', 'SOLOK SELATAN', '-', 2, '0000-00-00 00:00:00', '0000-00-00 00:00:00', '0000-00-00 00:00:00'),
(305466, 'IDRUS', 'PKU', '0', 0, '0000-00-00 00:00:00', '0000-00-00 00:00:00', '0000-00-00 00:00:00'),
(305467, 'JONI ABU', 'PERAWANG', '0', 0, '0000-00-00 00:00:00', '0000-00-00 00:00:00', '0000-00-00 00:00:00'),
(305469, 'TALUK DROP', 'TALUK KUANTAN', '0', 0, '0000-00-00 00:00:00', '0000-00-00 00:00:00', '0000-00-00 00:00:00'),
(305470, 'ILHAM', 'TALUK', '0', 0, '0000-00-00 00:00:00', '0000-00-00 00:00:00', '0000-00-00 00:00:00'),
(305471, 'ALVINO', 'TALUK', '0', 0, '0000-00-00 00:00:00', '0000-00-00 00:00:00', '0000-00-00 00:00:00'),
(305472, 'ZAHRA', 'KUNTU', '0', 0, '0000-00-00 00:00:00', '0000-00-00 00:00:00', '0000-00-00 00:00:00'),
(305473, 'NURUL', 'KUNTU', '0', 0, '0000-00-00 00:00:00', '0000-00-00 00:00:00', '0000-00-00 00:00:00'),
(305481, 'NENENG', 'TNJG AUR TALAOK', '-', 2, '0000-00-00 00:00:00', '0000-00-00 00:00:00', '0000-00-00 00:00:00'),
(305482, 'RIM SAGO', 'PSR SAGO', '-', 2, '0000-00-00 00:00:00', '0000-00-00 00:00:00', '0000-00-00 00:00:00'),
(305488, 'TK ANDRE', 'SUNGAI AUR', '-', 2, '0000-00-00 00:00:00', '0000-00-00 00:00:00', '0000-00-00 00:00:00'),
(305489, 'SRC WINDA', 'LUBUK BUAYA', '0812-6765-030', 2, '0000-00-00 00:00:00', '0000-00-00 00:00:00', '0000-00-00 00:00:00'),
(305512, 'RAHMAT', 'BATUSANGKAR', '-', 2, '0000-00-00 00:00:00', '0000-00-00 00:00:00', '0000-00-00 00:00:00'),
(305513, 'YASMIN', 'MANGGILING', '-', 2, '0000-00-00 00:00:00', '0000-00-00 00:00:00', '0000-00-00 00:00:00'),
(305529, 'TUKU RUZA', 'TANJUNG MEDAN', '-', 2, '0000-00-00 00:00:00', '0000-00-00 00:00:00', '0000-00-00 00:00:00'),
(305530, 'TK FAISAL', 'HUTAN NAULI', '-', 2, '0000-00-00 00:00:00', '0000-00-00 00:00:00', '0000-00-00 00:00:00'),
(305531, 'TOKO PIDA', 'HALABAN', '-', 2, '0000-00-00 00:00:00', '0000-00-00 00:00:00', '0000-00-00 00:00:00'),
(305533, 'MAJU JAYA', 'SP PULAI DUMAI', '0', 0, '0000-00-00 00:00:00', '0000-00-00 00:00:00', '0000-00-00 00:00:00'),
(305617, 'BR BENGKULU', 'BENGKULU', '-', 2, '0000-00-00 00:00:00', '0000-00-00 00:00:00', '0000-00-00 00:00:00'),
(305621, 'BAGINDO-YUR', 'PSR BARU', '82382519154', 2, '0000-00-00 00:00:00', '0000-00-00 00:00:00', '0000-00-00 00:00:00'),
(305622, 'TK YOS', 'KOTO BARU', '82286837767', 2, '0000-00-00 00:00:00', '0000-00-00 00:00:00', '0000-00-00 00:00:00'),
(305628, 'ZIKRA', 'AIA MANYURUK', '0823-8393-8353', 2, '0000-00-00 00:00:00', '0000-00-00 00:00:00', '0000-00-00 00:00:00'),
(305629, 'ROBI', 'PERAWANG', '0', 0, '0000-00-00 00:00:00', '0000-00-00 00:00:00', '0000-00-00 00:00:00'),
(305631, 'TK BUJANG ASRIL', 'SANGKIR LB.BASUNG', '0852-6351-8699', 2, '0000-00-00 00:00:00', '0000-00-00 00:00:00', '0000-00-00 00:00:00'),
(305632, 'TK YUDHA SURIAN', 'ALAHAN PANJANG SURIAN', '0812-7642-7389', 2, '0000-00-00 00:00:00', '0000-00-00 00:00:00', '0000-00-00 00:00:00'),
(305634, 'TK HAMIDI', 'PASAR BAWAH', '0812-7016-4919', 2, '0000-00-00 00:00:00', '0000-00-00 00:00:00', '0000-00-00 00:00:00'),
(305636, 'RINA', 'SUNGAI KUMUNYANG', '0821-6963-4791', 2, '0000-00-00 00:00:00', '0000-00-00 00:00:00', '0000-00-00 00:00:00'),
(305641, 'TK RIAN', 'ULAKAN', '0812-6841-7171', 2, '0000-00-00 00:00:00', '0000-00-00 00:00:00', '0000-00-00 00:00:00'),
(305645, 'EKA', 'MANGOPOH', '-', 2, '0000-00-00 00:00:00', '0000-00-00 00:00:00', '0000-00-00 00:00:00'),
(305652, 'TK DARMI', '(P.B) LUBUK JUANGAN', '0821-7184-2632', 2, '0000-00-00 00:00:00', '0000-00-00 00:00:00', '0000-00-00 00:00:00'),
(305653, 'TK MIS', '(P.B)BATANG SAMAN', '0852-7465-2627', 2, '0000-00-00 00:00:00', '0000-00-00 00:00:00', '0000-00-00 00:00:00'),
(305654, '( PSB) TK RIRI', 'SEI PAKU', '0813-6316-4562', 2, '0000-00-00 00:00:00', '0000-00-00 00:00:00', '0000-00-00 00:00:00'),
(305655, 'TK EVA', 'SILAMBAU', '-', 2, '0000-00-00 00:00:00', '0000-00-00 00:00:00', '0000-00-00 00:00:00'),
(305665, 'TK HELMI', '(PSB) LUBUK BASUNG', '0823-8616-3165', 2, '0000-00-00 00:00:00', '0000-00-00 00:00:00', '0000-00-00 00:00:00'),
(305667, 'JEROBI', 'PERAWANG', '0', 0, '0000-00-00 00:00:00', '0000-00-00 00:00:00', '0000-00-00 00:00:00'),
(305668, 'YUDA BERSAUDARA', 'BUNUT', '0', 0, '0000-00-00 00:00:00', '0000-00-00 00:00:00', '0000-00-00 00:00:00'),
(305670, 'SAMPORNA', 'PSR KANDIS', '0', 0, '0000-00-00 00:00:00', '0000-00-00 00:00:00', '0000-00-00 00:00:00'),
(305672, 'TUNAS BARU', 'PSR KANDIS', '0', 0, '0000-00-00 00:00:00', '0000-00-00 00:00:00', '0000-00-00 00:00:00'),
(305673, 'MANURUNG', 'PSR KANDIS', '0', 0, '0000-00-00 00:00:00', '0000-00-00 00:00:00', '0000-00-00 00:00:00'),
(305674, 'ANDI', 'PSR KANDIS', '0', 0, '0000-00-00 00:00:00', '0000-00-00 00:00:00', '0000-00-00 00:00:00'),
(305675, 'KELAKAP', 'PERAWANG', '0', 0, '0000-00-00 00:00:00', '0000-00-00 00:00:00', '0000-00-00 00:00:00'),
(305676, 'ANDA', 'PERAWANG', '0', 0, '0000-00-00 00:00:00', '0000-00-00 00:00:00', '0000-00-00 00:00:00'),
(305677, 'WARNI', 'PERAWANG', '0', 0, '0000-00-00 00:00:00', '0000-00-00 00:00:00', '0000-00-00 00:00:00'),
(305678, 'HENDRI', 'LIMAU PURUT', '0821-8504-3645', 2, '0000-00-00 00:00:00', '0000-00-00 00:00:00', '0000-00-00 00:00:00'),
(305688, '(SOLSEL) TK ROFIQ', 'TALANG BABUNGO', '0812-6749-9502', 2, '0000-00-00 00:00:00', '0000-00-00 00:00:00', '0000-00-00 00:00:00'),
(305689, '(SOLSEL)TK ALI', 'SP.KULIT MANIS LB GUMANTI', '0852-1304-1938', 2, '0000-00-00 00:00:00', '0000-00-00 00:00:00', '0000-00-00 00:00:00'),
(305693, '(SOLSEL) SRC WITA', 'IMAM BONJOL GD BASAH', '-', 2, '0000-00-00 00:00:00', '0000-00-00 00:00:00', '0000-00-00 00:00:00'),
(305694, '(LBKBSG) TK SALMA ABAS', 'SUNGAI AUR LT PDG PSAMAN', '-', 2, '0000-00-00 00:00:00', '0000-00-00 00:00:00', '0000-00-00 00:00:00'),
(305695, 'TK MUSLIM/PK DATUK', 'PSR SIMABUR', '-', 2, '0000-00-00 00:00:00', '0000-00-00 00:00:00', '0000-00-00 00:00:00'),
(305696, 'TK H CHAN', 'SP GOBAH', '-', 2, '0000-00-00 00:00:00', '0000-00-00 00:00:00', '0000-00-00 00:00:00'),
(305697, 'TK MEN', 'PADANG GANTING', '-', 2, '0000-00-00 00:00:00', '0000-00-00 00:00:00', '0000-00-00 00:00:00'),
(305722, 'TK BUYA', 'PADANG GANTING', '-', 2, '0000-00-00 00:00:00', '0000-00-00 00:00:00', '0000-00-00 00:00:00'),
(305723, 'TK PEDDY', 'PARAMBAHAN', '0812-6353-7411', 2, '0000-00-00 00:00:00', '0000-00-00 00:00:00', '0000-00-00 00:00:00'),
(305724, 'TK ADONG', 'SILAPING', '0812-7740-0448', 2, '0000-00-00 00:00:00', '0000-00-00 00:00:00', '0000-00-00 00:00:00'),
(305725, 'TK IKO', 'SILAPING', '0813-6364-8817', 2, '0000-00-00 00:00:00', '0000-00-00 00:00:00', '0000-00-00 00:00:00'),
(305726, 'TK HM', 'RANAH BATAHAN', '0821-6993-0843', 2, '0000-00-00 00:00:00', '0000-00-00 00:00:00', '0000-00-00 00:00:00'),
(305727, 'TK SEVEN SEAS', 'AIR BENGIS', '0852-7252-8861', 2, '0000-00-00 00:00:00', '0000-00-00 00:00:00', '0000-00-00 00:00:00'),
(305728, 'TK DIRA', 'AIR BANGIS', '0853-6407-8872', 2, '0000-00-00 00:00:00', '0000-00-00 00:00:00', '0000-00-00 00:00:00'),
(305729, 'TK MANDAYO', 'LUBUK BUAYO', '-', 2, '0000-00-00 00:00:00', '0000-00-00 00:00:00', '0000-00-00 00:00:00'),
(305730, 'TK MANDAYO', 'LUBUK BUAYO', '-', 2, '0000-00-00 00:00:00', '0000-00-00 00:00:00', '0000-00-00 00:00:00'),
(305731, 'TK AZZA', 'JL JAWA UJG GADING', '0822-8892-9425', 2, '0000-00-00 00:00:00', '0000-00-00 00:00:00', '0000-00-00 00:00:00'),
(305732, '(PYKBH) TK DEDI', 'KAYU TANAM', '-', 2, '0000-00-00 00:00:00', '0000-00-00 00:00:00', '0000-00-00 00:00:00'),
(305739, '(SOLSEL)TK SALSA', 'KP.PANAI', '0852-6388-8765', 2, '0000-00-00 00:00:00', '0000-00-00 00:00:00', '0000-00-00 00:00:00'),
(305740, '(SOLSEL)TK YUHEL', 'KEPALA BUKIT', '0821-7090-4866', 2, '0000-00-00 00:00:00', '0000-00-00 00:00:00', '0000-00-00 00:00:00'),
(305741, '(SOLSEL)TK KENANGAN', 'RAWANG', '0812-6112-7474', 2, '0000-00-00 00:00:00', '0000-00-00 00:00:00', '0000-00-00 00:00:00'),
(305742, '(SOLSEL)TK ARAFI', 'BALUN', '0812-6653-4273', 2, '0000-00-00 00:00:00', '0000-00-00 00:00:00', '0000-00-00 00:00:00'),
(305743, '(SOLSEL)TK JENNY', 'BANCAH', '-', 2, '0000-00-00 00:00:00', '0000-00-00 00:00:00', '0000-00-00 00:00:00'),
(305744, 'TK AZKA', 'PS TIMPURUNG', '0852-7465-6985', 2, '0000-00-00 00:00:00', '0000-00-00 00:00:00', '0000-00-00 00:00:00'),
(305745, 'TK ZAHARA', 'JL RAYA MANINJAU', '-', 2, '0000-00-00 00:00:00', '0000-00-00 00:00:00', '0000-00-00 00:00:00'),
(305746, 'TK PAK JIR', 'JL.KOTO GADANG SIMP LAMBAH', '-', 2, '0000-00-00 00:00:00', '0000-00-00 00:00:00', '0000-00-00 00:00:00'),
(305748, 'UB DROP', 'UJUNG BATU', '0', 0, '0000-00-00 00:00:00', '0000-00-00 00:00:00', '0000-00-00 00:00:00'),
(305751, 'LINA', 'LT PERAWANG', '0', 0, '0000-00-00 00:00:00', '0000-00-00 00:00:00', '0000-00-00 00:00:00'),
(305753, 'TK MULYANTO', 'PASAR USANG', '0813-7302-8435', 2, '0000-00-00 00:00:00', '0000-00-00 00:00:00', '0000-00-00 00:00:00'),
(305770, 'TK RESTU BUNDA', 'UJUNG GADING', '-', 2, '0000-00-00 00:00:00', '0000-00-00 00:00:00', '0000-00-00 00:00:00'),
(305775, 'TK ENGKI', 'SP 3 OPHIR', '0822-8420-6802', 2, '0000-00-00 00:00:00', '0000-00-00 00:00:00', '0000-00-00 00:00:00'),
(305776, 'TK HUSCIN', 'PSR PADANG TUJUH', '0812-4839-7341', 2, '0000-00-00 00:00:00', '0000-00-00 00:00:00', '0000-00-00 00:00:00'),
(305777, 'TK IMAM', 'LINTAU', '0813-9025-7743', 2, '0000-00-00 00:00:00', '0000-00-00 00:00:00', '0000-00-00 00:00:00'),
(305788, 'TK ADRIAN', 'LEMBAH MELINTANG', '0823-9188-6270', 2, '0000-00-00 00:00:00', '0000-00-00 00:00:00', '0000-00-00 00:00:00'),
(305789, 'TK FANNY', 'LUBUK KARAK', '-', 2, '0000-00-00 00:00:00', '0000-00-00 00:00:00', '0000-00-00 00:00:00'),
(305790, 'TK RIO', 'JLN.GAKA GAHAN', '-', 2, '0000-00-00 00:00:00', '0000-00-00 00:00:00', '0000-00-00 00:00:00'),
(305791, 'TK NANDA', 'JLN BANCAH TALEH', '-', 2, '0000-00-00 00:00:00', '0000-00-00 00:00:00', '0000-00-00 00:00:00'),
(305792, 'TK RITA', 'JLN BANCAH TALEH', '-', 2, '0000-00-00 00:00:00', '0000-00-00 00:00:00', '0000-00-00 00:00:00'),
(305793, 'TK VANI', 'JLN KAMPUNG TANJUNG', '-', 2, '0000-00-00 00:00:00', '0000-00-00 00:00:00', '0000-00-00 00:00:00'),
(305794, 'TK FADIL', 'KP TENGAH', '0813-6852-1452', 2, '0000-00-00 00:00:00', '0000-00-00 00:00:00', '0000-00-00 00:00:00'),
(305799, 'SAMA SUKA', 'MINAS', '0', 0, '0000-00-00 00:00:00', '0000-00-00 00:00:00', '0000-00-00 00:00:00'),
(305800, 'ALFINO', 'TALUK', '0', 0, '0000-00-00 00:00:00', '0000-00-00 00:00:00', '0000-00-00 00:00:00'),
(305804, 'TK YANTI', 'KAYU TANAM', '0812-7791-130', 2, '0000-00-00 00:00:00', '0000-00-00 00:00:00', '0000-00-00 00:00:00'),
(305805, 'TK BUSTAMI', 'KAMPUNG BARU', '-', 2, '0000-00-00 00:00:00', '0000-00-00 00:00:00', '0000-00-00 00:00:00'),
(305822, 'TK MONA', 'SIMP ARAI PINANG', '-', 2, '0000-00-00 00:00:00', '0000-00-00 00:00:00', '0000-00-00 00:00:00'),
(305823, 'TK YUNLI', 'SIMP 4 BYPASS', '-', 2, '0000-00-00 00:00:00', '0000-00-00 00:00:00', '0000-00-00 00:00:00'),
(305838, 'TK BINA LATIVA', 'PATAN SALASA', '-', 2, '0000-00-00 00:00:00', '0000-00-00 00:00:00', '0000-00-00 00:00:00'),
(305841, 'TK SYIFA', 'DS BARU', '0853-7674-3432', 2, '0000-00-00 00:00:00', '0000-00-00 00:00:00', '0000-00-00 00:00:00'),
(305845, 'NASIR', 'PASAR TERATAK', '0', 0, '0000-00-00 00:00:00', '0000-00-00 00:00:00', '0000-00-00 00:00:00'),
(305846, 'NANDA PUTRI', 'PERANAP', '0', 0, '0000-00-00 00:00:00', '0000-00-00 00:00:00', '0000-00-00 00:00:00'),
(305847, 'BUTET', 'PERANAP', '0', 0, '0000-00-00 00:00:00', '0000-00-00 00:00:00', '0000-00-00 00:00:00'),
(305848, 'BUSTAMAN', 'PERANAP', '0', 0, '0000-00-00 00:00:00', '0000-00-00 00:00:00', '0000-00-00 00:00:00'),
(305849, 'ERMI', 'PERANAP', '0', 0, '0000-00-00 00:00:00', '0000-00-00 00:00:00', '0000-00-00 00:00:00'),
(305850, 'KEKE JAYA', 'MUARA FAJAR', '0', 0, '0000-00-00 00:00:00', '0000-00-00 00:00:00', '0000-00-00 00:00:00'),
(305851, 'DIKA', 'MUARA FAJAR', '0', 0, '0000-00-00 00:00:00', '0000-00-00 00:00:00', '0000-00-00 00:00:00'),
(305852, 'SEMBIRING', 'MANDIR ANGIN', '0', 0, '0000-00-00 00:00:00', '0000-00-00 00:00:00', '0000-00-00 00:00:00'),
(305857, 'TK RAYAN', 'LUBUK GADANG', '-', 2, '0000-00-00 00:00:00', '0000-00-00 00:00:00', '0000-00-00 00:00:00'),
(305859, 'TK ARMI', 'SIMALANGGANG', '-', 2, '0000-00-00 00:00:00', '0000-00-00 00:00:00', '0000-00-00 00:00:00'),
(305864, 'RETAIL-PKU', 'PKU', '0', 1, '0000-00-00 00:00:00', '0000-00-00 00:00:00', '0000-00-00 00:00:00'),
(305865, 'GROSIR-PKU', 'PKU', '0', 1, '0000-00-00 00:00:00', '0000-00-00 00:00:00', '0000-00-00 00:00:00'),
(305866, 'FIDA', 'TANGOR', '0', 0, '0000-00-00 00:00:00', '0000-00-00 00:00:00', '0000-00-00 00:00:00'),
(305868, 'ADEK', 'PEMBANGUNAN', '0', 0, '0000-00-00 00:00:00', '0000-00-00 00:00:00', '0000-00-00 00:00:00'),
(305877, 'BR PEKANBARU', 'PEKANBARU', '-', 2, '0000-00-00 00:00:00', '0000-00-00 00:00:00', '0000-00-00 00:00:00'),
(305878, 'BR PALEMBANG', 'PALEMBANG', '-', 2, '0000-00-00 00:00:00', '0000-00-00 00:00:00', '0000-00-00 00:00:00'),
(305879, 'BR JAMBI', 'KOTA JAMBI', '-', 2, '0000-00-00 00:00:00', '0000-00-00 00:00:00', '0000-00-00 00:00:00'),
(305882, 'BR - JAMBI SKM', 'JAMBI SKM', '-', 2, '0000-00-00 00:00:00', '0000-00-00 00:00:00', '0000-00-00 00:00:00'),
(305926, 'SEMANGAT JAYA', 'JL MERAK (PKU)', '0', 1, '0000-00-00 00:00:00', '0000-00-00 00:00:00', '0000-00-00 00:00:00'),
(305927, 'MENTARI', 'GARUDA RAYA (PKU)', '0', 1, '0000-00-00 00:00:00', '0000-00-00 00:00:00', '0000-00-00 00:00:00'),
(305979, 'RIVO', 'BANDAREJO', '-', 2, '0000-00-00 00:00:00', '0000-00-00 00:00:00', '0000-00-00 00:00:00'),
(305980, 'ISEP', 'SARIAK LINTAS', '0852-6370-6573', 2, '0000-00-00 00:00:00', '0000-00-00 00:00:00', '0000-00-00 00:00:00'),
(305985, 'BENGKULU', 'CAB BENGKULU', '0', 0, '0000-00-00 00:00:00', '0000-00-00 00:00:00', '0000-00-00 00:00:00'),
(305986, 'BUNGO', 'CAB BUNGO', '0', 0, '0000-00-00 00:00:00', '0000-00-00 00:00:00', '0000-00-00 00:00:00'),
(305991, 'TK RAFIF', 'SIGUNTUR', '-', 2, '0000-00-00 00:00:00', '0000-00-00 00:00:00', '0000-00-00 00:00:00'),
(305997, 'RETAIL HALIM', 'PADANG', '-', 2, '0000-00-00 00:00:00', '0000-00-00 00:00:00', '0000-00-00 00:00:00'),
(306004, 'TK ABAH', 'SEI NANAM', '-', 2, '0000-00-00 00:00:00', '0000-00-00 00:00:00', '0000-00-00 00:00:00'),
(306008, 'TK NASUTION', 'KUAMANG / UJG GADING', '0821-7120-1071', 2, '0000-00-00 00:00:00', '0000-00-00 00:00:00', '0000-00-00 00:00:00'),
(306009, 'TK RIA 2', 'LINTAS PSR UJG GDING', '0812-0828-0505', 2, '0000-00-00 00:00:00', '0000-00-00 00:00:00', '0000-00-00 00:00:00'),
(306010, 'TK HM', 'SILAPING', '-', 2, '0000-00-00 00:00:00', '0000-00-00 00:00:00', '0000-00-00 00:00:00'),
(306011, 'UD RUSLI', 'PSR PGI MR LASAK', '-', 2, '0000-00-00 00:00:00', '0000-00-00 00:00:00', '0000-00-00 00:00:00'),
(306012, 'TK ROS', 'LINTAS MA LABUH', '-', 2, '0000-00-00 00:00:00', '0000-00-00 00:00:00', '0000-00-00 00:00:00'),
(306017, 'TK EPI MURNI', 'DANGUANG DANGUANG', '-', 2, '0000-00-00 00:00:00', '0000-00-00 00:00:00', '0000-00-00 00:00:00'),
(306018, 'HJ CAN', 'SIMP GOBAH', '-', 2, '0000-00-00 00:00:00', '0000-00-00 00:00:00', '0000-00-00 00:00:00'),
(306019, 'TK ALABAN', 'ALABAN', '-', 2, '0000-00-00 00:00:00', '0000-00-00 00:00:00', '0000-00-00 00:00:00'),
(306020, 'TK ADEL', 'ALABAN', '-', 2, '0000-00-00 00:00:00', '0000-00-00 00:00:00', '0000-00-00 00:00:00'),
(306021, 'TK BERKAH JAYA', 'JL PADANG LAWEH', '-', 2, '0000-00-00 00:00:00', '0000-00-00 00:00:00', '0000-00-00 00:00:00'),
(306022, 'TK PUTRA MELAMIN', 'JL PDG LAWEH', '-', 2, '0000-00-00 00:00:00', '0000-00-00 00:00:00', '0000-00-00 00:00:00'),
(306023, 'TK PUTRA', 'JL PDG LAWEH', '-', 2, '0000-00-00 00:00:00', '0000-00-00 00:00:00', '0000-00-00 00:00:00'),
(306024, 'TK ANDRE', 'JL PDG LAWEH', '-', 2, '0000-00-00 00:00:00', '0000-00-00 00:00:00', '0000-00-00 00:00:00'),
(306025, 'TK RISKI TEGUH', 'SUNGAI AUR', '0812-7623-0248', 2, '0000-00-00 00:00:00', '0000-00-00 00:00:00', '0000-00-00 00:00:00'),
(306026, 'TK KARYA MUDA', 'MUARO KIAWAI', '0813-7400-3958', 2, '0000-00-00 00:00:00', '0000-00-00 00:00:00', '0000-00-00 00:00:00'),
(306027, 'MITRA SARI', 'PERAWANG', '0', 0, '0000-00-00 00:00:00', '0000-00-00 00:00:00', '0000-00-00 00:00:00'),
(306044, 'TK ADIT', 'OPHIR', '0813-7470-7953', 2, '0000-00-00 00:00:00', '0000-00-00 00:00:00', '0000-00-00 00:00:00'),
(306045, 'TK ADIT', 'PSR BUKIT', '-', 2, '0000-00-00 00:00:00', '0000-00-00 00:00:00', '0000-00-00 00:00:00'),
(306046, 'TK ELSYA', 'SP JATI PUDUANG', '0813-8443-5228', 2, '0000-00-00 00:00:00', '0000-00-00 00:00:00', '0000-00-00 00:00:00'),
(306047, 'TK VANY', 'KP TANJUNG', '-', 2, '0000-00-00 00:00:00', '0000-00-00 00:00:00', '0000-00-00 00:00:00'),
(306058, 'TK KUD', 'PDG TUJUH', '-', 2, '0000-00-00 00:00:00', '0000-00-00 00:00:00', '0000-00-00 00:00:00'),
(306059, 'BR BUNGO', 'BUNGO', '-', 2, '0000-00-00 00:00:00', '0000-00-00 00:00:00', '0000-00-00 00:00:00'),
(306060, 'TK KHAIRUL', 'KOTO GADANG', '-', 2, '0000-00-00 00:00:00', '0000-00-00 00:00:00', '0000-00-00 00:00:00'),
(306061, 'TK AKILA', 'JL.KBU ATEH AIR ANGEK', '-', 2, '0000-00-00 00:00:00', '0000-00-00 00:00:00', '0000-00-00 00:00:00'),
(306062, 'TK SARAH', 'JL BTU PLANCI', '-', 2, '0000-00-00 00:00:00', '0000-00-00 00:00:00', '0000-00-00 00:00:00'),
(306063, 'TK RIRI', 'JL PENYALAYAN', '-', 2, '0000-00-00 00:00:00', '0000-00-00 00:00:00', '0000-00-00 00:00:00'),
(306064, 'TK AZIZ', 'TABEK T BABUNGO', '0852-7285-3107', 2, '0000-00-00 00:00:00', '0000-00-00 00:00:00', '0000-00-00 00:00:00'),
(306071, '(PKB) TK ENO', 'PARIT DALAM', '0852-6336-4777', 2, '0000-00-00 00:00:00', '0000-00-00 00:00:00', '0000-00-00 00:00:00'),
(306074, 'KONTAN HALIM', 'PAYAKUMBUH', '-', 2, '0000-00-00 00:00:00', '0000-00-00 00:00:00', '0000-00-00 00:00:00'),
(306091, 'TK NAILA', 'LASUANG BT SANGKA', '0821-7102-3111', 2, '0000-00-00 00:00:00', '0000-00-00 00:00:00', '0000-00-00 00:00:00'),
(306092, 'TK ZIKRY', 'BATU BULEK DP PONDOK', '0813-6405-8670', 2, '0000-00-00 00:00:00', '0000-00-00 00:00:00', '0000-00-00 00:00:00'),
(306093, 'TK CINDY', 'PADANG GANTIANG', '0813-7457-9986', 2, '0000-00-00 00:00:00', '0000-00-00 00:00:00', '0000-00-00 00:00:00'),
(306095, 'TK SIDIQ', 'KOTO BALINGKA', '-', 2, '0000-00-00 00:00:00', '0000-00-00 00:00:00', '0000-00-00 00:00:00'),
(306096, 'TK NABILA', 'SAWAHAN /DS BARU', '-', 2, '0000-00-00 00:00:00', '0000-00-00 00:00:00', '0000-00-00 00:00:00'),
(306097, 'TK NILIA', 'JORONG SIMPANG', '-', 2, '0000-00-00 00:00:00', '0000-00-00 00:00:00', '0000-00-00 00:00:00'),
(306101, 'TK SOFIA', 'SP 4 PASAMAN', '0813-6392-2779', 2, '0000-00-00 00:00:00', '0000-00-00 00:00:00', '0000-00-00 00:00:00'),
(306102, 'TK KUD', 'KALUMPANG III B.S', '0852-7294-3936', 2, '0000-00-00 00:00:00', '0000-00-00 00:00:00', '0000-00-00 00:00:00'),
(306103, 'TK JASNI', 'BATU GADANG B.S', '0812-7715-4911', 2, '0000-00-00 00:00:00', '0000-00-00 00:00:00', '0000-00-00 00:00:00'),
(306105, 'TK ENG (ARDI )', 'BATU SANGKAR', '-', 2, '0000-00-00 00:00:00', '0000-00-00 00:00:00', '0000-00-00 00:00:00'),
(306113, 'NABILA', 'SP 3', '-', 2, '0000-00-00 00:00:00', '0000-00-00 00:00:00', '0000-00-00 00:00:00'),
(306136, 'TK WISMAL', 'MANDEH', '-', 2, '0000-00-00 00:00:00', '0000-00-00 00:00:00', '0000-00-00 00:00:00'),
(306151, 'TK JHON', 'JL PDG ARO LINTAS LIKI', '-', 2, '0000-00-00 00:00:00', '0000-00-00 00:00:00', '0000-00-00 00:00:00'),
(306152, 'TK ALDO', 'SEI GARINGGING', '0853-6687-0080', 2, '0000-00-00 00:00:00', '0000-00-00 00:00:00', '0000-00-00 00:00:00'),
(306188, 'NABABAN', 'TORO TALUK', '0', 0, '0000-00-00 00:00:00', '0000-00-00 00:00:00', '0000-00-00 00:00:00'),
(306217, 'TK RIRIN', 'LTS SUTERA (PSR TARATAK)', '0813-8665-1705', 2, '0000-00-00 00:00:00', '0000-00-00 00:00:00', '0000-00-00 00:00:00'),
(306266, 'TK ERI', 'RAMBATAN BT SNGKR', '-', 2, '0000-00-00 00:00:00', '0000-00-00 00:00:00', '0000-00-00 00:00:00'),
(306267, 'TK EEN', 'JL BANUARAN', '0813-7456-8058', 2, '0000-00-00 00:00:00', '0000-00-00 00:00:00', '0000-00-00 00:00:00'),
(306269, 'BUSTAMI', 'PERAWANG', '0', 0, '0000-00-00 00:00:00', '0000-00-00 00:00:00', '0000-00-00 00:00:00'),
(306310, 'TK ZAHRA', 'TERMINAL SAGO (PAINAN)', '0821-7433-3434', 2, '0000-00-00 00:00:00', '0000-00-00 00:00:00', '0000-00-00 00:00:00'),
(306363, 'KONTAN HAMDI', 'PADANG', '0823-1981-3543', 2, '0000-00-00 00:00:00', '0000-00-00 00:00:00', '0000-00-00 00:00:00'),
(306430, 'TK ABAH', 'ALAHAN PANJANG', '-', 2, '0000-00-00 00:00:00', '0000-00-00 00:00:00', '0000-00-00 00:00:00'),
(306441, 'TARMIZI', 'SURAU GADING', '0', 0, '0000-00-00 00:00:00', '0000-00-00 00:00:00', '0000-00-00 00:00:00'),
(306482, 'TK UR JMD', 'JLN M YUNUS', '-', 2, '0000-00-00 00:00:00', '0000-00-00 00:00:00', '0000-00-00 00:00:00'),
(306483, 'TK BINTANG', 'KPG GADANG SIMP RAM', '0813-7467-3852', 2, '0000-00-00 00:00:00', '0000-00-00 00:00:00', '0000-00-00 00:00:00'),
(306484, 'TK KELUARGA', 'SIMP 4 BY PASS  LUBEG', '-', 2, '0000-00-00 00:00:00', '0000-00-00 00:00:00', '0000-00-00 00:00:00'),
(306492, 'TK MUL', 'BALINGING BTSKR', '0822-8373-1567', 2, '0000-00-00 00:00:00', '0000-00-00 00:00:00', '0000-00-00 00:00:00'),
(306493, 'TK IRSYAD', 'BKT GOMBAK BTSKR', '0812-7708-6980', 2, '0000-00-00 00:00:00', '0000-00-00 00:00:00', '0000-00-00 00:00:00'),
(306494, 'TK ZIKRI', 'BATU BULEK BTSKR', '-', 2, '0000-00-00 00:00:00', '0000-00-00 00:00:00', '0000-00-00 00:00:00'),
(306495, 'TK HANA MART', 'BELIMBING BTSKR', '0812-6665-9691', 2, '0000-00-00 00:00:00', '0000-00-00 00:00:00', '0000-00-00 00:00:00'),
(306504, 'WINA', 'SP PUNGUT', '0', 0, '0000-00-00 00:00:00', '0000-00-00 00:00:00', '0000-00-00 00:00:00'),
(306505, 'FEBRY', 'SP PUNGUT', '0', 0, '0000-00-00 00:00:00', '0000-00-00 00:00:00', '0000-00-00 00:00:00'),
(306506, 'ERMI', 'TALUK', '0', 0, '0000-00-00 00:00:00', '0000-00-00 00:00:00', '0000-00-00 00:00:00'),
(306531, 'AGEN BENGKALIS', 'BENGKALIS', '0', 0, '0000-00-00 00:00:00', '0000-00-00 00:00:00', '0000-00-00 00:00:00'),
(306536, 'TK YAGDHAN', 'TARUSAN PIAPI', '-', 2, '0000-00-00 00:00:00', '0000-00-00 00:00:00', '0000-00-00 00:00:00'),
(306537, 'ABDUL PSI', 'PERAWANG', '0', 0, '0000-00-00 00:00:00', '0000-00-00 00:00:00', '0000-00-00 00:00:00'),
(306611, 'TK MAWARDI', 'BYPASS', '0823-8942-8553', 2, '0000-00-00 00:00:00', '0000-00-00 00:00:00', '0000-00-00 00:00:00'),
(306617, 'KONTAN HARRY', 'PADANG', '-', 2, '0000-00-00 00:00:00', '0000-00-00 00:00:00', '0000-00-00 00:00:00'),
(306625, 'JONI', 'AGEN BENGKALIS', '0', 0, '0000-00-00 00:00:00', '0000-00-00 00:00:00', '0000-00-00 00:00:00'),
(306626, 'TK BERKAT SAIYO', 'SMP LAMBANG AIR SANTOK', '0821-7062-4871', 2, '0000-00-00 00:00:00', '0000-00-00 00:00:00', '0000-00-00 00:00:00'),
(306629, 'H KANA', 'PADANG GANTIANG', '-', 2, '0000-00-00 00:00:00', '0000-00-00 00:00:00', '0000-00-00 00:00:00'),
(306633, 'TK ZIZI', 'MUARO SAKAI', '0853-6347-5833', 2, '0000-00-00 00:00:00', '0000-00-00 00:00:00', '0000-00-00 00:00:00'),
(306634, 'TK NAZLA', 'MUARO SAKAI', '0813-7844-4505', 2, '0000-00-00 00:00:00', '0000-00-00 00:00:00', '0000-00-00 00:00:00'),
(306635, 'TK ASRIL', 'LABUHAN', '0813-9466-9166', 2, '0000-00-00 00:00:00', '0000-00-00 00:00:00', '0000-00-00 00:00:00'),
(306636, 'TK RIKA', 'JL.RAYAPADANG TAE PESSEL', '0821-3045-0271', 2, '0000-00-00 00:00:00', '0000-00-00 00:00:00', '0000-00-00 00:00:00'),
(306637, 'TK QEIKO', 'AMPIANG PARAK PESSEL', '0813-6369-0510', 2, '0000-00-00 00:00:00', '0000-00-00 00:00:00', '0000-00-00 00:00:00'),
(306650, 'TK EDISON / WENI', 'CENGKEH SIBANA ( PARIAMAN UTR)', '0751-690497', 2, '0000-00-00 00:00:00', '0000-00-00 00:00:00', '0000-00-00 00:00:00'),
(306651, 'TK VINA-VENI', 'PSR SEI GERINGGING', '0852-7424-4441', 2, '0000-00-00 00:00:00', '0000-00-00 00:00:00', '0000-00-00 00:00:00'),
(306685, 'TK JASA KELUARGA', 'PSR TARUSAN', '0812-6878-1512', 2, '0000-00-00 00:00:00', '0000-00-00 00:00:00', '0000-00-00 00:00:00'),
(306686, 'TK JHON', 'TALUAK BATUANG', '0813-6305-9780', 2, '0000-00-00 00:00:00', '0000-00-00 00:00:00', '0000-00-00 00:00:00'),
(306687, 'TK NAURA', 'KAPUAH', '0821-7004-1600', 2, '0000-00-00 00:00:00', '0000-00-00 00:00:00', '0000-00-00 00:00:00'),
(306688, 'TK MYS', 'MUARO LABUAH', '-', 2, '0000-00-00 00:00:00', '0000-00-00 00:00:00', '0000-00-00 00:00:00'),
(306699, 'TK VITHA', 'KOTO ANAU', '-', 2, '0000-00-00 00:00:00', '0000-00-00 00:00:00', '0000-00-00 00:00:00'),
(306701, 'TK AMRI', 'SP MUKO MANINJAU', '0812-6786-8902', 2, '0000-00-00 00:00:00', '0000-00-00 00:00:00', '0000-00-00 00:00:00'),
(306708, 'MUTIARA HARAPAN', 'KANDIS', '0', 0, '0000-00-00 00:00:00', '0000-00-00 00:00:00', '0000-00-00 00:00:00'),
(306709, 'M NUR', 'B RAYA', '0', 0, '0000-00-00 00:00:00', '0000-00-00 00:00:00', '0000-00-00 00:00:00'),
(306710, 'MITRA MAJU', 'SIAK', '0', 0, '0000-00-00 00:00:00', '0000-00-00 00:00:00', '0000-00-00 00:00:00'),
(306711, 'DENIS', 'KOTA GARO', '0', 0, '0000-00-00 00:00:00', '0000-00-00 00:00:00', '0000-00-00 00:00:00'),
(306712, 'SEMPURNA', 'KEMUNING', '0', 0, '0000-00-00 00:00:00', '0000-00-00 00:00:00', '0000-00-00 00:00:00'),
(306713, 'FR MART', 'TANDUN', '0', 0, '0000-00-00 00:00:00', '0000-00-00 00:00:00', '0000-00-00 00:00:00'),
(306714, 'REZEKI BARU', 'SURAM', '0', 0, '0000-00-00 00:00:00', '0000-00-00 00:00:00', '0000-00-00 00:00:00'),
(306715, '3 PUTRI', 'PASAR SKPA', '0', 0, '0000-00-00 00:00:00', '0000-00-00 00:00:00', '0000-00-00 00:00:00'),
(306721, 'NABILA', 'SOREK', '0', 0, '0000-00-00 00:00:00', '0000-00-00 00:00:00', '0000-00-00 00:00:00'),
(306723, 'DIAN JAYA', 'SOREK', '0', 0, '0000-00-00 00:00:00', '0000-00-00 00:00:00', '0000-00-00 00:00:00'),
(306724, 'YOKO', 'KENDAUNG', '0', 0, '0000-00-00 00:00:00', '0000-00-00 00:00:00', '0000-00-00 00:00:00'),
(306725, 'QUEEN', 'L SUBUR', '0', 0, '0000-00-00 00:00:00', '0000-00-00 00:00:00', '0000-00-00 00:00:00'),
(306726, 'BERKAH YUDIRA', 'PAWANG SARI', '0', 0, '0000-00-00 00:00:00', '0000-00-00 00:00:00', '0000-00-00 00:00:00'),
(306727, 'YOPI', 'BUNUD', '0', 0, '0000-00-00 00:00:00', '0000-00-00 00:00:00', '0000-00-00 00:00:00'),
(306728, 'PAK WANDI', 'BELILAS', '0', 0, '0000-00-00 00:00:00', '0000-00-00 00:00:00', '0000-00-00 00:00:00'),
(306729, 'HARIS', 'P REBA', '0', 0, '0000-00-00 00:00:00', '0000-00-00 00:00:00', '0000-00-00 00:00:00'),
(306730, 'DUA SAUDARA', 'T PUTIH', '0', 0, '0000-00-00 00:00:00', '0000-00-00 00:00:00', '0000-00-00 00:00:00'),
(306731, 'DUA PUTRI', 'U TANJUNG', '0', 0, '0000-00-00 00:00:00', '0000-00-00 00:00:00', '0000-00-00 00:00:00'),
(306732, 'RR', 'TALUK', '0', 0, '0000-00-00 00:00:00', '0000-00-00 00:00:00', '0000-00-00 00:00:00'),
(306733, 'SIFA', 'TALUK', '0', 0, '0000-00-00 00:00:00', '0000-00-00 00:00:00', '0000-00-00 00:00:00'),
(306734, 'ERNI', 'TALUK', '0', 0, '0000-00-00 00:00:00', '0000-00-00 00:00:00', '0000-00-00 00:00:00'),
(306735, 'YUNI', 'TALUK', '0', 0, '0000-00-00 00:00:00', '0000-00-00 00:00:00', '0000-00-00 00:00:00'),
(306736, 'HM RETAIL', 'BANGUN JAYA', '0', 0, '0000-00-00 00:00:00', '0000-00-00 00:00:00', '0000-00-00 00:00:00'),
(306737, 'SILVI', 'M RUMBAI', '0', 0, '0000-00-00 00:00:00', '0000-00-00 00:00:00', '0000-00-00 00:00:00'),
(306738, 'REDA', 'PASIR P', '0', 0, '0000-00-00 00:00:00', '0000-00-00 00:00:00', '0000-00-00 00:00:00'),
(306739, 'WINNER', 'PERAWANG', '0', 0, '0000-00-00 00:00:00', '0000-00-00 00:00:00', '0000-00-00 00:00:00'),
(306740, 'BENGKALIS 2', 'PERAWANG', '0', 0, '0000-00-00 00:00:00', '0000-00-00 00:00:00', '0000-00-00 00:00:00'),
(306741, 'B. BUYONG', 'MAREDAN', '0', 0, '0000-00-00 00:00:00', '0000-00-00 00:00:00', '0000-00-00 00:00:00'),
(306758, 'IDO MART', 'JL RAYA KURAO PAGANG', '-', 2, '0000-00-00 00:00:00', '0000-00-00 00:00:00', '0000-00-00 00:00:00'),
(306760, 'TK SONIA', 'SIMP 4 JLN. KKN', '0852-7413-5921', 2, '0000-00-00 00:00:00', '0000-00-00 00:00:00', '0000-00-00 00:00:00'),
(306762, 'SITI FATIMAH', 'BUNUD', '0', 0, '0000-00-00 00:00:00', '0000-00-00 00:00:00', '0000-00-00 00:00:00'),
(306763, 'PANDAWA', 'UKUI', '0', 0, '0000-00-00 00:00:00', '0000-00-00 00:00:00', '0000-00-00 00:00:00'),
(306769, 'SYAFRIJAL', 'DUMAI', '0', 0, '0000-00-00 00:00:00', '0000-00-00 00:00:00', '0000-00-00 00:00:00'),
(306775, 'LUBIS', 'TANGON', '0', 0, '0000-00-00 00:00:00', '0000-00-00 00:00:00', '0000-00-00 00:00:00'),
(306776, 'MANY', 'SURAU TINGGI', '0', 0, '0000-00-00 00:00:00', '0000-00-00 00:00:00', '0000-00-00 00:00:00'),
(306777, 'PANBER', 'RANTAU KASIH', '0', 0, '0000-00-00 00:00:00', '0000-00-00 00:00:00', '0000-00-00 00:00:00'),
(306778, 'AKBAR', 'RANTAU KASIH', '0', 0, '0000-00-00 00:00:00', '0000-00-00 00:00:00', '0000-00-00 00:00:00'),
(306779, 'SALSA', 'SIMPANG KUMU', '0', 0, '0000-00-00 00:00:00', '0000-00-00 00:00:00', '0000-00-00 00:00:00'),
(306780, 'FAREL', 'LANGGAR PAYUNG', '0', 0, '0000-00-00 00:00:00', '0000-00-00 00:00:00', '0000-00-00 00:00:00'),
(306781, 'FERI', 'PASIR P', '0', 0, '0000-00-00 00:00:00', '0000-00-00 00:00:00', '0000-00-00 00:00:00'),
(306784, 'FADIL', 'LINTAS SURAM', '0', 0, '0000-00-00 00:00:00', '0000-00-00 00:00:00', '0000-00-00 00:00:00'),
(306789, 'UNIANG', 'PETAI', '0', 0, '0000-00-00 00:00:00', '0000-00-00 00:00:00', '0000-00-00 00:00:00'),
(306801, 'TK RABIL', 'ASAM JAO', '0823-9269-0108', 2, '0000-00-00 00:00:00', '0000-00-00 00:00:00', '0000-00-00 00:00:00'),
(306813, 'ZAKAR', 'SP2', '0', 0, '0000-00-00 00:00:00', '0000-00-00 00:00:00', '0000-00-00 00:00:00'),
(306814, 'TK AZKA', 'KPG TARANDAM SIGUHUNG', '0852-7429-7637', 2, '0000-00-00 00:00:00', '0000-00-00 00:00:00', '0000-00-00 00:00:00'),
(306820, 'SUTOPO JAYA', 'SIMPANG KUD', '0', 0, '0000-00-00 00:00:00', '0000-00-00 00:00:00', '0000-00-00 00:00:00'),
(306821, 'ANDRE', 'SIMPANG KUD', '0', 0, '0000-00-00 00:00:00', '0000-00-00 00:00:00', '0000-00-00 00:00:00'),
(306822, 'PRAHOSHI JAYA', 'TALUK', '3593', 0, '0000-00-00 00:00:00', '0000-00-00 00:00:00', '0000-00-00 00:00:00'),
(306823, 'USAHA JAYA', 'TALUK', '0', 0, '0000-00-00 00:00:00', '0000-00-00 00:00:00', '0000-00-00 00:00:00'),
(306835, 'TK AZA', 'UJUNG GADING', '0822-8892-9425', 2, '0000-00-00 00:00:00', '0000-00-00 00:00:00', '0000-00-00 00:00:00'),
(306867, 'POLRES', 'UJG TJG', '0', 0, '0000-00-00 00:00:00', '0000-00-00 00:00:00', '0000-00-00 00:00:00'),
(306877, 'PAK KAMIS', 'BUNUD', '0', 0, '0000-00-00 00:00:00', '0000-00-00 00:00:00', '0000-00-00 00:00:00'),
(306894, 'FAJAR', 'MAREDAN', '0', 0, '0000-00-00 00:00:00', '0000-00-00 00:00:00', '0000-00-00 00:00:00'),
(306895, 'NOVA', 'PS MINGGU', '0', 0, '0000-00-00 00:00:00', '0000-00-00 00:00:00', '0000-00-00 00:00:00'),
(306896, 'LESTI', 'PS BENAI', '0', 0, '0000-00-00 00:00:00', '0000-00-00 00:00:00', '0000-00-00 00:00:00'),
(307080, 'TK FLOWER', 'JL RAYA KAPAU BUKIT TINGGI', '0813-6340-0680', 2, '0000-00-00 00:00:00', '0000-00-00 00:00:00', '0000-00-00 00:00:00'),
(307081, 'UDIN', 'LTS TIMUR SOREK', '0', 0, '0000-00-00 00:00:00', '0000-00-00 00:00:00', '0000-00-00 00:00:00'),
(307082, 'MELVA', 'BUATAN', '0', 0, '0000-00-00 00:00:00', '0000-00-00 00:00:00', '0000-00-00 00:00:00'),
(307086, 'SWALAYAN KOTA', 'PKU', '0', 0, '0000-00-00 00:00:00', '0000-00-00 00:00:00', '0000-00-00 00:00:00'),
(307096, 'TK BAYU P&D', 'JL AHMAD YANI PDG PJG', '0813-3038-8350', 2, '0000-00-00 00:00:00', '0000-00-00 00:00:00', '0000-00-00 00:00:00'),
(307097, 'TK RAFA', 'TILATANG KAMANG BKT TINGGI', '0812-7739-2339', 2, '0000-00-00 00:00:00', '0000-00-00 00:00:00', '0000-00-00 00:00:00'),
(307098, 'TK ALAMSYAH', 'PSR BARU SAWAHLUNTO', '0817-260-622', 2, '0000-00-00 00:00:00', '0000-00-00 00:00:00', '0000-00-00 00:00:00'),
(307099, 'TK D2D', 'KAMANG BKT TINGGI', '0831-8108-7487', 2, '0000-00-00 00:00:00', '0000-00-00 00:00:00', '0000-00-00 00:00:00'),
(307163, 'TK YALTA', 'PARIAMAN', '0813-7496-5348', 2, '0000-00-00 00:00:00', '0000-00-00 00:00:00', '0000-00-00 00:00:00'),
(307165, 'TK BUNDA PRATAMA', 'DHAMASRAYA', '0812-6664-6225', 2, '0000-00-00 00:00:00', '0000-00-00 00:00:00', '0000-00-00 00:00:00'),
(307166, 'KONTAN SUWITO', 'PADANG', '0851-7204-3692', 2, '0000-00-00 00:00:00', '0000-00-00 00:00:00', '0000-00-00 00:00:00'),
(307179, 'TK AJB', 'PADANG', '0811-6623-999', 2, '0000-00-00 00:00:00', '0000-00-00 00:00:00', '0000-00-00 00:00:00'),
(307180, 'DIVA JAYA', 'DALU DALU', '0', 0, '0000-00-00 00:00:00', '0000-00-00 00:00:00', '0000-00-00 00:00:00'),
(307181, 'FAHNIA', 'PERAI', '0', 0, '0000-00-00 00:00:00', '0000-00-00 00:00:00', '0000-00-00 00:00:00'),
(307184, 'KONTAN AKMAL CASH', 'PADANG', '0', 2, '0000-00-00 00:00:00', '0000-00-00 00:00:00', '0000-00-00 00:00:00'),
(307185, 'TK WIWID', 'BALAI SELASA', '0897-4315-597', 2, '0000-00-00 00:00:00', '0000-00-00 00:00:00', '0000-00-00 00:00:00'),
(307186, 'TK YOLA', 'SEI TAMBANG', '0822-8389-0272', 2, '0000-00-00 00:00:00', '0000-00-00 00:00:00', '0000-00-00 00:00:00'),
(307187, 'TK RITA', 'JL LINTS SMTR PALNGKI SIJUNJUNG', '0823-8654-5880', 2, '0000-00-00 00:00:00', '0000-00-00 00:00:00', '0000-00-00 00:00:00'),
(307190, 'TK PAK CUN', 'PADANG', '0811-6623-999', 2, '0000-00-00 00:00:00', '0000-00-00 00:00:00', '0000-00-00 00:00:00'),
(307191, 'TK INTAN', 'LUBUK BUAYO', '-', 2, '0000-00-00 00:00:00', '0000-00-00 00:00:00', '0000-00-00 00:00:00'),
(307211, 'TK EDI YANTI', 'PSR RAYA SOLOK', '0812-6187-2559', 2, '0000-00-00 00:00:00', '0000-00-00 00:00:00', '0000-00-00 00:00:00'),
(307212, 'TK YOHANA D.L', 'RIMPALU SIJUNJUNG', '0852-7257-5478', 2, '0000-00-00 00:00:00', '0000-00-00 00:00:00', '0000-00-00 00:00:00'),
(307214, 'TK SEVINA', 'MUARA LABUH', '-', 2, '0000-00-00 00:00:00', '0000-00-00 00:00:00', '0000-00-00 00:00:00'),
(307215, 'TK MAJU JAYA', 'LUBUK MALAKO SOLSEL', '-', 2, '0000-00-00 00:00:00', '0000-00-00 00:00:00', '0000-00-00 00:00:00'),
(307216, 'TK 4 PUTRI', 'LUBUK MALAKO SOLSEL', '0823-9081-7542', 2, '0000-00-00 00:00:00', '0000-00-00 00:00:00', '0000-00-00 00:00:00'),
(307217, 'INDAH MAJU 2', 'SEI APIT', '0', 0, '0000-00-00 00:00:00', '0000-00-00 00:00:00', '0000-00-00 00:00:00'),
(307218, 'ADAM', 'KODIM PKU', '0', 0, '0000-00-00 00:00:00', '0000-00-00 00:00:00', '0000-00-00 00:00:00');
INSERT INTO `customer` (`id_customer`, `nama_customer`, `alamat_customer`, `no_hp_customer`, `id_branch`, `created_at`, `updated_at`, `deleted_at`) VALUES
(307219, 'KONTAN OKTA', 'PADANG', '-', 2, '0000-00-00 00:00:00', '0000-00-00 00:00:00', '0000-00-00 00:00:00'),
(307230, 'GEMILANG JAYA', 'PERAWANG', '0', 0, '0000-00-00 00:00:00', '0000-00-00 00:00:00', '0000-00-00 00:00:00'),
(307231, 'RIVALDI', 'KERINCI', '0', 0, '0000-00-00 00:00:00', '0000-00-00 00:00:00', '0000-00-00 00:00:00'),
(307252, 'TK BUDI', 'DS KRESIK TUO', '0852-6893-3623', 2, '0000-00-00 00:00:00', '0000-00-00 00:00:00', '0000-00-00 00:00:00'),
(307253, 'TK DENI', 'PEMATANG DAGANG', '0853-6356-1119', 2, '0000-00-00 00:00:00', '0000-00-00 00:00:00', '0000-00-00 00:00:00'),
(307254, 'TK RINA', 'SEI RUMBAI', '-', 2, '0000-00-00 00:00:00', '0000-00-00 00:00:00', '0000-00-00 00:00:00'),
(307255, 'TK BIMA', 'SEI RUMBAI', '-', 2, '0000-00-00 00:00:00', '0000-00-00 00:00:00', '0000-00-00 00:00:00'),
(307257, 'TK FAJRI', 'GASAN', '0813-7814-6880', 2, '0000-00-00 00:00:00', '0000-00-00 00:00:00', '0000-00-00 00:00:00'),
(307258, 'TK HADI', 'PEMATANG PANJANG', '-', 2, '0000-00-00 00:00:00', '0000-00-00 00:00:00', '0000-00-00 00:00:00'),
(307268, 'TK RD 2 PUTRI', 'PSR BELIMBING', '0813-7462-7618', 2, '0000-00-00 00:00:00', '0000-00-00 00:00:00', '0000-00-00 00:00:00'),
(307283, 'TK HARY', 'SP NGALAU INDAH', '0821-7288-5000', 2, '0000-00-00 00:00:00', '0000-00-00 00:00:00', '0000-00-00 00:00:00'),
(307284, 'TK SULTANI', 'LB MALAKO', '0823-9024-2356', 2, '0000-00-00 00:00:00', '0000-00-00 00:00:00', '0000-00-00 00:00:00'),
(307285, 'TK ZICKRY', 'PDG ARO', '0813-6389-0949', 2, '0000-00-00 00:00:00', '0000-00-00 00:00:00', '0000-00-00 00:00:00'),
(307286, 'TK JAYA ABADI', 'PAKAN SALAVA', '0823-8851-7111', 2, '0000-00-00 00:00:00', '0000-00-00 00:00:00', '0000-00-00 00:00:00'),
(307287, 'TK RILLA', 'MUARA LABUAH', '0813-7495-4678', 2, '0000-00-00 00:00:00', '0000-00-00 00:00:00', '0000-00-00 00:00:00'),
(307288, 'CAHAYA MURNI', 'LB BASUNG', '0812-6727-238', 2, '0000-00-00 00:00:00', '0000-00-00 00:00:00', '0000-00-00 00:00:00'),
(307296, 'TK ASRIL', 'PADANG KOTA', '-', 2, '0000-00-00 00:00:00', '0000-00-00 00:00:00', '0000-00-00 00:00:00'),
(307300, 'BRAMJAYA', 'TALUK', '0', 0, '0000-00-00 00:00:00', '0000-00-00 00:00:00', '0000-00-00 00:00:00'),
(307301, 'BENGKALIS BUYUNG', 'PERAWANG', '0', 0, '0000-00-00 00:00:00', '0000-00-00 00:00:00', '0000-00-00 00:00:00'),
(307304, 'TK YEN', 'AIA DINGIN', '-', 2, '0000-00-00 00:00:00', '0000-00-00 00:00:00', '0000-00-00 00:00:00'),
(307309, 'TK BUJANG R.S', 'PDG SIBUSUK', '0812-7186-2221', 2, '0000-00-00 00:00:00', '0000-00-00 00:00:00', '0000-00-00 00:00:00'),
(307310, 'TK ERWIN', 'BUKIT SARI BUNGO', '0838-2116-0744', 2, '0000-00-00 00:00:00', '0000-00-00 00:00:00', '0000-00-00 00:00:00'),
(307312, 'TK PAK BUYUNG', 'SIMP LAPAS LUBAS', '0821-7104-6630', 2, '0000-00-00 00:00:00', '0000-00-00 00:00:00', '0000-00-00 00:00:00'),
(307313, 'TK IBRA', 'SIMP EMPAT', '0853-3511-24123', 2, '0000-00-00 00:00:00', '0000-00-00 00:00:00', '0000-00-00 00:00:00'),
(307315, 'TK SINAR GEMILANG', 'BELIMBING', '-', 2, '0000-00-00 00:00:00', '0000-00-00 00:00:00', '0000-00-00 00:00:00'),
(307316, 'TK HJ DARWIS', 'PS LUMPO', '0813-6398-0700', 2, '0000-00-00 00:00:00', '0000-00-00 00:00:00', '0000-00-00 00:00:00'),
(307318, 'AFDELLING 8 B', 'ZAKIY', '0', 0, '0000-00-00 00:00:00', '0000-00-00 00:00:00', '0000-00-00 00:00:00'),
(307342, 'TK SHAHIB', 'PARIT MALINTANG', '0812-2692-5520', 2, '0000-00-00 00:00:00', '0000-00-00 00:00:00', '0000-00-00 00:00:00'),
(307349, 'AWI', 'T. PAL', '0', 0, '0000-00-00 00:00:00', '0000-00-00 00:00:00', '0000-00-00 00:00:00'),
(307350, 'JHONSON', 'LIPAT KAIN', '0', 0, '0000-00-00 00:00:00', '0000-00-00 00:00:00', '0000-00-00 00:00:00'),
(307351, 'TK ATHILA JAYA', 'SP PATAI DLM KOTO', '-', 2, '0000-00-00 00:00:00', '0000-00-00 00:00:00', '0000-00-00 00:00:00'),
(307352, 'TK YAQDAN', 'KAPUAH', '-', 2, '0000-00-00 00:00:00', '0000-00-00 00:00:00', '0000-00-00 00:00:00'),
(307353, 'TK SAFEEA', 'PS BTG KAPAS', '0853-6333-3625', 2, '0000-00-00 00:00:00', '0000-00-00 00:00:00', '0000-00-00 00:00:00'),
(307359, 'TK SATRIA', 'KOTO GADANG DHMSRY', '0821-7036-6751', 2, '0000-00-00 00:00:00', '0000-00-00 00:00:00', '0000-00-00 00:00:00'),
(307360, 'TK DESI', 'PAMPANGAN', '-', 2, '0000-00-00 00:00:00', '0000-00-00 00:00:00', '0000-00-00 00:00:00'),
(307363, 'BELILAS DROP', 'BELILAS', '0', 0, '0000-00-00 00:00:00', '0000-00-00 00:00:00', '0000-00-00 00:00:00');

-- --------------------------------------------------------

--
-- Table structure for table `cuti`
--

CREATE TABLE `cuti` (
  `id_cuti` int(11) NOT NULL,
  `remark_cuti` varchar(255) NOT NULL,
  `created_by` varchar(255) NOT NULL,
  `created_at` datetime NOT NULL,
  `updated_at` datetime NOT NULL,
  `deleted_at` datetime NOT NULL
) ENGINE=InnoDB DEFAULT CHARSET=utf8mb4;

--
-- Dumping data for table `cuti`
--

INSERT INTO `cuti` (`id_cuti`, `remark_cuti`, `created_by`, `created_at`, `updated_at`, `deleted_at`) VALUES
(1, 'CUTI PERNIKAHAN', 'System', '2024-01-03 07:03:47', '2024-01-03 07:03:47', '0000-00-00 00:00:00'),
(2, 'CUTI HAJI', 'System', '2024-01-03 07:05:02', '2024-01-03 07:05:02', '0000-00-00 00:00:00');

-- --------------------------------------------------------

--
-- Table structure for table `izin`
--

CREATE TABLE `izin` (
  `id_izin` int(11) NOT NULL,
  `remark_izin` varchar(255) NOT NULL,
  `created_by` varchar(255) NOT NULL,
  `created_at` datetime NOT NULL,
  `updated_at` int(11) NOT NULL,
  `deleted_at` int(11) NOT NULL
) ENGINE=InnoDB DEFAULT CHARSET=utf8mb4;

--
-- Dumping data for table `izin`
--

INSERT INTO `izin` (`id_izin`, `remark_izin`, `created_by`, `created_at`, `updated_at`, `deleted_at`) VALUES
(1, 'IZIN KELUARGA SAKIT', 'System', '2024-01-03 07:12:14', 2024, 0),
(2, 'IZIN TELAT', 'System', '2024-01-03 07:12:25', 2024, 0);

-- --------------------------------------------------------

--
-- Table structure for table `jenis_harga`
--

CREATE TABLE `jenis_harga` (
  `id_jenis_harga` int(11) NOT NULL,
  `remark_jenis_harga` varchar(255) NOT NULL,
  `created_by` int(11) NOT NULL,
  `created_at` datetime NOT NULL,
  `updated_at` datetime NOT NULL,
  `deleted_at` datetime NOT NULL
) ENGINE=InnoDB DEFAULT CHARSET=utf8mb4;

--
-- Dumping data for table `jenis_harga`
--

INSERT INTO `jenis_harga` (`id_jenis_harga`, `remark_jenis_harga`, `created_by`, `created_at`, `updated_at`, `deleted_at`) VALUES
(1, 'Extra', 34551, '2024-01-08 05:14:08', '2024-01-08 05:14:08', '0000-00-00 00:00:00'),
(2, 'Grosir', 34551, '2024-01-08 05:15:49', '2024-01-08 05:15:49', '0000-00-00 00:00:00'),
(3, 'Grosir (Extra)', 34551, '2024-01-08 05:16:12', '2024-01-08 05:16:12', '0000-00-00 00:00:00'),
(4, 'Kanvas', 34551, '2024-01-08 05:16:50', '2024-01-08 05:16:50', '0000-00-00 00:00:00'),
(5, 'Khusus', 34551, '2024-01-08 05:16:56', '2024-01-08 05:16:56', '0000-00-00 00:00:00'),
(6, 'Semi Grosir', 34551, '2024-02-01 04:47:46', '2024-02-01 04:47:46', '0000-00-00 00:00:00'),
(7, 'Semi (Extra)', 34551, '2024-02-01 04:48:34', '2024-02-01 04:48:34', '0000-00-00 00:00:00'),
(8, 'Pareto (Extra)', 34551, '2024-02-01 04:48:45', '2024-02-01 04:48:45', '0000-00-00 00:00:00');

-- --------------------------------------------------------

--
-- Table structure for table `karyawan`
--

CREATE TABLE `karyawan` (
  `id_karyawan` int(11) NOT NULL,
  `nip` varchar(19) NOT NULL,
  `nama_karyawan` varchar(255) NOT NULL,
  `nik` varchar(19) NOT NULL,
  `no_hp` varchar(14) NOT NULL,
  `tempat_lahir` varchar(255) NOT NULL,
  `tgl_lahir` date NOT NULL,
  `domisili` text NOT NULL,
  `jk` varchar(20) NOT NULL,
  `status_kawin` varchar(255) NOT NULL,
  `gol_darah` varchar(2) NOT NULL,
  `agama` varchar(10) NOT NULL,
  `posisi` varchar(19) NOT NULL,
  `jabatan` varchar(19) NOT NULL,
  `tamatan` varchar(19) NOT NULL,
  `instansi` varchar(28) NOT NULL,
  `jurusan` varchar(30) NOT NULL,
  `tgl_kerja` date NOT NULL,
  `lama_kerja` int(2) DEFAULT NULL,
  `id_branch` int(11) NOT NULL,
  `status` varchar(20) NOT NULL,
  `saldo_cuti` int(11) NOT NULL,
  `status_pekerjaan` varchar(255) NOT NULL,
  `salary` int(15) NOT NULL,
  `tunjangan` int(15) NOT NULL,
  `tgl_selesai_kerja` date NOT NULL,
  `nilai_terakhir` int(11) NOT NULL,
  `tgl_sekolah` date NOT NULL,
  `tgl_selesai_sekolah` date NOT NULL,
  `schedule_set` varchar(255) NOT NULL,
  `id_user` int(11) NOT NULL,
  `created_at` date NOT NULL,
  `updated_at` date NOT NULL,
  `deleted_at` date NOT NULL
) ENGINE=InnoDB DEFAULT CHARSET=utf8mb4;

--
-- Dumping data for table `karyawan`
--

INSERT INTO `karyawan` (`id_karyawan`, `nip`, `nama_karyawan`, `nik`, `no_hp`, `tempat_lahir`, `tgl_lahir`, `domisili`, `jk`, `status_kawin`, `gol_darah`, `agama`, `posisi`, `jabatan`, `tamatan`, `instansi`, `jurusan`, `tgl_kerja`, `lama_kerja`, `id_branch`, `status`, `saldo_cuti`, `status_pekerjaan`, `salary`, `tunjangan`, `tgl_selesai_kerja`, `nilai_terakhir`, `tgl_sekolah`, `tgl_selesai_sekolah`, `schedule_set`, `id_user`, `created_at`, `updated_at`, `deleted_at`) VALUES
(1, '1.011.119.013', 'S DERI WAHYU', '1.011.119.013', '2147483647', 'Jambi', '0000-00-00', 'JL. SENTOT ALI BASA', ' RT.006', ' RW.000', ' P', ' KEC. PAAL', 'Laki-laki', 'Kawin', 'O', 'Islam', 'Salesman', '0000-00-00', 0, 0, '-', 1, '4 Tahun', 1, 0, '0000-00-00', 0, '0000-00-00', '0000-00-00', '', 0, '0000-00-00', '0000-00-00', '0000-00-00'),
(2, '2.010.316.001', 'MUHAMMAD', '2.010.316.001', '0', 'Pku', '0000-00-00', 'Pku', 'Laki-laki', 'Kawin', 'A', 'Islam', 'Gudang', 'Staff', 'SMA/SMK/MA', '-', '-', '0000-00-00', 8, 0, '1', 0, '', 0, 0, '0000-00-00', 0, '0000-00-00', '0000-00-00', '', 0, '0000-00-00', '0000-00-00', '0000-00-00'),
(3, '2.010.323.031', 'JUNAIDI', '2.010.323.031', '0', 'PEKANBARU', '0000-00-00', 'PEKANBARU', 'Laki-laki', 'Kawin', 'A', 'Islam', 'Salesman', 'Staff', 'SERJANA', 'A', 'A', '0000-00-00', 1, 0, '1', 0, '', 0, 0, '0000-00-00', 0, '0000-00-00', '0000-00-00', '', 0, '0000-00-00', '0000-00-00', '0000-00-00'),
(4, '2.010.323.032', 'ANDANI', '2.010.323.032', '0', 'CURUP', '0000-00-00', 'PEKANBARU', 'Laki-laki', 'Kawin', 'A', 'Islam', 'Salesman', 'Staff', 'SERJANA', 'A', 'A', '0000-00-00', 1, 0, '1', 0, '', 0, 0, '0000-00-00', 0, '0000-00-00', '0000-00-00', '', 0, '0000-00-00', '0000-00-00', '0000-00-00'),
(5, '2.010.420.009', 'RIO', '2.010.420.009', '0', 'Pku', '0000-00-00', 'Pku', 'Laki-laki', 'Kawin', 'A', 'Islam', 'Driver', 'Staff', 'SMA/SMK/MA', '-', '-', '0000-00-00', 3, 0, '1', 0, '', 0, 0, '0000-00-00', 0, '0000-00-00', '0000-00-00', '', 0, '0000-00-00', '0000-00-00', '0000-00-00'),
(6, '2.010.523.032', 'NOVA YOLANDA', '2.010.523.032', '0', 'PEKANBARU', '0000-00-00', 'PEKANBARU', 'Perempuan', 'Kawin', 'A', 'Islam', 'Salesman', 'Staff', 'SERJANA', 'A', 'A', '0000-00-00', 0, 0, '1', 0, '', 0, 0, '0000-00-00', 0, '0000-00-00', '0000-00-00', '', 0, '0000-00-00', '0000-00-00', '0000-00-00'),
(7, '2.011.220.015', 'IDRUS', '2.011.220.015', '0', 'Pku', '0000-00-00', 'Pku', 'Laki-laki', 'Kawin', 'A', 'Islam', 'Salesman', 'Staff', 'SMA/SMK/MA', '-', '-', '0000-00-00', 3, 0, '1', 0, '', 0, 0, '0000-00-00', 0, '0000-00-00', '0000-00-00', '', 0, '0000-00-00', '0000-00-00', '0000-00-00'),
(8, '2.030.120.005', 'ARDINAL', '2.030.120.005', '0', 'Pku', '0000-00-00', 'Pku', 'Laki-laki', 'Kawin', 'A', 'Islam', 'Driver', 'Staff', 'SMA/SMK/MA', '-', '-', '0000-00-00', 4, 0, '1', 0, '', 0, 0, '0000-00-00', 0, '0000-00-00', '0000-00-00', '', 0, '0000-00-00', '0000-00-00', '0000-00-00'),
(9, '2.031.220.016', 'NOFI', '2.031.220.016', '0', 'Pku', '0000-00-00', 'Pku', 'Laki-laki', 'Kawin', 'A', 'Islam', 'Salesman', 'Staff', 'SMA/SMK/MA', '-', '-', '0000-00-00', 3, 0, '1', 0, '', 0, 0, '0000-00-00', 0, '0000-00-00', '0000-00-00', '', 0, '0000-00-00', '0000-00-00', '0000-00-00'),
(10, '2.041.021.021', 'OKTA', '2.041.021.021', '0', 'Pku', '0000-00-00', 'Pku', 'Laki-laki', 'Kawin', 'A', 'Islam', 'Salesman', 'Staff', 'SMA/SMK/MA', '-', '-', '0000-00-00', 2, 0, '1', 0, '', 0, 0, '0000-00-00', 0, '0000-00-00', '0000-00-00', '', 0, '0000-00-00', '0000-00-00', '0000-00-00'),
(11, '2.050.420.010', 'ADE SAPUTRA', '2.050.420.010', '2147483647', 'Pku', '0000-00-00', 'Pku', 'Laki-laki', 'Belum Kawin', 'A', 'Islam', 'Admin', 'Staff', 'SMA/SMK/MA', '-', '-', '0000-00-00', 3, 0, '1', 0, '', 0, 0, '0000-00-00', 0, '0000-00-00', '0000-00-00', '', 0, '0000-00-00', '0000-00-00', '0000-00-00'),
(12, '2.051.220.017', 'BUSMAN', '2.051.220.017', '0', 'Pku', '0000-00-00', 'Pku', 'Laki-laki', 'Kawin', 'A', 'Islam', 'Driver', 'Staff', 'SMA/SMK/MA', '-', '-', '0000-00-00', 3, 0, '1', 0, '', 0, 0, '0000-00-00', 0, '0000-00-00', '0000-00-00', '', 0, '0000-00-00', '0000-00-00', '0000-00-00'),
(13, '2.080.621.019', 'ALRIDHO D.P.', '2.080.621.019', '0', 'Pku', '0000-00-00', 'Pku', 'Laki-laki', 'Belum Kawin', 'O', 'Islam', 'Admin', 'Staff', 'SERJANA', 'Islamic State University', 'Teknik Informatika', '0000-00-00', 2, 0, '1', 0, '', 0, 0, '0000-00-00', 0, '0000-00-00', '0000-00-00', '', 0, '0000-00-00', '0000-00-00', '0000-00-00'),
(14, '2.091.218.002', 'FAISAL', '2.091.218.002', '0', 'Pku', '0000-00-00', 'Pku', 'Laki-laki', 'Kawin', 'A', 'Islam', 'Salesman', 'Staff', 'SMA/SMK/MA', '-', '-', '0000-00-00', 6, 0, '1', 0, '', 0, 0, '0000-00-00', 0, '0000-00-00', '0000-00-00', '', 0, '0000-00-00', '0000-00-00', '0000-00-00'),
(15, '2.100.122.022', 'YOHAN', '2.100.122.022', '0', 'Pku', '0000-00-00', 'Pku', 'Laki-laki', 'Kawin', 'A', 'Islam', 'Office', 'Staff', 'SMA/SMK/MA', '-', '-', '0000-00-00', 3, 0, '1', 0, '', 0, 0, '0000-00-00', 0, '0000-00-00', '0000-00-00', '', 0, '0000-00-00', '0000-00-00', '0000-00-00'),
(16, '2.100.621.020', 'DAYAT', '2.100.621.020', '0', 'Pku', '0000-00-00', 'Pku', 'Laki-laki', 'Kawin', 'A', 'Islam', 'Salesman', 'Staff', 'SMA/SMK/MA', '-', '-', '0000-00-00', 2, 0, '1', 0, '', 0, 0, '0000-00-00', 0, '0000-00-00', '0000-00-00', '', 0, '0000-00-00', '0000-00-00', '0000-00-00'),
(17, '2.100.820.011', 'MUKMIN', '2.100.820.011', '2147483647', 'MA.SABAK', '0000-00-00', 'PEKANBARU', 'Laki-laki', 'Kawin', 'O', 'Islam', 'Office', 'Supervisor', 'SMA/SMK/MA', 'NEGRI', 'IPA', '0000-00-00', 3, 0, '1', 0, '', 0, 0, '0000-00-00', 0, '0000-00-00', '0000-00-00', '', 0, '0000-00-00', '0000-00-00', '0000-00-00'),
(18, '2.130.223.029', 'EDI SYAHRIL', '2.130.223.029', '0', 'PKU', '0000-00-00', 'PKU', 'Laki-laki', 'Kawin', 'O', 'Islam', 'Driver', 'Staff', 'SMA/SMK/MA', 'SMA', '0', '0000-00-00', 1, 0, '1', 0, '', 0, 0, '0000-00-00', 0, '0000-00-00', '0000-00-00', '', 0, '0000-00-00', '0000-00-00', '0000-00-00'),
(19, '2.130.223.030', 'RICKY UTAMA', '2.130.223.030', '0', 'PKU', '0000-00-00', 'PKU', 'Laki-laki', 'Kawin', 'O', 'Islam', 'Salesman', 'Staff', 'SMA/SMK/MA', 'SMA', '0', '0000-00-00', 1, 0, '1', 0, '', 0, 0, '0000-00-00', 0, '0000-00-00', '0000-00-00', '', 0, '0000-00-00', '0000-00-00', '0000-00-00'),
(20, '2.131.118.001', 'YUNAIDI', '2.131.118.001', '0', 'Pku', '0000-00-00', 'Pku', 'Laki-Laki', 'Kawin', 'A', 'Islam', 'Salesman', 'Staff', 'SMA/SMK/MA', '-', '-', '0000-00-00', 5, 0, '1', 0, '', 0, 0, '0000-00-00', 0, '0000-00-00', '0000-00-00', '', 0, '0000-00-00', '0000-00-00', '0000-00-00'),
(21, '2.150.220.007', 'HADI NURWAHID', '2.150.220.007', '0', 'Pku', '0000-00-00', 'Pku', 'Laki-laki', 'Kawin', 'A', 'Islam', 'Driver', 'Staff', 'SMA/SMK/MA', '-', '-', '0000-00-00', 4, 0, '1', 0, '', 0, 0, '0000-00-00', 0, '0000-00-00', '0000-00-00', '', 0, '0000-00-00', '0000-00-00', '0000-00-00'),
(22, '2.161.220.018', 'ZAKARIA', '2.161.220.018', '0', 'Pku', '0000-00-00', 'Pku', 'Laki-laki', 'Kawin', 'A', 'Islam', 'Driver', 'Staff', 'SMA/SMK/MA', '-', '-', '0000-00-00', 3, 0, '1', 0, '', 0, 0, '0000-00-00', 0, '0000-00-00', '0000-00-00', '', 0, '0000-00-00', '0000-00-00', '0000-00-00'),
(23, '2.200.120.006', 'PAIMAN', '2.200.120.006', '0', 'Pku', '0000-00-00', 'Pku', 'Laki-laki', 'Kawin', 'A', 'Islam', 'Driver', 'Staff', 'SMA/SMK/MA', '-', '-', '0000-00-00', 4, 0, '1', 0, '', 0, 0, '0000-00-00', 0, '0000-00-00', '0000-00-00', '', 0, '0000-00-00', '0000-00-00', '0000-00-00'),
(24, '2.240.122.023', 'AMIN', '2.240.122.023', '0', 'Pku', '0000-00-00', 'Pku', 'Laki-laki', 'Kawin', 'A', 'Islam', 'Driver', 'Staff', 'SMA/SMK/MA', '-', '-', '0000-00-00', 2, 0, '1', 0, '', 0, 0, '0000-00-00', 0, '0000-00-00', '0000-00-00', '', 0, '0000-00-00', '0000-00-00', '0000-00-00'),
(25, '2.250.320.008', 'RIDHO', '2.250.320.008', '0', 'Pku', '0000-00-00', 'Pku', 'Laki-laki', 'Kawin', 'A', 'Islam', 'Salesman', 'Staff', 'SMA/SMK/MA', '-', '-', '0000-00-00', 4, 0, '1', 0, '', 0, 0, '0000-00-00', 0, '0000-00-00', '0000-00-00', '', 0, '0000-00-00', '0000-00-00', '0000-00-00'),
(26, '2.261.020.013', 'BOBY PRIMA DM', '2.261.020.013', '0', 'Pku', '0000-00-00', 'Pku', 'Laki-laki', 'Kawin', 'A', 'Islam', 'Salesman', 'Staff', 'SMA/SMK/MA', '-', '-', '0000-00-00', 3, 1, '1', 0, '', 0, 0, '0000-00-00', 0, '0000-00-00', '0000-00-00', '', 34551, '0000-00-00', '0000-00-00', '0000-00-00'),
(28, '2.300.920.004', 'HENDRA', '2.300.920.004', '0', 'Pku', '0000-00-00', 'Pku', 'Laki-laki', 'Kawin', 'A', 'Islam', 'Salesman', 'Staff', 'SMA/SMK/MA', '-', '-', '0000-00-00', 4, 1, '1', 0, '', 0, 0, '0000-00-00', 0, '0000-00-00', '0000-00-00', '', 0, '0000-00-00', '0000-00-00', '0000-00-00'),
(29, '2.310.123.026', 'FIRMAN', '2.310.123.026', '0', 'PKU', '0000-00-00', 'PKU', 'Laki-laki', 'Kawin', 'O', 'Islam', 'Salesman', 'Staff', 'SMA/SMK/MA', 'SMA', '0', '0000-00-00', 1, 0, '1', 0, '', 0, 0, '0000-00-00', 0, '0000-00-00', '0000-00-00', '', 0, '0000-00-00', '0000-00-00', '0000-00-00'),
(30, '2.310.123.027', 'ARAF', '2.310.123.027', '0', 'PKU', '0000-00-00', 'PKU', 'Laki-laki', 'Kawin', 'O', 'Islam', 'Driver', 'Staff', 'SMA/SMK/MA', 'SMA', '0', '0000-00-00', 1, 1, '1', 0, '', 0, 0, '0000-00-00', 0, '0000-00-00', '0000-00-00', '', 0, '0000-00-00', '0000-00-00', '0000-00-00'),
(31, '2.311.022.025', 'RINA FITRIA ULFA', '2.311.022.025', '2147483647', 'PEKANBARU', '0000-00-00', 'PEKANBARU', 'Perempuan', 'Belum Kawin', 'A', 'Islam', 'Admin', 'Staff', 'SERJANA', 'STIE PERSADA BUNDA PEKANBARU', 'MANAJEMEN', '0000-00-00', 1, 1, '1', 0, '', 0, 0, '0000-00-00', 0, '0000-00-00', '0000-00-00', '', 0, '0000-00-00', '0000-00-00', '0000-00-00'),
(32, '1.011.218.009', 'DONY SETIAWAN', '1.011.218.009', '82377211313', 'Jambi ', '0000-00-00', 'Jambi', 'Laki-laki', 'Kawin', 'A', 'Islam', 'Salesman', 'Staff', 'SMA/SMK/MA', '-', '-', '0000-00-00', 5, 2, '', 0, '', 0, 0, '0000-00-00', 0, '0000-00-00', '0000-00-00', '', 0, '0000-00-00', '0000-00-00', '0000-00-00'),
(33, '2.100.820.013', 'AKBAR', '2.100.820.013', '82350843210', 'Pku ', '0000-00-00', 'Pku', 'Laki-laki', 'Kawin', 'A', 'Islam', 'Gudang', 'Staff', 'SMA/SMK/MA', '-', '-', '0000-00-00', 3, 2, '', 0, '', 0, 0, '0000-00-00', 0, '0000-00-00', '0000-00-00', '', 0, '0000-00-00', '0000-00-00', '0000-00-00'),
(34, '8.270.822.001', 'M. TOMMY SETYADI', '8.270.822.001', '81366419050', 'JAMBI', '0000-00-00', 'DESA KEMANTAN KEBALAI RT 01 RW 000 KEMANTAN KEBALAI , AIR HANGAT TIMUR, KERINCI', 'Laki-laki', 'Kawin', 'O', 'Islam', 'Salesman', 'Staff', 'SERJANA', '-', '-', '0000-00-00', 7, 2, '', 0, '', 0, 0, '0000-00-00', 0, '0000-00-00', '0000-00-00', '', 0, '0000-00-00', '0000-00-00', '0000-00-00'),
(35, '10.011.223.001', 'DENI EKA PRASETYA', '10.011.223.001', '0813-6336-6614', 'PADANG ', '0000-00-00', 'PADANG', 'Laki-laki', 'Kawin', 'O', 'Islam', 'Office', 'Supervisor', 'SERJANA', 'PADANG', 'IPS', '0000-00-00', 0, 2, '', 0, '', 0, 0, '0000-00-00', 0, '0000-00-00', '0000-00-00', '', 0, '0000-00-00', '0000-00-00', '0000-00-00'),
(36, '10.020.124.001', 'ARIF', '10.020.124.001', '-', 'PADANG ', '0000-00-00', 'PADANG', 'Laki-laki', 'Kawin', 'O', 'Islam', 'Salesman', 'Staff', 'SMA/SMK/MA', 'PADANG', 'IPS', '0000-00-00', 0, 2, '', 0, '', 0, 0, '0000-00-00', 0, '0000-00-00', '0000-00-00', '', 0, '0000-00-00', '0000-00-00', '0000-00-00'),
(37, '10.020.124.002', 'MUKHSAL MINAN', '10.020.124.002', '0', 'PLASMA TIGA ', '0000-00-00', 'PASAMAN PADANG', 'Laki-laki', 'Kawin', 'O', 'Islam', 'Salesman', 'Staff', 'SMA/SMK/MA', 'PADANG', 'IPS', '0000-00-00', 0, 2, '', 0, '', 0, 0, '0000-00-00', 0, '0000-00-00', '0000-00-00', '', 0, '0000-00-00', '0000-00-00', '0000-00-00'),
(38, '10.160.124.001', 'OKTA AHMADI', '10.160.124.001', '-', 'DUMAI ', '0000-00-00', 'PADANG', 'Laki-laki', 'Kawin', 'A', 'Islam', 'Salesman', 'Staff', 'SMA/SMK/MA', 'PADANG', 'IPS', '0000-00-00', 0, 2, '', 0, '', 0, 0, '0000-00-00', 0, '0000-00-00', '0000-00-00', '', 0, '0000-00-00', '0000-00-00', '0000-00-00'),
(39, '10.180.922.001', 'REZKI YULANDA', '10.180.922.001', '82284183726', 'PADANG ', '0000-00-00', 'KOMP. ARAI PINANG BLOK U-UMUM NO7. KECLUBUK BEGALUNG', 'Laki-laki', 'Kawin', 'A', 'Islam', 'Salesman', 'Staff', 'SMA/SMK/MA', '-', '-', '0000-00-00', 1, 2, '', 0, '', 0, 0, '0000-00-00', 0, '0000-00-00', '0000-00-00', '', 0, '0000-00-00', '0000-00-00', '0000-00-00'),
(40, '10.181.223.001', 'HADINUL AKMAL', '10.181.223.001', '0812-6133-1878', 'LASI', '0000-00-00', 'BUKIT TINGGI', 'Laki-laki', 'Kawin', 'A', 'Islam', 'Salesman', 'Staff', 'SMA/SMK/MA', 'PADANG', 'IPS', '0000-00-00', 0, 2, '', 0, '', 0, 0, '0000-00-00', 0, '0000-00-00', '0000-00-00', '', 0, '0000-00-00', '0000-00-00', '0000-00-00'),
(41, '10.181.223.002', 'SUWITO', '10.181.223.002', '0851-7204-3692', 'LEMBAH BINUANG ', '0000-00-00', 'BUKIT TINGGI', 'Laki-laki', 'Kawin', 'A', 'Islam', 'Salesman', 'Staff', 'SMA/SMK/MA', 'PADANG', 'IPS', '0000-00-00', 0, 2, '', 0, '', 0, 0, '0000-00-00', 0, '0000-00-00', '0000-00-00', '', 0, '0000-00-00', '0000-00-00', '0000-00-00'),
(42, '10.220.124.001', 'DARMAWANSYAH SAPUTRA', '10.220.124.001', '85376538802', 'TANJUNG KARANG', '0000-00-00', 'IKUR KOTO RT 2 RW 2 KOTO PANJANG IKUA KOTO, KOTOA TANGAH, PADANG', 'Laki-laki', 'Kawin', 'O', 'Islam', 'Salesman', 'Staff', 'SMA/SMK/MA', 'SMK OTOMOTIF PADANG', 'OTOMOTIF', '0000-00-00', 0, 2, '', 0, '', 0, 0, '0000-00-00', 0, '0000-00-00', '0000-00-00', '', 0, '0000-00-00', '0000-00-00', '0000-00-00'),
(43, '10.221.122.001', 'ALFIANTO', '10.221.122.001', '85363339889', 'JAMBI ', '0000-00-00', 'JAMBI', 'Laki-laki', 'Kawin', 'A', 'Islam', 'Salesman', 'Staff', 'SMA/SMK/MA', '-', '-', '0000-00-00', 1, 2, '', 0, '', 0, 0, '0000-00-00', 0, '0000-00-00', '0000-00-00', '', 0, '0000-00-00', '0000-00-00', '0000-00-00'),
(44, '10.250.822.001', 'YOSRI HENDRIKO', '10.250.822.001', '81268202012', 'TB.BARU KOTO LAWEH ', '0000-00-00', 'PADANG', 'Laki-laki', 'Kawin', 'A', 'Islam', 'Salesman', 'Staff', 'SMA/SMK/MA', 'SMA N 4 PADANG', 'AKUTANSI', '0000-00-00', 1, 2, '', 0, '', 0, 0, '0000-00-00', 0, '0000-00-00', '0000-00-00', '', 0, '0000-00-00', '0000-00-00', '0000-00-00'),
(45, '10.250.822.003', 'MUHAMAD ARIF', '10.250.822.003', '82288656267', 'SIKABU ', '0000-00-00', 'BUKIT SIKABU PARIAMAN', 'Laki-laki', 'Belum Kawin', 'A', 'Islam', 'Salesman', 'Staff', 'SMA/SMK/MA', 'DHARMABAKTI LUBUK ALUNG', 'TEKNIK MESIN', '0000-00-00', 1, 2, '', 0, '', 0, 0, '0000-00-00', 0, '0000-00-00', '0000-00-00', '', 0, '0000-00-00', '0000-00-00', '0000-00-00'),
(46, '10.250.822.005', 'INDRA MAIYADI', '10.250.822.005', '85274123394', 'TARATAK', '0000-00-00', 'KOTO GUNUANG', 'Laki-laki', 'Kawin', 'A', 'Islam', 'Salesman', 'Staff', 'SERJANA', 'STKIP', 'PENDIDIKAN GEOGRAFI', '0000-00-00', 1, 2, '', 0, '', 0, 0, '0000-00-00', 0, '0000-00-00', '0000-00-00', '', 0, '0000-00-00', '0000-00-00', '0000-00-00'),
(47, '10.260.922.004', 'HARRY FERNANDO', '10.260.922.004', '81372211727', 'PADANG ', '0000-00-00', 'JL.DR SUTOMO NO 130. KUBU MARAPALAM', 'Laki-laki', 'Kawin', 'A', 'Islam', 'Salesman', 'Staff', 'SMA/SMK/MA', '-', '-', '0000-00-00', 1, 2, '', 0, '', 0, 0, '0000-00-00', 0, '0000-00-00', '0000-00-00', '', 0, '0000-00-00', '0000-00-00', '0000-00-00'),
(48, '10.281.122.002', 'ARDILAS', '10.281.122.002', '85213786151', 'BATANG TANGAH ', '0000-00-00', 'LUBUK LINTAH KURANJI', 'Laki-laki', 'Kawin', 'O', 'Islam', 'Salesman', 'Staff', 'SMA/SMK/MA', '0', '0', '0000-00-00', 1, 2, '', 0, '', 0, 0, '0000-00-00', 0, '0000-00-00', '0000-00-00', '', 0, '0000-00-00', '0000-00-00', '0000-00-00'),
(49, '14.010.922.002', 'HALIM ADRIAWAN', '14.010.922.002', '82282900455', 'BENGKULU ', '0000-00-00', 'BENGKULU', 'Laki-laki', 'Belum Kawin', 'A', 'Islam', 'Salesman', 'Staff', 'SMA/SMK/MA', 'Negeri', 'IPS', '0000-00-00', 1, 2, '', 0, '', 0, 0, '0000-00-00', 0, '0000-00-00', '0000-00-00', '', 0, '0000-00-00', '0000-00-00', '0000-00-00'),
(50, '14.010.922.009', 'MUAMMAR RAFI', '14.010.922.009', '85156339099', 'KOTA JAMBI ', '0000-00-00', 'KOTA JAMBI', 'Laki-laki', 'Belum Kawin', 'A', 'Islam', 'Office', 'Staff', 'SERJANA', 'Negeri', 'EKONOMI', '0000-00-00', 1, 2, '', 0, '', 0, 0, '0000-00-00', 0, '0000-00-00', '0000-00-00', '', 0, '0000-00-00', '0000-00-00', '0000-00-00'),
(1000, '001.270324.001', 'Muh Arif Lana', '141121708010022', '2147483647', 'Pekanbaru', '0000-00-00', 'Pekanbaru', 'Male', 'Belum Kawin', 'B', 'Islam', 'Driver', 'Staff', 'SMA/SMK', 'smk7 pekanabru', 'TKJ', '2024-03-27', NULL, 1, 'OUTSTATION', 12, 'Freelance', 1200000, 3000000, '2024-03-27', 67, '2024-03-27', '2024-03-27', 'OFFICE', 34551, '2024-03-27', '2024-03-27', '0000-00-00');

-- --------------------------------------------------------

--
-- Table structure for table `kas_bank`
--

CREATE TABLE `kas_bank` (
  `id_kas` int(11) NOT NULL,
  `id_sales` int(11) DEFAULT NULL,
  `id_konsumen` int(11) DEFAULT NULL,
  `id_bank` int(11) NOT NULL,
  `metode_bayar` varchar(222) DEFAULT NULL,
  `ket` varchar(222) NOT NULL,
  `id_user` int(11) NOT NULL,
  `minggu` int(11) DEFAULT NULL,
  `pergantian_minggu` int(11) DEFAULT NULL,
  `uang_kas` int(112) NOT NULL,
  `updated_at` date NOT NULL,
  `created_at` date NOT NULL,
  `deleted_at` date NOT NULL
) ENGINE=InnoDB DEFAULT CHARSET=utf8mb4;

--
-- Dumping data for table `kas_bank`
--

INSERT INTO `kas_bank` (`id_kas`, `id_sales`, `id_konsumen`, `id_bank`, `metode_bayar`, `ket`, `id_user`, `minggu`, `pergantian_minggu`, `uang_kas`, `updated_at`, `created_at`, `deleted_at`) VALUES
(2, NULL, NULL, 5, NULL, 'PENGGANTIAN', 34551, 10, 7, 68760500, '2024-03-13', '2024-03-13', '0000-00-00'),
(3, NULL, NULL, 5, NULL, 'KASBON', 34551, 19, 10, 121600000, '2024-03-13', '2024-03-13', '0000-00-00'),
(4, NULL, NULL, 5, NULL, 'TOPUP KAS KECIL', 34551, 17, 0, 113000000, '2024-03-13', '2024-03-13', '0000-00-00'),
(7, NULL, NULL, 3, NULL, 'RECEIPT OF TRADE PAYABLES', 34551, 19, NULL, 68760500, '2024-03-13', '2024-03-13', '0000-00-00');

-- --------------------------------------------------------

--
-- Table structure for table `lokasi`
--

CREATE TABLE `lokasi` (
  `id_lokasi` int(11) NOT NULL,
  `id_branch` int(11) NOT NULL,
  `nama_lokasi` varchar(255) NOT NULL,
  `maps` varchar(255) NOT NULL,
  `created_by` int(11) NOT NULL,
  `created_at` datetime NOT NULL,
  `updated_at` datetime NOT NULL,
  `deleted_at` datetime NOT NULL
) ENGINE=InnoDB DEFAULT CHARSET=utf8mb4;

--
-- Dumping data for table `lokasi`
--

INSERT INTO `lokasi` (`id_lokasi`, `id_branch`, `nama_lokasi`, `maps`, `created_by`, `created_at`, `updated_at`, `deleted_at`) VALUES
(1, 0, 'KANTOR BRM PKU', 'No49', 34551, '2024-01-02 08:13:53', '2024-01-02 08:13:53', '0000-00-00 00:00:00'),
(2, 0, 'BRM Pekanbaru', 'CCX8+5FF', 34551, '2024-01-02 08:14:25', '2024-01-02 08:14:25', '0000-00-00 00:00:00');

-- --------------------------------------------------------

--
-- Table structure for table `mutasi_bank`
--

CREATE TABLE `mutasi_bank` (
  `id_mutasi_bank` int(111) NOT NULL,
  `id_bank` int(111) NOT NULL,
  `id_branch` int(11) NOT NULL,
  `remark_mutasi_bank` varchar(255) NOT NULL,
  `biaya_mutasi_bank` int(100) NOT NULL,
  `week_mutasi_bank` int(2) NOT NULL,
  `tgl_mutasi_bank` date DEFAULT NULL,
  `created_at` date NOT NULL,
  `updated_at` date NOT NULL,
  `deleted_at` date NOT NULL,
  `user` int(11) NOT NULL,
  `approved_by` int(11) NOT NULL,
  `type_mutasi_bank` varchar(255) NOT NULL
) ENGINE=InnoDB DEFAULT CHARSET=utf8mb4;

--
-- Dumping data for table `mutasi_bank`
--

INSERT INTO `mutasi_bank` (`id_mutasi_bank`, `id_bank`, `id_branch`, `remark_mutasi_bank`, `biaya_mutasi_bank`, `week_mutasi_bank`, `tgl_mutasi_bank`, `created_at`, `updated_at`, `deleted_at`, `user`, `approved_by`, `type_mutasi_bank`) VALUES
(1, 3, 0, 'Retur', 1275000, 2, '2024-02-17', '2024-02-17', '2024-02-17', '0000-00-00', 34551, 34551, 'Uang Keluar'),
(2, 3, 0, 'Tf Salesman', 54170000, 3, '2024-02-17', '2024-02-17', '2024-02-17', '0000-00-00', 34551, 34551, 'Uang Keluar'),
(3, 3, 0, 'MUTASI HO DEV AA BAYU	', 200000000, 3, '2024-02-18', '2024-02-17', '2024-02-17', '0000-00-00', 34551, 34551, 'Mutasi HO Deviden'),
(4, 1, 0, 'MUTASI HO PENGEMBANGAN SEPT	', 2000000, 18, '0000-00-00', '2024-03-13', '2024-03-13', '0000-00-00', 34551, 34551, 'MUTASI KAS PENGEMBANGAN');

-- --------------------------------------------------------

--
-- Table structure for table `nota`
--

CREATE TABLE `nota` (
  `id_nota` int(11) NOT NULL,
  `no_nota` varchar(200) NOT NULL,
  `id_sales` int(11) NOT NULL,
  `id_partner` int(11) NOT NULL,
  `weeks` int(2) NOT NULL,
  `payment_method` varchar(255) NOT NULL,
  `total_beli` int(25) NOT NULL,
  `id_customer` int(11) NOT NULL,
  `id_branch` int(11) NOT NULL,
  `id_area` int(11) NOT NULL,
  `id_bank` int(11) NOT NULL,
  `tgl_bayar` date NOT NULL,
  `pay` int(120) DEFAULT NULL,
  `status` varchar(22) NOT NULL,
  `created_by` int(11) NOT NULL,
  `created_at` datetime NOT NULL,
  `updated_at` datetime NOT NULL,
  `deleted_at` datetime NOT NULL
) ENGINE=InnoDB DEFAULT CHARSET=utf8mb4;

--
-- Dumping data for table `nota`
--

INSERT INTO `nota` (`id_nota`, `no_nota`, `id_sales`, `id_partner`, `weeks`, `payment_method`, `total_beli`, `id_customer`, `id_branch`, `id_area`, `id_bank`, `tgl_bayar`, `pay`, `status`, `created_by`, `created_at`, `updated_at`, `deleted_at`) VALUES
(1, '2034', 1, 4000002, 0, 'CASH', 139800, 300002, 0, 5, 3, '2024-02-08', 139800, 'Lunas', 34551, '2024-02-08 10:29:50', '2024-02-22 08:36:43', '0000-00-00 00:00:00'),
(2, '2035', 2, 4000003, 0, 'CASH', 287000, 300002, 0, 5, 3, '2024-02-09', NULL, '', 34551, '2024-02-09 11:02:11', '2024-02-22 08:41:09', '0000-00-00 00:00:00');

-- --------------------------------------------------------

--
-- Table structure for table `nota_detail`
--

CREATE TABLE `nota_detail` (
  `id_nota_detail` int(11) NOT NULL,
  `id_nota` int(11) NOT NULL,
  `id_product` int(11) NOT NULL,
  `id_sales_detail` int(111) NOT NULL,
  `id_jenis_harga` int(11) NOT NULL,
  `satuan_penjualan` int(12) NOT NULL,
  `diskon_penjualan` int(12) NOT NULL,
  `created_at` datetime NOT NULL,
  `updated_at` datetime NOT NULL,
  `deleted_at` datetime NOT NULL
) ENGINE=InnoDB DEFAULT CHARSET=utf8mb4;

--
-- Dumping data for table `nota_detail`
--

INSERT INTO `nota_detail` (`id_nota_detail`, `id_nota`, `id_product`, `id_sales_detail`, `id_jenis_harga`, `satuan_penjualan`, `diskon_penjualan`, `created_at`, `updated_at`, `deleted_at`) VALUES
(1, 1, 10000000, 0, 2, 4, 20000, '2024-02-09 07:35:36', '2024-02-09 07:35:36', '0000-00-00 00:00:00'),
(2, 1, 10000000, 0, 1, 8, 1000, '2024-02-09 07:39:19', '2024-02-09 07:39:19', '0000-00-00 00:00:00'),
(3, 2, 10000000, 0, 1, 10, 2000, '2024-02-09 11:09:21', '2024-02-09 11:09:21', '0000-00-00 00:00:00'),
(4, 2, 10000000, 0, 2, 4, 2000, '2024-02-09 11:10:47', '2024-02-09 11:10:47', '0000-00-00 00:00:00');

-- --------------------------------------------------------

--
-- Table structure for table `partner`
--

CREATE TABLE `partner` (
  `id_partner` int(200) NOT NULL,
  `nik` varchar(255) NOT NULL,
  `nama_lengkap` varchar(255) NOT NULL,
  `alamat` text NOT NULL,
  `no_hp` varchar(17) NOT NULL,
  `set_karyawan` varchar(100) NOT NULL,
  `id_branch` int(11) NOT NULL,
  `created_at` date NOT NULL,
  `updated_at` date NOT NULL,
  `deleted_at` date NOT NULL
) ENGINE=InnoDB DEFAULT CHARSET=utf8mb4;

--
-- Dumping data for table `partner`
--

INSERT INTO `partner` (`id_partner`, `nik`, `nama_lengkap`, `alamat`, `no_hp`, `set_karyawan`, `id_branch`, `created_at`, `updated_at`, `deleted_at`) VALUES
(400000072, '2.041.021.021', 'OKTA', 'Pku', '0', '', 1, '0000-00-00', '0000-00-00', '0000-00-00'),
(400000073, '2.131.118.001', 'YUNAIDI', 'Pku', '0', '', 1, '0000-00-00', '0000-00-00', '0000-00-00'),
(400000074, '2.091.218.002', 'FAISAL', 'Pku', '0', '', 1, '0000-00-00', '0000-00-00', '0000-00-00'),
(400000075, '2.100.621.020', 'HIDAYAT', 'Pku', '0', '', 1, '0000-00-00', '0000-00-00', '0000-00-00'),
(400000076, '2.031.220.016', 'NOFI', 'Pku', '0', '', 0, '0000-00-00', '0000-00-00', '0000-00-00'),
(400000077, '2.250.320.008', 'RIDHO', 'Pku', '0', '', 0, '0000-00-00', '0000-00-00', '0000-00-00'),
(400000078, '2.011.220.015', 'IDRUS', 'Pku', '0', '', 0, '0000-00-00', '0000-00-00', '0000-00-00'),
(400000079, '2.300.920.004', 'HENDRA', 'Pku', '0', '', 0, '0000-00-00', '0000-00-00', '0000-00-00'),
(400000080, '2.261.020.013', 'BOBY', 'Pku', '0', '', 0, '0000-00-00', '0000-00-00', '0000-00-00'),
(400000084, '', 'JAMBI EXC', '', '', '', 0, '0000-00-00', '0000-00-00', '0000-00-00'),
(400000086, '', 'DUMAI', '', '', '', 0, '0000-00-00', '0000-00-00', '0000-00-00'),
(400000090, '', 'OFFICE PADANG', '', '', '', 0, '0000-00-00', '0000-00-00', '0000-00-00'),
(400000096, '', 'HEAD OFFICE', '', '', '', 0, '0000-00-00', '0000-00-00', '0000-00-00'),
(400000128, '2.010.316.001', 'MUHAMMAD', 'Pku', '0', '', 1, '0000-00-00', '0000-00-00', '0000-00-00'),
(400000287, '', 'BAMBANG NOTA PUTIH BARU', '', '', '', 0, '0000-00-00', '0000-00-00', '0000-00-00'),
(400000313, '2.310.123.026', 'FIRMAN', 'PKU', '0', '', 0, '0000-00-00', '0000-00-00', '0000-00-00'),
(400000332, '2.130.223.030', 'RICKY', 'PKU', '0', '', 0, '0000-00-00', '0000-00-00', '0000-00-00'),
(400000333, '2.130.223.031', 'RAFDI', 'PKU', '0', '', 0, '0000-00-00', '0000-00-00', '0000-00-00'),
(400000360, '', 'PALEMBANG', '', '', '', 0, '0000-00-00', '0000-00-00', '0000-00-00'),
(400000377, '', 'GRESIK', '', '', '', 0, '0000-00-00', '0000-00-00', '0000-00-00'),
(400000380, '2.010.323.032', 'ANDANI', 'PEKANBARU', '0', '', 1, '0000-00-00', '0000-00-00', '0000-00-00'),
(400000381, '2.010.323.031', 'JUNAIDI', 'PEKANBARU', '0', '', 0, '0000-00-00', '0000-00-00', '0000-00-00'),
(400000385, '', 'KUDUS', '', '', '', 4, '0000-00-00', '0000-00-00', '0000-00-00'),
(400000386, '', 'ADMIN', '', '', '', 0, '0000-00-00', '0000-00-00', '0000-00-00'),
(400000398, '', 'BUNGO EXC', '', '', '', 0, '0000-00-00', '0000-00-00', '0000-00-00'),
(400000399, '', 'BENGKULU', '', '', '', 0, '0000-00-00', '0000-00-00', '0000-00-00'),
(400000448, '', 'BR PADANG', '', '', '', 2, '0000-00-00', '0000-00-00', '0000-00-00'),
(400000452, '1.011.119.013', 'DERI', 'JL. SENTOT ALI BASA, RT.006, RW.000, PAYO SELINCAH, KEC. PAAL MERAH', '82371346076', '', 0, '0000-00-00', '0000-00-00', '0000-00-00');

-- --------------------------------------------------------

--
-- Table structure for table `pengeluaran_kantor`
--

CREATE TABLE `pengeluaran_kantor` (
  `id_pengeluaran_kantor` int(111) NOT NULL,
  `id_branch` int(11) NOT NULL,
  `keterangan_pengeluaran_kantor` varchar(255) NOT NULL,
  `remark_pengeluaran_kantor` varchar(255) NOT NULL,
  `biaya_pengeluaran_kantor` int(100) NOT NULL,
  `week_pengeluaran_kantor` int(2) NOT NULL,
  `tgl_pengeluaran_kantor` date NOT NULL,
  `created_at` date NOT NULL,
  `updated_at` date NOT NULL,
  `deleted_at` date NOT NULL,
  `created_by` int(11) NOT NULL,
  `approved_by` int(11) NOT NULL,
  `approved_date` datetime NOT NULL
) ENGINE=InnoDB DEFAULT CHARSET=utf8mb4;

--
-- Dumping data for table `pengeluaran_kantor`
--

INSERT INTO `pengeluaran_kantor` (`id_pengeluaran_kantor`, `id_branch`, `keterangan_pengeluaran_kantor`, `remark_pengeluaran_kantor`, `biaya_pengeluaran_kantor`, `week_pengeluaran_kantor`, `tgl_pengeluaran_kantor`, `created_at`, `updated_at`, `deleted_at`, `created_by`, `approved_by`, `approved_date`) VALUES
(2, 0, 'MBAK YULI', 'BU YULI JAN 2024	', 100000000, 18, '2024-02-16', '2024-02-16', '2024-02-16', '0000-00-00', 34551, 34551, '0000-00-00 00:00:00'),
(3, 0, 'OFFICE', 'SERVICE BM 9659 RO (ARDINAL)	', 1000000, 17, '2024-02-08', '2024-02-16', '2024-02-16', '0000-00-00', 34551, 34551, '0000-00-00 00:00:00');

-- --------------------------------------------------------

--
-- Table structure for table `price`
--

CREATE TABLE `price` (
  `id_price` int(11) NOT NULL,
  `id_branch` int(11) NOT NULL,
  `keterangan_price` varchar(225) NOT NULL,
  `tanggal_aktif` datetime NOT NULL,
  `created_by` int(11) NOT NULL,
  `created_at` datetime NOT NULL,
  `updated_at` datetime NOT NULL,
  `deleted_at` datetime NOT NULL
) ENGINE=InnoDB DEFAULT CHARSET=utf8mb4;

--
-- Dumping data for table `price`
--

INSERT INTO `price` (`id_price`, `id_branch`, `keterangan_price`, `tanggal_aktif`, `created_by`, `created_at`, `updated_at`, `deleted_at`) VALUES
(500000000, 0, 'Update Harga M BOLD', '2024-01-09 04:27:09', 34551, '2024-01-08 06:12:18', '2024-01-09 04:27:09', '0000-00-00 00:00:00');

-- --------------------------------------------------------

--
-- Table structure for table `price_detail`
--

CREATE TABLE `price_detail` (
  `id_price_detail` int(11) NOT NULL,
  `id_price` int(11) NOT NULL,
  `id_product` int(11) NOT NULL,
  `id_jenis_harga` int(11) NOT NULL,
  `harga` varchar(255) NOT NULL,
  `created_at` datetime NOT NULL,
  `updated_at` datetime NOT NULL,
  `deleted_at` datetime NOT NULL
) ENGINE=InnoDB DEFAULT CHARSET=utf8mb4;

--
-- Dumping data for table `price_detail`
--

INSERT INTO `price_detail` (`id_price_detail`, `id_price`, `id_product`, `id_jenis_harga`, `harga`, `created_at`, `updated_at`, `deleted_at`) VALUES
(1, 500000000, 0, 5, '11150', '2024-01-08 07:48:19', '2024-01-08 07:48:19', '0000-00-00 00:00:00'),
(2, 500000000, 10000000, 2, '10900', '2024-01-08 07:49:49', '2024-01-09 04:26:50', '0000-00-00 00:00:00'),
(3, 500000000, 10000000, 5, '11100', '2024-01-08 07:55:16', '2024-01-09 04:26:14', '0000-00-00 00:00:00'),
(4, 500000000, 10000002, 3, '40000', '2024-01-09 04:30:39', '2024-01-09 04:30:39', '0000-00-00 00:00:00');

-- --------------------------------------------------------

--
-- Table structure for table `product`
--

CREATE TABLE `product` (
  `id_product` int(11) NOT NULL,
  `nama_product` varchar(255) NOT NULL,
  `satuan_product` varchar(100) NOT NULL,
  `stock_product` varchar(12) NOT NULL,
  `id_supplier` int(11) NOT NULL,
  `area` int(111) NOT NULL,
  `defect` int(111) NOT NULL,
  `sample` int(111) NOT NULL,
  `id_branch` int(11) NOT NULL,
  `created_at` date NOT NULL,
  `updated_at` date NOT NULL,
  `deleted_at` date NOT NULL
) ENGINE=InnoDB DEFAULT CHARSET=utf8mb4;

--
-- Dumping data for table `product`
--

INSERT INTO `product` (`id_product`, `nama_product`, `satuan_product`, `stock_product`, `id_supplier`, `area`, `defect`, `sample`, `id_branch`, `created_at`, `updated_at`, `deleted_at`) VALUES
(10000000, 'M. BOLD', 'Bungkus', '139999', 213000000, 0, 0, 0, 1, '2023-12-18', '2023-12-18', '0000-00-00'),
(10000001, 'M. BLUE', 'Bungkus', '150000', 213000000, 0, 0, 0, 0, '2023-12-18', '2023-12-18', '0000-00-00'),
(10000002, 'BLUWISS', 'Bungkus', '120000', 213000000, 0, 0, 0, 0, '2023-12-27', '2023-12-27', '0000-00-00'),
(10000003, 'HIMA', 'Bungkus', '110000', 213000001, 0, 0, 0, 0, '2023-12-27', '2023-12-27', '0000-00-00'),
(10000058, 'HIMA', 'Bungkus', '0', 213000015, 0, 0, 0, 2, '0000-00-00', '0000-00-00', '0000-00-00'),
(10000059, 'BLUWISS', 'Bungkus', '0', 213000015, 0, 0, 0, 2, '0000-00-00', '0000-00-00', '0000-00-00'),
(10000060, 'SEVEN', 'Bungkus', '0', 213000015, 0, 0, 0, 2, '0000-00-00', '0000-00-00', '0000-00-00'),
(10000061, 'R BOLD', 'Bungkus', '0', 213000015, 0, 0, 0, 2, '0000-00-00', '0000-00-00', '0000-00-00'),
(10000062, 'B MILD', 'Bungkus', '0', 213000015, 0, 0, 0, 2, '0000-00-00', '0000-00-00', '0000-00-00'),
(10000063, 'SAHARA', 'Bungkus', '0', 213000015, 0, 0, 0, 2, '0000-00-00', '0000-00-00', '0000-00-00'),
(10000064, 'GUDANG HARUM', 'Bungkus', '0', 213000015, 0, 0, 0, 2, '0000-00-00', '0000-00-00', '0000-00-00'),
(10000065, 'GUDANG CENGKEH FILTER', 'Bungkus', '0', 213000015, 0, 0, 0, 2, '0000-00-00', '0000-00-00', '0000-00-00'),
(10000066, 'HAVE', 'Bungkus', '0', 213000015, 0, 0, 0, 2, '0000-00-00', '0000-00-00', '0000-00-00'),
(10000067, 'SULTAN CENGKEH', 'Bungkus', '0', 213000015, 0, 0, 0, 2, '0000-00-00', '0000-00-00', '0000-00-00'),
(10000145, 'KOPIJO GULA', 'Bungkus', '0', 213000015, 0, 0, 0, 2, '0000-00-00', '0000-00-00', '0000-00-00'),
(10000146, 'KOPIJO SUSU', 'Bungkus', '0', 213000015, 0, 0, 0, 2, '0000-00-00', '0000-00-00', '0000-00-00'),
(10000192, 'BANI BLUEBERRY', 'Bungkus', '0', 213000015, 0, 0, 0, 2, '0000-00-00', '0000-00-00', '0000-00-00'),
(10000203, 'HAVE BOLD', 'Bungkus', '0', 213000015, 0, 0, 0, 2, '0000-00-00', '0000-00-00', '0000-00-00'),
(10000264, 'ROW BOLD', 'Bungkus', '0', 213000015, 0, 0, 0, 2, '0000-00-00', '0000-00-00', '0000-00-00'),
(10000265, 'ROW MILD', 'Bungkus', '0', 213000015, 0, 0, 0, 2, '0000-00-00', '0000-00-00', '0000-00-00'),
(10000277, 'NY BOLD', 'Bungkus', '0', 213000015, 0, 0, 0, 2, '0000-00-00', '0000-00-00', '0000-00-00'),
(10000281, 'SAHARA FILTER', 'Bungkus', '0', 213000015, 0, 0, 0, 2, '0000-00-00', '0000-00-00', '0000-00-00'),
(10000287, 'HIMA CLICK', 'Bungkus', '0', 213000087, 0, 0, 0, 2, '0000-00-00', '0000-00-00', '0000-00-00'),
(10000288, 'TEH DANDANG TUBRUK BIRU', 'Slop Pack', '0', 213000087, 0, 0, 0, 2, '0000-00-00', '0000-00-00', '0000-00-00');

-- --------------------------------------------------------

--
-- Table structure for table `sales`
--

CREATE TABLE `sales` (
  `id_sales` int(200) NOT NULL,
  `id_partner` int(200) NOT NULL,
  `id_asset` int(200) NOT NULL,
  `id_area` int(200) NOT NULL,
  `id_branch` int(11) NOT NULL,
  `km` int(200) NOT NULL,
  `week` varchar(2) NOT NULL,
  `tgl_do` datetime NOT NULL,
  `keterangan` text NOT NULL,
  `created_at` datetime NOT NULL,
  `updated_at` datetime NOT NULL,
  `deleted_at` datetime NOT NULL
) ENGINE=InnoDB DEFAULT CHARSET=utf8mb4;

--
-- Dumping data for table `sales`
--

INSERT INTO `sales` (`id_sales`, `id_partner`, `id_asset`, `id_area`, `id_branch`, `km`, `week`, `tgl_do`, `keterangan`, `created_at`, `updated_at`, `deleted_at`) VALUES
(1, 4000002, 50000000, 85, 0, 2000, '20', '2024-02-08 17:28:00', 'W', '2024-02-08 10:29:03', '2024-02-08 10:29:03', '0000-00-00 00:00:00'),
(2, 4000003, 50000000, 94, 0, 20000, '19', '2024-02-09 18:01:00', 'A', '2024-02-09 11:01:46', '2024-02-09 11:01:46', '0000-00-00 00:00:00');

-- --------------------------------------------------------

--
-- Table structure for table `sales_detail`
--

CREATE TABLE `sales_detail` (
  `id_sales_detail` int(111) NOT NULL,
  `id_sales` int(111) NOT NULL,
  `id_product` int(111) NOT NULL,
  `id_price_detail` int(133) NOT NULL,
  `satuan_sales_detail` int(111) NOT NULL,
  `jumlah_sales` int(123) NOT NULL,
  `created_at` datetime NOT NULL,
  `updated_at` datetime NOT NULL,
  `deleted_at` datetime NOT NULL
) ENGINE=InnoDB DEFAULT CHARSET=utf8mb4;

--
-- Dumping data for table `sales_detail`
--

INSERT INTO `sales_detail` (`id_sales_detail`, `id_sales`, `id_product`, `id_price_detail`, `satuan_sales_detail`, `jumlah_sales`, `created_at`, `updated_at`, `deleted_at`) VALUES
(1, 1, 10000001, 0, 20, 20, '2024-02-08 10:29:17', '2024-02-08 10:29:17', '0000-00-00 00:00:00'),
(2, 1, 10000000, 0, 10, 9, '2024-02-08 10:29:27', '2024-02-08 10:29:27', '0000-00-00 00:00:00'),
(3, 2, 10000000, 0, 24, 24, '2024-02-09 11:06:17', '2024-02-09 11:06:17', '0000-00-00 00:00:00'),
(4, 2, 10000001, 0, 12, 12, '2024-02-09 11:06:25', '2024-02-09 11:06:25', '0000-00-00 00:00:00'),
(5, 2, 10000003, 0, 15, 15, '2024-02-19 07:33:01', '2024-02-19 07:33:01', '0000-00-00 00:00:00');

-- --------------------------------------------------------

--
-- Table structure for table `stock`
--

CREATE TABLE `stock` (
  `id_stock` int(11) NOT NULL,
  `id_product` int(100) NOT NULL,
  `jumlah_stock` varchar(123) NOT NULL,
  `tanggal_masuk` datetime NOT NULL,
  `created_at` datetime NOT NULL,
  `updated_at` datetime NOT NULL,
  `deleted_at` datetime NOT NULL
) ENGINE=InnoDB DEFAULT CHARSET=utf8mb4;

--
-- Dumping data for table `stock`
--

INSERT INTO `stock` (`id_stock`, `id_product`, `jumlah_stock`, `tanggal_masuk`, `created_at`, `updated_at`, `deleted_at`) VALUES
(1, 10000002, '1200', '2027-12-23 08:17:35', '2023-12-27 08:17:35', '2023-12-27 08:17:35', '0000-00-00 00:00:00'),
(4, 10000000, '2000', '2027-12-23 08:28:29', '2023-12-27 08:28:29', '2023-12-27 08:28:29', '0000-00-00 00:00:00');

-- --------------------------------------------------------

--
-- Table structure for table `stock_akhir`
--

CREATE TABLE `stock_akhir` (
  `id_stock_akhir` int(111) NOT NULL,
  `id_sales` int(111) NOT NULL,
  `id_salesman` int(111) NOT NULL,
  `created_by` int(111) NOT NULL,
  `created_at` date NOT NULL,
  `updated_at` date NOT NULL,
  `deleted_at` date NOT NULL
) ENGINE=InnoDB DEFAULT CHARSET=utf8mb4;

-- --------------------------------------------------------

--
-- Table structure for table `supplier`
--

CREATE TABLE `supplier` (
  `id_supplier` int(11) NOT NULL,
  `nama_supplier` varchar(255) NOT NULL,
  `alamat_supplier` text NOT NULL,
  `no_hp_supplier` int(15) NOT NULL,
  `id_branch` int(11) NOT NULL
) ENGINE=InnoDB DEFAULT CHARSET=utf8mb4;

--
-- Dumping data for table `supplier`
--

INSERT INTO `supplier` (`id_supplier`, `nama_supplier`, `alamat_supplier`, `no_hp_supplier`, `id_branch`) VALUES
(213000001, 'TRISNO JOYO', '-', 0, 0),
(213000002, 'CENGKIR MAS', '-', 0, 0),
(213000014, 'PIRAMIDA', '-', 0, 0),
(213000015, 'RETURN TOKO', '-', 0, 0),
(213000031, 'BR JAMBI', 'JAMBI', 0, 0),
(213000038, 'RASTA', 'PEKANBARU', 0, 1),
(213000041, 'H. ALI', 'JMB, PLB1, PDG', 0, 2),
(213000046, 'BR GRESIK', 'GRESIK', 0, 2),
(213000047, 'BR BALI', 'BALI', 0, 2),
(213000048, 'HEAD OFFICE', 'BINTANG REZEKI', 0, 2),
(213000049, 'H. Ari Seven', 'PDG', 0, 2),
(213000080, 'BR BUNGO', 'BUNGO', 0, 2),
(213000081, 'MAS BAYU', 'JAMBI', 0, 0),
(213000082, 'HEAD OFFICE', 'KUDUS', 0, 4),
(213000087, 'PEKANBARU', 'Pekanbaru', 2147483647, 2),
(213000093, 'H. ALI', '0', 0, 0),
(213000102, 'BR JAMBI HV', 'JAMBI BAMBANG', 8, 2),
(213000116, 'BR PADANG', 'PADANG', 8, 2),
(213000124, 'BANK GARANSI', '-', 8, 2),
(213000130, 'EXC BUNGO', 'BUNGO', 8, 2),
(213000131, 'EXC BUNGO', 'BUNGO', 8, 0),
(213000152, 'MD PKU', 'PKU', 8, 1),
(213000159, 'BR PALEMBANG', 'PALEMBANG', 0, 0),
(213000165, 'BR GRESIK', 'GRESIK', 8, 0),
(213000183, 'H ARI', '-', 0, 1),
(213000190, 'BUNGO', 'BUNGO', 8, 1);

-- --------------------------------------------------------

--
-- Table structure for table `user`
--

CREATE TABLE `user` (
  `id_user` int(11) NOT NULL,
  `username` varchar(50) NOT NULL,
  `nama_user` varchar(25) NOT NULL,
  `password_hash` varchar(191) NOT NULL,
  `level_user` varchar(20) NOT NULL,
  `status_user` tinyint(1) NOT NULL,
  `tanggal_akses` date DEFAULT NULL,
  `created_at` datetime NOT NULL,
  `updated_at` datetime NOT NULL,
  `deleted_at` datetime NOT NULL,
  `gambar` varchar(255) NOT NULL,
  `id_branch` int(11) NOT NULL
) ENGINE=InnoDB DEFAULT CHARSET=utf8mb4;

--
-- Dumping data for table `user`
--

INSERT INTO `user` (`id_user`, `username`, `nama_user`, `password_hash`, `level_user`, `status_user`, `tanggal_akses`, `created_at`, `updated_at`, `deleted_at`, `gambar`, `id_branch`) VALUES
(34544, 'coba123', 'coba12345', '$2y$10$Fm2jHOuNCINmlFaC7F.9KeKH8xzvuYwswi/JHgJ1zkZ7.cXpI.FmG', 'SPV', 1, NULL, '2022-09-06 22:18:58', '2022-09-28 03:07:05', '0000-00-00 00:00:00', '1664350570WhatsApp Image 2022-08-19 at 01.05.49 (2).jpeg', 0),
(34550, 'gudang', 'ALDO', '$2y$10$Fm2jHOuNCINmlFaC7F.9KeKH8xzvuYwswi/JHgJ1zkZ7.cXpI.FmG', 'Gudang', 1, NULL, '2022-09-06 22:18:58', '2022-09-28 03:07:05', '0000-00-00 00:00:00', '1664350570WhatsApp Image 2022-08-19 at 01.05.49 (2).jpeg', 0),
(34551, 'kaskecil', 'Mukmin', '$2y$10$Fm2jHOuNCINmlFaC7F.9KeKH8xzvuYwswi/JHgJ1zkZ7.cXpI.FmG', 'Kas Kecil', 1, NULL, '2022-09-06 22:18:58', '2022-09-28 03:07:05', '0000-00-00 00:00:00', '1664350570WhatsApp Image 2022-08-19 at 01.05.49 (2).jpeg', 1),
(34552, 'kas kecil', 'Okta', '$2y$10$Fm2jHOuNCINmlFaC7F.9KeKH8xzvuYwswi/JHgJ1zkZ7.cXpI.FmG', 'Kas Kecil', 1, NULL, '2022-09-06 22:18:58', '2022-09-28 03:07:05', '0000-00-00 00:00:00', '1664350570WhatsApp Image 2022-08-19 at 01.05.49 (2).jpeg', 2);

--
-- Indexes for dumped tables
--

--
-- Indexes for table `area`
--
ALTER TABLE `area`
  ADD PRIMARY KEY (`id_area`);

--
-- Indexes for table `asset`
--
ALTER TABLE `asset`
  ADD PRIMARY KEY (`id_asset`);

--
-- Indexes for table `bank`
--
ALTER TABLE `bank`
  ADD PRIMARY KEY (`id_bank`);

--
-- Indexes for table `barang_harga`
--
ALTER TABLE `barang_harga`
  ADD PRIMARY KEY (`id_barang_harga`);

--
-- Indexes for table `branch`
--
ALTER TABLE `branch`
  ADD PRIMARY KEY (`id_branch`);

--
-- Indexes for table `customer`
--
ALTER TABLE `customer`
  ADD PRIMARY KEY (`id_customer`);

--
-- Indexes for table `cuti`
--
ALTER TABLE `cuti`
  ADD PRIMARY KEY (`id_cuti`);

--
-- Indexes for table `izin`
--
ALTER TABLE `izin`
  ADD PRIMARY KEY (`id_izin`);

--
-- Indexes for table `jenis_harga`
--
ALTER TABLE `jenis_harga`
  ADD PRIMARY KEY (`id_jenis_harga`);

--
-- Indexes for table `karyawan`
--
ALTER TABLE `karyawan`
  ADD PRIMARY KEY (`id_karyawan`);

--
-- Indexes for table `kas_bank`
--
ALTER TABLE `kas_bank`
  ADD PRIMARY KEY (`id_kas`);

--
-- Indexes for table `lokasi`
--
ALTER TABLE `lokasi`
  ADD PRIMARY KEY (`id_lokasi`);

--
-- Indexes for table `mutasi_bank`
--
ALTER TABLE `mutasi_bank`
  ADD PRIMARY KEY (`id_mutasi_bank`);

--
-- Indexes for table `nota`
--
ALTER TABLE `nota`
  ADD PRIMARY KEY (`id_nota`);

--
-- Indexes for table `nota_detail`
--
ALTER TABLE `nota_detail`
  ADD PRIMARY KEY (`id_nota_detail`);

--
-- Indexes for table `partner`
--
ALTER TABLE `partner`
  ADD PRIMARY KEY (`id_partner`);

--
-- Indexes for table `pengeluaran_kantor`
--
ALTER TABLE `pengeluaran_kantor`
  ADD PRIMARY KEY (`id_pengeluaran_kantor`);

--
-- Indexes for table `price`
--
ALTER TABLE `price`
  ADD PRIMARY KEY (`id_price`);

--
-- Indexes for table `price_detail`
--
ALTER TABLE `price_detail`
  ADD PRIMARY KEY (`id_price_detail`);

--
-- Indexes for table `product`
--
ALTER TABLE `product`
  ADD PRIMARY KEY (`id_product`);

--
-- Indexes for table `sales`
--
ALTER TABLE `sales`
  ADD PRIMARY KEY (`id_sales`);

--
-- Indexes for table `sales_detail`
--
ALTER TABLE `sales_detail`
  ADD PRIMARY KEY (`id_sales_detail`);

--
-- Indexes for table `stock`
--
ALTER TABLE `stock`
  ADD PRIMARY KEY (`id_stock`);

--
-- Indexes for table `stock_akhir`
--
ALTER TABLE `stock_akhir`
  ADD PRIMARY KEY (`id_stock_akhir`);

--
-- Indexes for table `supplier`
--
ALTER TABLE `supplier`
  ADD PRIMARY KEY (`id_supplier`);

--
-- Indexes for table `user`
--
ALTER TABLE `user`
  ADD PRIMARY KEY (`id_user`);

--
-- AUTO_INCREMENT for dumped tables
--

--
-- AUTO_INCREMENT for table `area`
--
ALTER TABLE `area`
  MODIFY `id_area` int(100) NOT NULL AUTO_INCREMENT, AUTO_INCREMENT=293;

--
-- AUTO_INCREMENT for table `asset`
--
ALTER TABLE `asset`
  MODIFY `id_asset` int(200) NOT NULL AUTO_INCREMENT, AUTO_INCREMENT=50000406;

--
-- AUTO_INCREMENT for table `bank`
--
ALTER TABLE `bank`
  MODIFY `id_bank` int(11) NOT NULL AUTO_INCREMENT, AUTO_INCREMENT=15;

--
-- AUTO_INCREMENT for table `barang_harga`
--
ALTER TABLE `barang_harga`
  MODIFY `id_barang_harga` int(11) NOT NULL AUTO_INCREMENT, AUTO_INCREMENT=3;

--
-- AUTO_INCREMENT for table `branch`
--
ALTER TABLE `branch`
  MODIFY `id_branch` int(11) NOT NULL AUTO_INCREMENT, AUTO_INCREMENT=7;

--
-- AUTO_INCREMENT for table `customer`
--
ALTER TABLE `customer`
  MODIFY `id_customer` int(100) NOT NULL AUTO_INCREMENT, AUTO_INCREMENT=307364;

--
-- AUTO_INCREMENT for table `cuti`
--
ALTER TABLE `cuti`
  MODIFY `id_cuti` int(11) NOT NULL AUTO_INCREMENT, AUTO_INCREMENT=3;

--
-- AUTO_INCREMENT for table `izin`
--
ALTER TABLE `izin`
  MODIFY `id_izin` int(11) NOT NULL AUTO_INCREMENT, AUTO_INCREMENT=3;

--
-- AUTO_INCREMENT for table `jenis_harga`
--
ALTER TABLE `jenis_harga`
  MODIFY `id_jenis_harga` int(11) NOT NULL AUTO_INCREMENT, AUTO_INCREMENT=10;

--
-- AUTO_INCREMENT for table `karyawan`
--
ALTER TABLE `karyawan`
  MODIFY `id_karyawan` int(11) NOT NULL AUTO_INCREMENT, AUTO_INCREMENT=1001;

--
-- AUTO_INCREMENT for table `kas_bank`
--
ALTER TABLE `kas_bank`
  MODIFY `id_kas` int(11) NOT NULL AUTO_INCREMENT, AUTO_INCREMENT=8;

--
-- AUTO_INCREMENT for table `lokasi`
--
ALTER TABLE `lokasi`
  MODIFY `id_lokasi` int(11) NOT NULL AUTO_INCREMENT, AUTO_INCREMENT=4;

--
-- AUTO_INCREMENT for table `mutasi_bank`
--
ALTER TABLE `mutasi_bank`
  MODIFY `id_mutasi_bank` int(111) NOT NULL AUTO_INCREMENT, AUTO_INCREMENT=5;

--
-- AUTO_INCREMENT for table `nota`
--
ALTER TABLE `nota`
  MODIFY `id_nota` int(11) NOT NULL AUTO_INCREMENT, AUTO_INCREMENT=3;

--
-- AUTO_INCREMENT for table `nota_detail`
--
ALTER TABLE `nota_detail`
  MODIFY `id_nota_detail` int(11) NOT NULL AUTO_INCREMENT, AUTO_INCREMENT=5;

--
-- AUTO_INCREMENT for table `partner`
--
ALTER TABLE `partner`
  MODIFY `id_partner` int(200) NOT NULL AUTO_INCREMENT, AUTO_INCREMENT=400000453;

--
-- AUTO_INCREMENT for table `pengeluaran_kantor`
--
ALTER TABLE `pengeluaran_kantor`
  MODIFY `id_pengeluaran_kantor` int(111) NOT NULL AUTO_INCREMENT, AUTO_INCREMENT=4;

--
-- AUTO_INCREMENT for table `price`
--
ALTER TABLE `price`
  MODIFY `id_price` int(11) NOT NULL AUTO_INCREMENT, AUTO_INCREMENT=500000001;

--
-- AUTO_INCREMENT for table `price_detail`
--
ALTER TABLE `price_detail`
  MODIFY `id_price_detail` int(11) NOT NULL AUTO_INCREMENT, AUTO_INCREMENT=6;

--
-- AUTO_INCREMENT for table `product`
--
ALTER TABLE `product`
  MODIFY `id_product` int(11) NOT NULL AUTO_INCREMENT, AUTO_INCREMENT=10000289;

--
-- AUTO_INCREMENT for table `sales`
--
ALTER TABLE `sales`
  MODIFY `id_sales` int(200) NOT NULL AUTO_INCREMENT, AUTO_INCREMENT=3;

--
-- AUTO_INCREMENT for table `sales_detail`
--
ALTER TABLE `sales_detail`
  MODIFY `id_sales_detail` int(111) NOT NULL AUTO_INCREMENT, AUTO_INCREMENT=6;

--
-- AUTO_INCREMENT for table `stock`
--
ALTER TABLE `stock`
  MODIFY `id_stock` int(11) NOT NULL AUTO_INCREMENT, AUTO_INCREMENT=5;

--
-- AUTO_INCREMENT for table `stock_akhir`
--
ALTER TABLE `stock_akhir`
  MODIFY `id_stock_akhir` int(111) NOT NULL AUTO_INCREMENT;

--
-- AUTO_INCREMENT for table `supplier`
--
ALTER TABLE `supplier`
  MODIFY `id_supplier` int(11) NOT NULL AUTO_INCREMENT, AUTO_INCREMENT=213000191;

--
-- AUTO_INCREMENT for table `user`
--
ALTER TABLE `user`
  MODIFY `id_user` int(11) NOT NULL AUTO_INCREMENT, AUTO_INCREMENT=34553;
COMMIT;

/*!40101 SET CHARACTER_SET_CLIENT=@OLD_CHARACTER_SET_CLIENT */;
/*!40101 SET CHARACTER_SET_RESULTS=@OLD_CHARACTER_SET_RESULTS */;
/*!40101 SET COLLATION_CONNECTION=@OLD_COLLATION_CONNECTION */;
