-- phpMyAdmin SQL Dump
-- version 5.1.1
-- https://www.phpmyadmin.net/
--
-- Host: 127.0.0.1
-- Generation Time: Mar 27, 2024 at 08:01 AM
-- Server version: 10.4.22-MariaDB
-- PHP Version: 7.4.27

SET SQL_MODE = "NO_AUTO_VALUE_ON_ZERO";
START TRANSACTION;
SET time_zone = "+00:00";


/*!40101 SET @OLD_CHARACTER_SET_CLIENT=@@CHARACTER_SET_CLIENT */;
/*!40101 SET @OLD_CHARACTER_SET_RESULTS=@@CHARACTER_SET_RESULTS */;
/*!40101 SET @OLD_COLLATION_CONNECTION=@@COLLATION_CONNECTION */;
/*!40101 SET NAMES utf8mb4 */;

--
-- Database: `bintang_distributor`
--

-- --------------------------------------------------------

--
-- Table structure for table `area`
--

CREATE TABLE `area` (
  `id_area` int(100) NOT NULL,
  `id_nama_area` varchar(255) NOT NULL,
  `nama_area` varchar(255) NOT NULL,
  `id_branch` int(11) NOT NULL,
  `created_at` date NOT NULL,
  `updated_at` date NOT NULL,
  `deleted_at` date NOT NULL
) ENGINE=InnoDB DEFAULT CHARSET=utf8mb4;

--
-- Dumping data for table `area`
--

INSERT INTO `area` (`id_area`, `id_nama_area`, `nama_area`, `id_branch`, `created_at`, `updated_at`, `deleted_at`) VALUES
(84, 'BLSDRP', 'BELILAS DROP', 0, '0000-00-00', '0000-00-00', '0000-00-00'),
(85, 'SRKDRP', 'SOREK DROP', 0, '0000-00-00', '0000-00-00', '0000-00-00'),
(87, 'PPNDRP', 'PASIR PANGARAIAN DROP', 0, '0000-00-00', '0000-00-00', '0000-00-00'),
(88, 'SIAKDRP', 'SIAK DROP', 0, '0000-00-00', '0000-00-00', '0000-00-00'),
(89, 'TLKDRP', 'TALUK DROP', 0, '0000-00-00', '0000-00-00', '0000-00-00'),
(90, 'UTJDRP', 'UJUNG TANJUNG DROP', 0, '0000-00-00', '0000-00-00', '0000-00-00'),
(91, 'DRDKVS', 'DURI-DUMAI KANVAS', 0, '0000-00-00', '0000-00-00', '0000-00-00'),
(92, 'FBYDRP', 'FLAMBOYAN DROP', 0, '0000-00-00', '0000-00-00', '0000-00-00'),
(93, 'PKUKVS', 'PEKAN BARU KANVAS', 1, '0000-00-00', '0000-00-00', '0000-00-00'),
(94, 'UJBDRP', 'UJUNG BATU DROP', 0, '0000-00-00', '0000-00-00', '0000-00-00'),
(95, 'JMB', 'JAMBI', 0, '0000-00-00', '0000-00-00', '0000-00-00'),
(96, 'PLB', 'PALEMBANG', 0, '0000-00-00', '0000-00-00', '0000-00-00'),
(97, 'DUMAI', 'DUMAI', 0, '0000-00-00', '0000-00-00', '0000-00-00'),
(98, 'MEDAN', 'MEDAN', 0, '0000-00-00', '0000-00-00', '0000-00-00'),
(99, 'BGNBTU', 'BAGAN BATU', 0, '0000-00-00', '0000-00-00', '0000-00-00'),
(100, 'PPN2DRP', 'PASIR PANGARAIAN DROP 2', 0, '0000-00-00', '0000-00-00', '0000-00-00'),
(105, 'GRSK', 'GRESIK', 0, '0000-00-00', '0000-00-00', '0000-00-00'),
(122, 'OFFICEPKU', 'KOTA PEKANBARU', 1, '0000-00-00', '0000-00-00', '0000-00-00'),
(236, 'PDG', 'PADANG', 2, '0000-00-00', '0000-00-00', '0000-00-00'),
(253, 'KUDUS', 'KUDUS', 4, '0000-00-00', '0000-00-00', '0000-00-00'),
(275, 'BGOEXC', 'MA BUNGO', 0, '0000-00-00', '0000-00-00', '0000-00-00'),
(276, 'BKL', 'BENGKULU', 0, '0000-00-00', '0000-00-00', '0000-00-00');

-- --------------------------------------------------------

--
-- Table structure for table `asset`
--

CREATE TABLE `asset` (
  `id_branch` int(11) NOT NULL,
  `id_asset` int(200) NOT NULL,
  `no_plat` varchar(245) NOT NULL,
  `nama_asset` varchar(255) NOT NULL,
  `tahun_pembelian` year(4) NOT NULL,
  `satuan` varchar(255) NOT NULL,
  `pic` varchar(255) NOT NULL,
  `lokasi` varchar(255) NOT NULL,
  `created_at` datetime NOT NULL,
  `id_user` int(11) NOT NULL,
  `jenis_asset` varchar(255) NOT NULL,
  `no_mesin` varchar(255) NOT NULL,
  `no_rangka` varchar(255) NOT NULL,
  `tgl_berakhir_kir` date NOT NULL,
  `tgl_berakhir_pajak_stnk` date NOT NULL,
  `tgl_berakhir_plat` date NOT NULL,
  `updated_at` datetime NOT NULL,
  `deleted_at` datetime NOT NULL
) ENGINE=InnoDB DEFAULT CHARSET=utf8mb4;

--
-- Dumping data for table `asset`
--

INSERT INTO `asset` (`id_branch`, `id_asset`, `no_plat`, `nama_asset`, `tahun_pembelian`, `satuan`, `pic`, `lokasi`, `created_at`, `id_user`, `jenis_asset`, `no_mesin`, `no_rangka`, `tgl_berakhir_kir`, `tgl_berakhir_pajak_stnk`, `tgl_berakhir_plat`, `updated_at`, `deleted_at`) VALUES
(1, 50000001, 'BM 8924 QU', 'COLT DIESEL FE 71 (ORANGE)', 2013, 'Unit', 'YOKI ANDIKA', 'SALES', '0000-00-00 00:00:00', 0, '', '', '', '0000-00-00', '0000-00-00', '0000-00-00', '0000-00-00 00:00:00', '0000-00-00 00:00:00'),
(1, 50000019, 'BM 9659 RO', 'COLT DIESEL FE 84 G', 2015, 'Unit', 'ARDINAL', 'SALES', '0000-00-00 00:00:00', 0, '', '', '', '0000-00-00', '0000-00-00', '0000-00-00', '0000-00-00 00:00:00', '0000-00-00 00:00:00'),
(1, 50000021, 'G 8032 OF', 'COLTDIESELFE84', 2011, 'Unit', 'HADI NURWAHID', 'SALES', '0000-00-00 00:00:00', 0, '', '', '', '0000-00-00', '0000-00-00', '0000-00-00', '0000-00-00 00:00:00', '0000-00-00 00:00:00'),
(1, 50000023, 'BM 9896 TG', 'COLT DIESEL PS 125', 2011, 'Unit', 'BUSMAN', 'SALES', '0000-00-00 00:00:00', 0, '', '', '', '0000-00-00', '0000-00-00', '0000-00-00', '0000-00-00 00:00:00', '0000-00-00 00:00:00'),
(1, 50000028, 'BM 9387 TW', 'COLT DIESEL FE 334', 2008, 'Unit', 'ZAKARIA', 'SALES', '0000-00-00 00:00:00', 0, '', '', '', '0000-00-00', '0000-00-00', '0000-00-00', '0000-00-00 00:00:00', '0000-00-00 00:00:00'),
(1, 50000030, 'BM 9909 TW', 'COLT DIESEL FE 73', 2014, 'Unit', 'PAIMAN', 'SALES', '0000-00-00 00:00:00', 0, '', '', '', '0000-00-00', '0000-00-00', '0000-00-00', '0000-00-00 00:00:00', '0000-00-00 00:00:00'),
(1, 50000032, 'BM 1479 NN', 'GRAND MAX', 2014, 'Unit', 'AMIN', 'SALES', '0000-00-00 00:00:00', 0, '', '', '', '0000-00-00', '0000-00-00', '0000-00-00', '0000-00-00 00:00:00', '0000-00-00 00:00:00'),
(1, 50000033, 'BM 1809 NT', 'GRAND MAX', 2015, 'Unit', 'ARAF', 'SALES', '0000-00-00 00:00:00', 0, '', '', '', '0000-00-00', '0000-00-00', '0000-00-00', '0000-00-00 00:00:00', '0000-00-00 00:00:00'),
(1, 50000036, 'BM 1938 TL', 'GRAND MAX', 2016, 'Unit', 'YOHAN', 'SALES', '0000-00-00 00:00:00', 0, '', '', '', '0000-00-00', '0000-00-00', '0000-00-00', '0000-00-00 00:00:00', '0000-00-00 00:00:00'),
(1, 50000039, 'BH 1143 YE', 'GRAND MAX', 2022, 'Unit', 'ARDINAL', 'SALES', '0000-00-00 00:00:00', 0, '', '', '', '0000-00-00', '0000-00-00', '0000-00-00', '0000-00-00 00:00:00', '0000-00-00 00:00:00'),
(1, 50000042, 'BM 8424 TV', 'GRAND MAX BLINDVAN', 2017, 'Unit', 'EDI SYAHRIL', 'SALES', '0000-00-00 00:00:00', 0, '', '', '', '0000-00-00', '0000-00-00', '0000-00-00', '0000-00-00 00:00:00', '0000-00-00 00:00:00'),
(1, 50000043, 'BM 1319 ZV', 'TOYOTA CALYA', 2021, 'Unit', 'MUKMIN', 'OFFICE', '0000-00-00 00:00:00', 0, '', '', '', '0000-00-00', '0000-00-00', '0000-00-00', '0000-00-00 00:00:00', '0000-00-00 00:00:00'),
(1, 50000045, 'BM 1481 OF', 'SUZUKI KARIMUN', 2020, 'Unit', 'ALRIDHO D.P.', 'OFFICE', '0000-00-00 00:00:00', 0, '', '', '', '0000-00-00', '0000-00-00', '0000-00-00', '0000-00-00 00:00:00', '0000-00-00 00:00:00'),
(1, 50000049, 'B 9422 YE', 'SUZUKI KARIMUN', 2015, 'Unit', 'BOBY PRIMA DM', 'OFFICE', '0000-00-00 00:00:00', 0, '', '', '', '0000-00-00', '0000-00-00', '0000-00-00', '0000-00-00 00:00:00', '0000-00-00 00:00:00'),
(1, 50000066, 'BM 4354 JN', 'HONDA REVO', 2009, 'Unit', 'NOVA YOLANDA', 'SALES', '0000-00-00 00:00:00', 0, '', '', '', '0000-00-00', '0000-00-00', '0000-00-00', '0000-00-00 00:00:00', '0000-00-00 00:00:00'),
(1, 50000067, 'BM 6800 TN', 'HONDA REVO', 2016, 'Unit', 'ANDANI', 'SALES', '0000-00-00 00:00:00', 0, '', '', '', '0000-00-00', '0000-00-00', '0000-00-00', '0000-00-00 00:00:00', '0000-00-00 00:00:00'),
(1, 50000068, 'BM 6039 LQ', 'HONDA REVO', 2017, 'Unit', 'JUNAIDI', 'SALES', '0000-00-00 00:00:00', 0, '', '', '', '0000-00-00', '0000-00-00', '0000-00-00', '0000-00-00 00:00:00', '0000-00-00 00:00:00'),
(1, 50000253, 'BM 1079 OG', 'FORTUNER MATIC VNT DIESEL', 2015, 'Unit', 'ALRIDHO D.P.', 'OFFICE', '0000-00-00 00:00:00', 0, '', '', '', '0000-00-00', '0000-00-00', '0000-00-00', '0000-00-00 00:00:00', '0000-00-00 00:00:00'),
(1, 50000254, '0', 'MESS PEKANBARU', 2008, 'Unit', 'ALRIDHO D.P.', 'OFFICE', '0000-00-00 00:00:00', 0, '', '', '', '0000-00-00', '0000-00-00', '0000-00-00', '0000-00-00 00:00:00', '0000-00-00 00:00:00'),
(1, 50000255, '0', 'TANAH LUAS 7974 M2', 2021, 'Unit', 'ALRIDHO D.P.', 'OFFICE', '0000-00-00 00:00:00', 0, '', '', '', '0000-00-00', '0000-00-00', '0000-00-00', '0000-00-00 00:00:00', '0000-00-00 00:00:00'),
(1, 50000256, 'BM 5619 QR', 'HONDA REVO', 2008, 'Unit', 'ALRIDHO D.P.', 'OFFICE', '0000-00-00 00:00:00', 0, '', '', '', '0000-00-00', '0000-00-00', '0000-00-00', '0000-00-00 00:00:00', '0000-00-00 00:00:00'),
(1, 50000257, 'BH 4594 MY', 'SUZUKI SKYWAVE', 2009, 'Unit', 'ALRIDHO D.P.', 'OFFICE', '0000-00-00 00:00:00', 0, '', '', '', '0000-00-00', '0000-00-00', '0000-00-00', '0000-00-00 00:00:00', '0000-00-00 00:00:00'),
(1, 50000258, '0', '1 SET PC ADMIN KAS KECIL', 2022, 'Unit', 'ALRIDHO D.P.', 'OFFICE', '0000-00-00 00:00:00', 0, '', '', '', '0000-00-00', '0000-00-00', '0000-00-00', '0000-00-00 00:00:00', '0000-00-00 00:00:00'),
(1, 50000259, '', '1 SET PC ADMIN KAS BESAR', 2021, 'Unit', 'ADE SAPUTRA', 'OFFICE', '0000-00-00 00:00:00', 0, '', '', '', '0000-00-00', '0000-00-00', '0000-00-00', '0000-00-00 00:00:00', '0000-00-00 00:00:00'),
(1, 50000260, '', '1 SET PC ADMIN MADISTRO', 2023, '', 'RINA FITRIA ULFA', 'OFFICE', '0000-00-00 00:00:00', 0, '', '', '', '0000-00-00', '0000-00-00', '0000-00-00', '0000-00-00 00:00:00', '0000-00-00 00:00:00'),
(1, 50000261, '', 'LAPTOP SPV', 2022, '', 'MUKMIN', 'OFFICE', '0000-00-00 00:00:00', 0, '', '', '', '0000-00-00', '0000-00-00', '0000-00-00', '0000-00-00 00:00:00', '0000-00-00 00:00:00'),
(1, 50000262, '', 'LAPTOP ADMIN GUDANG', 2023, 'Unit', 'MUHAMMAD', 'OFFICE', '0000-00-00 00:00:00', 0, '', '', '', '0000-00-00', '0000-00-00', '0000-00-00', '0000-00-00 00:00:00', '0000-00-00 00:00:00'),
(1, 50000263, '', 'LAPTOP ASIST SPV', 2023, 'Unit', 'BOBY PRIMA DM', 'OFFICE', '0000-00-00 00:00:00', 0, '', '', '', '0000-00-00', '0000-00-00', '0000-00-00', '0000-00-00 00:00:00', '0000-00-00 00:00:00'),
(1, 50000264, '', 'AC 3 UNIT (KANTOR)', 2021, 'Unit', 'ALRIDHO D.P.', 'OFFICE', '0000-00-00 00:00:00', 0, '', '', '', '0000-00-00', '0000-00-00', '0000-00-00', '0000-00-00 00:00:00', '0000-00-00 00:00:00'),
(1, 50000265, '', 'AC 2 UNIT (MESS PKU)', 2021, 'Unit', 'ALRIDHO D.P.', 'OFFICE', '0000-00-00 00:00:00', 0, '', '', '', '0000-00-00', '0000-00-00', '0000-00-00', '0000-00-00 00:00:00', '0000-00-00 00:00:00'),
(1, 50000266, '', 'HP ADMIN KAS KECIL', 2023, 'Unit', 'ALRIDHO D.P.', 'OFFICE', '0000-00-00 00:00:00', 0, '', '', '', '0000-00-00', '0000-00-00', '0000-00-00', '0000-00-00 00:00:00', '0000-00-00 00:00:00'),
(1, 50000267, '', 'HP ADMIN KAS KECIL 2', 2021, 'Unit', 'ALRIDHO D.P.', 'OFFICE', '0000-00-00 00:00:00', 0, '', '', '', '0000-00-00', '0000-00-00', '0000-00-00', '0000-00-00 00:00:00', '0000-00-00 00:00:00'),
(1, 50000268, '', 'HP ADMIN KAS BESAR', 2023, 'Unit', 'ADE SAPUTRA', 'OFFICE', '0000-00-00 00:00:00', 0, '', '', '', '0000-00-00', '0000-00-00', '0000-00-00', '0000-00-00 00:00:00', '0000-00-00 00:00:00'),
(1, 50000269, '', 'HP ADMIN MADISTRO', 2021, 'Unit', 'RINA FITRIA ULFA', 'OFFICE', '0000-00-00 00:00:00', 0, '', '', '', '0000-00-00', '0000-00-00', '0000-00-00', '0000-00-00 00:00:00', '0000-00-00 00:00:00'),
(1, 50000270, '', 'HP HEAD OFFICE', 2022, 'Unit', 'ALRIDHO D.P.', 'OFFICE', '0000-00-00 00:00:00', 0, '', '', '', '0000-00-00', '0000-00-00', '0000-00-00', '0000-00-00 00:00:00', '0000-00-00 00:00:00'),
(1, 50000271, '', 'HP ASIST. HO', 2022, 'Unit', 'ALRIDHO D.P.', 'OFFICE', '0000-00-00 00:00:00', 0, '', '', '', '0000-00-00', '0000-00-00', '0000-00-00', '0000-00-00 00:00:00', '0000-00-00 00:00:00'),
(1, 50000272, '', 'MESIN STEAM CUCI MOBIL', 2021, 'Unit', 'ALRIDHO D.P.', 'SALES', '0000-00-00 00:00:00', 0, '', '', '', '0000-00-00', '0000-00-00', '0000-00-00', '0000-00-00 00:00:00', '0000-00-00 00:00:00'),
(1, 50000273, '', 'PROYEKTOR DAN LAYAR', 2023, '-', 'ALRIDHO D.P.', 'OFFICE', '0000-00-00 00:00:00', 0, '', '', '', '0000-00-00', '0000-00-00', '0000-00-00', '0000-00-00 00:00:00', '0000-00-00 00:00:00'),
(1, 50000274, '', 'KASUR KING COIL (MESS)', 2021, '', 'ALRIDHO D.P.', 'OFFICE', '0000-00-00 00:00:00', 0, '', '', '', '0000-00-00', '0000-00-00', '0000-00-00', '0000-00-00 00:00:00', '0000-00-00 00:00:00'),
(1, 50000275, '', 'MESIN HITUNG UANG', 2023, '', 'ADE SAPUTRA', 'OFFICE', '0000-00-00 00:00:00', 0, '', '', '', '0000-00-00', '0000-00-00', '0000-00-00', '0000-00-00 00:00:00', '0000-00-00 00:00:00'),
(1, 50000276, '', 'BRANKAS KAS KECIL', 2021, '', 'ALRIDHO D.P.', 'OFFICE', '0000-00-00 00:00:00', 0, '', '', '', '0000-00-00', '0000-00-00', '0000-00-00', '0000-00-00 00:00:00', '0000-00-00 00:00:00'),
(1, 50000277, '', 'BRANKAS KAS BESAR', 2021, 'Unit', 'ADE SAPUTRA', 'OFFICE', '0000-00-00 00:00:00', 0, '', '', '', '0000-00-00', '0000-00-00', '0000-00-00', '0000-00-00 00:00:00', '0000-00-00 00:00:00'),
(1, 50000278, '', 'TV LCD (MESS PKU)', 2021, 'Unit', 'ALRIDHO D.P.', 'OFFICE', '0000-00-00 00:00:00', 0, '', '', '', '0000-00-00', '0000-00-00', '0000-00-00', '0000-00-00 00:00:00', '0000-00-00 00:00:00'),
(1, 50000279, '', 'KURSI SPV', 2021, '', 'MUKMIN', 'OFFICE', '0000-00-00 00:00:00', 0, '', '', '', '0000-00-00', '0000-00-00', '0000-00-00', '0000-00-00 00:00:00', '0000-00-00 00:00:00'),
(1, 50000280, '', 'KURSI ADMIN 3 PCS', 2023, '', 'ALRIDHO D.P.', 'OFFICE', '0000-00-00 00:00:00', 0, '', '', '', '0000-00-00', '0000-00-00', '0000-00-00', '0000-00-00 00:00:00', '0000-00-00 00:00:00'),
(1, 50000281, '', 'KULKAS 2 PINTU (MESS PKU)', 2021, 'Unit', 'ALRIDHO D.P.', 'OFFICE', '0000-00-00 00:00:00', 0, '', '', '', '0000-00-00', '0000-00-00', '0000-00-00', '0000-00-00 00:00:00', '0000-00-00 00:00:00'),
(1, 50000282, '', 'KULKAS 1 PINTU (KANTOR)', 2023, 'Unit', 'ALRIDHO D.P.', 'OFFICE', '0000-00-00 00:00:00', 0, '', '', '', '0000-00-00', '0000-00-00', '0000-00-00', '0000-00-00 00:00:00', '0000-00-00 00:00:00'),
(1, 50000283, '', '1 SET CCTV (MESS PKU)', 2022, '', 'ALRIDHO D.P.', 'OFFICE', '0000-00-00 00:00:00', 0, '', '', '', '0000-00-00', '0000-00-00', '0000-00-00', '0000-00-00 00:00:00', '0000-00-00 00:00:00'),
(1, 50000284, '', '1 SET CCTV (KANTOR)', 2023, '', 'ALRIDHO D.P.', 'OFFICE', '0000-00-00 00:00:00', 0, '', '', '', '0000-00-00', '0000-00-00', '0000-00-00', '0000-00-00 00:00:00', '0000-00-00 00:00:00'),
(1, 50000285, '', 'SENSOR UANG PALSU', 2022, 'Unit', 'ADE SAPUTRA', 'OFFICE', '0000-00-00 00:00:00', 0, '', '', '', '0000-00-00', '0000-00-00', '0000-00-00', '0000-00-00 00:00:00', '0000-00-00 00:00:00'),
(1, 50000286, '', 'KIPAS ANGIN GANTUNG 4 PCS', 2023, '', 'ALRIDHO D.P.', 'OFFICE', '0000-00-00 00:00:00', 0, '', '', '', '0000-00-00', '0000-00-00', '0000-00-00', '0000-00-00 00:00:00', '0000-00-00 00:00:00'),
(1, 50000287, '', 'MONITOR CCTV KANTOR', 2023, 'Unit', 'ALRIDHO D.P.', 'OFFICE', '0000-00-00 00:00:00', 0, '', '', '', '0000-00-00', '0000-00-00', '0000-00-00', '0000-00-00 00:00:00', '0000-00-00 00:00:00'),
(1, 50000288, '', 'MONITOR CCTV MESS', 2021, '', 'ALRIDHO D.P.', 'OFFICE', '0000-00-00 00:00:00', 0, '', '', '', '0000-00-00', '0000-00-00', '0000-00-00', '0000-00-00 00:00:00', '0000-00-00 00:00:00'),
(1, 50000289, '', 'GORDEN MESS', 2023, '', 'ALRIDHO D.P.', 'OFFICE', '0000-00-00 00:00:00', 0, '', '', '', '0000-00-00', '0000-00-00', '0000-00-00', '0000-00-00 00:00:00', '0000-00-00 00:00:00'),
(1, 50000290, '', 'PRINTER EPSON 2 PCS', 2022, 'Unit', 'ALRIDHO D.P.', 'OFFICE', '0000-00-00 00:00:00', 0, '', '', '', '0000-00-00', '0000-00-00', '0000-00-00', '0000-00-00 00:00:00', '0000-00-00 00:00:00'),
(1, 50000291, '', 'DISPENSER 3 PCS', 2022, '-', 'ALRIDHO D.P.', 'OFFICE', '0000-00-00 00:00:00', 0, '', '', '', '0000-00-00', '0000-00-00', '0000-00-00', '0000-00-00 00:00:00', '0000-00-00 00:00:00'),
(1, 50000295, '', 'MESIN CUCI (MESS PKU)', 2020, '', 'ALRIDHO D.P.', 'OFFICE', '0000-00-00 00:00:00', 0, '', '', '', '0000-00-00', '0000-00-00', '0000-00-00', '0000-00-00 00:00:00', '0000-00-00 00:00:00'),
(1, 50000383, '', 'TANAH DI JAMBI LUAS 16.597 M2', 2023, '', 'ALRIDHO D.P.', 'OFFICE', '0000-00-00 00:00:00', 0, '', '', '', '0000-00-00', '0000-00-00', '0000-00-00', '0000-00-00 00:00:00', '0000-00-00 00:00:00'),
(1, 50000391, '', 'MEISN VACUM CLEANER', 2023, 'Unit', 'ALRIDHO D.P.', 'OFFICE', '0000-00-00 00:00:00', 0, '', '', '', '0000-00-00', '0000-00-00', '0000-00-00', '0000-00-00 00:00:00', '0000-00-00 00:00:00'),
(1, 50000405, 'BG 8604 FP', 'GRAND MAX', 2024, 'Unit', 'YOKI ANDIKA', 'SALES', '0000-00-00 00:00:00', 0, '', '', '', '0000-00-00', '0000-00-00', '0000-00-00', '0000-00-00 00:00:00', '0000-00-00 00:00:00');

-- --------------------------------------------------------

--
-- Table structure for table `bank`
--

CREATE TABLE `bank` (
  `id_bank` int(11) NOT NULL,
  `nama_bank` varchar(200) NOT NULL,
  `payment_code` varchar(255) DEFAULT NULL,
  `saldo` int(111) NOT NULL,
  `id_branch` int(11) NOT NULL,
  `created_by` int(255) NOT NULL,
  `created_at` datetime NOT NULL,
  `updated_at` datetime NOT NULL,
  `deleted_at` datetime NOT NULL
) ENGINE=InnoDB DEFAULT CHARSET=utf8mb4;

--
-- Dumping data for table `bank`
--

INSERT INTO `bank` (`id_bank`, `nama_bank`, `payment_code`, `saldo`, `id_branch`, `created_by`, `created_at`, `updated_at`, `deleted_at`) VALUES
(1, 'BANK BRI', NULL, 85000000, 0, 34551, '2024-01-02 07:40:14', '2024-03-11 07:28:42', '0000-00-00 00:00:00'),
(2, 'BRANKAS KAS KECIL DI HEAD OFFICE	', NULL, 0, 0, 34551, '2024-01-02 07:41:15', '2024-01-02 07:41:15', '0000-00-00 00:00:00'),
(3, 'KAS', '1', 1000000, 0, 34551, '2024-01-02 07:44:14', '2024-03-11 05:38:47', '0000-00-00 00:00:00'),
(5, 'KAS KECIL', NULL, 0, 0, 34551, '2024-03-13 07:56:00', '2024-03-13 07:56:00', '0000-00-00 00:00:00'),
(6, 'BANK MANDIRI', NULL, 0, 0, 34551, '2024-03-13 07:56:16', '2024-03-13 07:56:16', '0000-00-00 00:00:00'),
(7, 'BRANKAS', NULL, 0, 0, 34551, '2024-03-13 07:56:23', '2024-03-13 07:56:23', '0000-00-00 00:00:00');

-- --------------------------------------------------------

--
-- Table structure for table `barang_harga`
--

CREATE TABLE `barang_harga` (
  `id_barang_harga` int(11) NOT NULL,
  `id_product` int(11) NOT NULL,
  `id_jenis_harga` int(11) NOT NULL,
  `id_branch` int(11) NOT NULL,
  `harga_aktif` varchar(250) NOT NULL,
  `created_by` varchar(11) NOT NULL,
  `created_at` date NOT NULL,
  `updated_at` date NOT NULL,
  `deleted_at` date NOT NULL
) ENGINE=InnoDB DEFAULT CHARSET=utf8mb4;

--
-- Dumping data for table `barang_harga`
--

INSERT INTO `barang_harga` (`id_barang_harga`, `id_product`, `id_jenis_harga`, `id_branch`, `harga_aktif`, `created_by`, `created_at`, `updated_at`, `deleted_at`) VALUES
(1, 10000000, 2, 0, '18000', '34551', '2024-02-08', '2024-02-08', '0000-00-00'),
(2, 10000000, 1, 0, '11100', '', '2024-02-08', '2024-02-08', '0000-00-00');

-- --------------------------------------------------------

--
-- Table structure for table `branch`
--

CREATE TABLE `branch` (
  `id_branch` int(11) NOT NULL,
  `nama_branch` varchar(244) DEFAULT NULL,
  `cabang` varchar(244) DEFAULT NULL,
  `updated_at` int(11) NOT NULL
) ENGINE=InnoDB DEFAULT CHARSET=utf8mb4;

--
-- Dumping data for table `branch`
--

INSERT INTO `branch` (`id_branch`, `nama_branch`, `cabang`, `updated_at`) VALUES
(1, 'PKU', 'Pekanbaru', 0),
(2, 'PDG', 'Padang', 0),
(4, 'KDS', 'Kudus', 0);

-- --------------------------------------------------------

--
-- Table structure for table `customer`
--

CREATE TABLE `customer` (
  `id_customer` int(100) NOT NULL,
  `nama_customer` varchar(255) NOT NULL,
  `alamat_customer` varchar(255) NOT NULL,
  `no_hp_customer` varchar(15) NOT NULL,
  `id_branch` int(11) NOT NULL,
  `created_at` datetime NOT NULL,
  `updated_at` datetime NOT NULL,
  `deleted_at` datetime NOT NULL
) ENGINE=InnoDB DEFAULT CHARSET=utf8mb4;

--
-- Dumping data for table `customer`
--

INSERT INTO `customer` (`id_customer`, `nama_customer`, `alamat_customer`, `no_hp_customer`, `id_branch`, `created_at`, `updated_at`, `deleted_at`) VALUES
(300605, 'DEKOR 1', '-', '0', 0, '0000-00-00 00:00:00', '0000-00-00 00:00:00', '0000-00-00 00:00:00'),
(300606, 'SRIWANGI', '-', '0', 0, '0000-00-00 00:00:00', '0000-00-00 00:00:00', '0000-00-00 00:00:00'),
(300607, 'ALYA', '-', '0', 0, '0000-00-00 00:00:00', '0000-00-00 00:00:00', '0000-00-00 00:00:00'),
(300608, 'MARTINUS', '-', '0', 0, '0000-00-00 00:00:00', '0000-00-00 00:00:00', '0000-00-00 00:00:00'),
(300609, 'JELITA', '-', '0', 0, '0000-00-00 00:00:00', '0000-00-00 00:00:00', '0000-00-00 00:00:00'),
(300610, 'SARMINTO', '-', '0', 0, '0000-00-00 00:00:00', '0000-00-00 00:00:00', '0000-00-00 00:00:00'),
(300611, 'H ILYAS', '-', '0', 0, '0000-00-00 00:00:00', '0000-00-00 00:00:00', '0000-00-00 00:00:00'),
(300612, 'DINI', '-', '0', 0, '0000-00-00 00:00:00', '0000-00-00 00:00:00', '0000-00-00 00:00:00'),
(300613, 'DENI', 'UB', '0', 0, '0000-00-00 00:00:00', '0000-00-00 00:00:00', '0000-00-00 00:00:00'),
(300614, 'YAHYA JAYA', 'KOTA GARO', '0', 0, '0000-00-00 00:00:00', '0000-00-00 00:00:00', '0000-00-00 00:00:00'),
(300615, 'FAISAL', '-', '0', 0, '0000-00-00 00:00:00', '0000-00-00 00:00:00', '0000-00-00 00:00:00'),
(300616, 'RIFKI', '-', '0', 0, '0000-00-00 00:00:00', '0000-00-00 00:00:00', '0000-00-00 00:00:00'),
(300617, 'B UCOK', '-', '0', 0, '0000-00-00 00:00:00', '0000-00-00 00:00:00', '0000-00-00 00:00:00'),
(300618, 'WAHANA', '-', '0', 0, '0000-00-00 00:00:00', '0000-00-00 00:00:00', '0000-00-00 00:00:00'),
(300619, 'FAIZA', '-', '0', 0, '0000-00-00 00:00:00', '0000-00-00 00:00:00', '0000-00-00 00:00:00'),
(300620, 'SAUDARA KITA', '-', '0', 0, '0000-00-00 00:00:00', '0000-00-00 00:00:00', '0000-00-00 00:00:00'),
(300621, 'FAUZAN', '-', '0', 0, '0000-00-00 00:00:00', '0000-00-00 00:00:00', '0000-00-00 00:00:00'),
(300622, 'SEDERHANA', 'UJG BATU', '0', 0, '0000-00-00 00:00:00', '0000-00-00 00:00:00', '0000-00-00 00:00:00'),
(300623, 'WAHYUDI', '-', '0', 0, '0000-00-00 00:00:00', '0000-00-00 00:00:00', '0000-00-00 00:00:00'),
(300624, 'HARTATI', '-', '0', 0, '0000-00-00 00:00:00', '0000-00-00 00:00:00', '0000-00-00 00:00:00'),
(300625, 'ALWI', 'PASIR 2', '0', 0, '0000-00-00 00:00:00', '0000-00-00 00:00:00', '0000-00-00 00:00:00'),
(300626, 'ANTO', '-', '0', 0, '0000-00-00 00:00:00', '0000-00-00 00:00:00', '0000-00-00 00:00:00'),
(300627, 'AMIN', '-', '0', 0, '0000-00-00 00:00:00', '0000-00-00 00:00:00', '0000-00-00 00:00:00'),
(300628, 'UD BIMA', '-', '0', 0, '0000-00-00 00:00:00', '0000-00-00 00:00:00', '0000-00-00 00:00:00'),
(300629, 'BU SHOLEH', '-', '0', 0, '0000-00-00 00:00:00', '0000-00-00 00:00:00', '0000-00-00 00:00:00'),
(300630, 'NITA', '-', '0', 0, '0000-00-00 00:00:00', '0000-00-00 00:00:00', '0000-00-00 00:00:00'),
(300631, 'SIHOMBING', '-', '0', 0, '0000-00-00 00:00:00', '0000-00-00 00:00:00', '0000-00-00 00:00:00'),
(300632, 'DONAT', '-', '0', 0, '0000-00-00 00:00:00', '0000-00-00 00:00:00', '0000-00-00 00:00:00'),
(300633, 'PKU-SIAK-VAREL', 'SIAK', '0', 1, '0000-00-00 00:00:00', '0000-00-00 00:00:00', '0000-00-00 00:00:00'),
(300634, 'KERJA SAMA', 'L SAKAT', '0', 0, '0000-00-00 00:00:00', '0000-00-00 00:00:00', '0000-00-00 00:00:00'),
(300635, 'M.P.S.', '-', '0', 0, '0000-00-00 00:00:00', '0000-00-00 00:00:00', '0000-00-00 00:00:00'),
(300636, 'SUCI', '-', '0', 0, '0000-00-00 00:00:00', '0000-00-00 00:00:00', '0000-00-00 00:00:00'),
(300637, 'ACAI', '-', '0', 0, '0000-00-00 00:00:00', '0000-00-00 00:00:00', '0000-00-00 00:00:00'),
(300638, 'NUR BERKAH', '-', '0', 0, '0000-00-00 00:00:00', '0000-00-00 00:00:00', '0000-00-00 00:00:00'),
(300639, 'PANGKALAN JAYA', '-', '0', 0, '0000-00-00 00:00:00', '0000-00-00 00:00:00', '0000-00-00 00:00:00'),
(300640, 'ANGGA', '-', '0', 0, '0000-00-00 00:00:00', '0000-00-00 00:00:00', '0000-00-00 00:00:00'),
(300641, 'NIAGA JAYA', '-', '0', 0, '0000-00-00 00:00:00', '0000-00-00 00:00:00', '0000-00-00 00:00:00'),
(300642, 'WULAN', '-', '0', 0, '0000-00-00 00:00:00', '0000-00-00 00:00:00', '0000-00-00 00:00:00'),
(300643, 'WIDI', '-', '0', 0, '0000-00-00 00:00:00', '0000-00-00 00:00:00', '0000-00-00 00:00:00'),
(300644, 'ALIF', '-', '0', 0, '0000-00-00 00:00:00', '0000-00-00 00:00:00', '0000-00-00 00:00:00'),
(300645, 'AHWAT', '-', '0', 0, '0000-00-00 00:00:00', '0000-00-00 00:00:00', '0000-00-00 00:00:00'),
(300646, 'ADINDA', '-', '0', 0, '0000-00-00 00:00:00', '0000-00-00 00:00:00', '0000-00-00 00:00:00'),
(300647, 'BAGARIANG', '-', '0', 0, '0000-00-00 00:00:00', '0000-00-00 00:00:00', '0000-00-00 00:00:00'),
(300648, 'KEDAI KOPI BANTEN', '-', '0', 0, '0000-00-00 00:00:00', '0000-00-00 00:00:00', '0000-00-00 00:00:00'),
(300649, 'SUBAYANG ANDIKA', '-', '0', 0, '0000-00-00 00:00:00', '0000-00-00 00:00:00', '0000-00-00 00:00:00'),
(300650, 'AULIA', '-', '0', 0, '0000-00-00 00:00:00', '0000-00-00 00:00:00', '0000-00-00 00:00:00'),
(300651, 'JAYA', '-', '0', 0, '0000-00-00 00:00:00', '0000-00-00 00:00:00', '0000-00-00 00:00:00'),
(300652, 'AURA', '-', '0', 0, '0000-00-00 00:00:00', '0000-00-00 00:00:00', '0000-00-00 00:00:00'),
(300653, 'DANI', '-', '0', 0, '0000-00-00 00:00:00', '0000-00-00 00:00:00', '0000-00-00 00:00:00'),
(300654, 'IRFAN', '-', '0', 0, '0000-00-00 00:00:00', '0000-00-00 00:00:00', '0000-00-00 00:00:00'),
(300655, 'FITRI', '-', '0', 0, '0000-00-00 00:00:00', '0000-00-00 00:00:00', '0000-00-00 00:00:00'),
(300656, 'ZAHIRA', '-', '0', 0, '0000-00-00 00:00:00', '0000-00-00 00:00:00', '0000-00-00 00:00:00'),
(300657, 'NACITA', '-', '0', 0, '0000-00-00 00:00:00', '0000-00-00 00:00:00', '0000-00-00 00:00:00'),
(300658, 'NURUL', 'UT-BANGKO', '0', 0, '0000-00-00 00:00:00', '0000-00-00 00:00:00', '0000-00-00 00:00:00'),
(300659, 'KIRAN', '-', '0', 0, '0000-00-00 00:00:00', '0000-00-00 00:00:00', '0000-00-00 00:00:00'),
(300660, 'SAKILA', '-', '0', 0, '0000-00-00 00:00:00', '0000-00-00 00:00:00', '0000-00-00 00:00:00'),
(300661, 'KELVIN', '-', '0', 0, '0000-00-00 00:00:00', '0000-00-00 00:00:00', '0000-00-00 00:00:00'),
(300662, 'WANDA', '-', '0', 0, '0000-00-00 00:00:00', '0000-00-00 00:00:00', '0000-00-00 00:00:00'),
(300663, 'MIZAL', '-', '0', 0, '0000-00-00 00:00:00', '0000-00-00 00:00:00', '0000-00-00 00:00:00'),
(300664, 'OKTA', '-', '0', 0, '0000-00-00 00:00:00', '0000-00-00 00:00:00', '0000-00-00 00:00:00'),
(300665, 'NURUL HIDAYAH', '-', '0', 0, '0000-00-00 00:00:00', '0000-00-00 00:00:00', '0000-00-00 00:00:00'),
(300666, 'FAIZ', '-', '0', 0, '0000-00-00 00:00:00', '0000-00-00 00:00:00', '0000-00-00 00:00:00'),
(300667, 'SAMIROTO', '-', '0', 0, '0000-00-00 00:00:00', '0000-00-00 00:00:00', '0000-00-00 00:00:00'),
(300668, 'FERY', 'KOTA BUANA', '0', 0, '0000-00-00 00:00:00', '0000-00-00 00:00:00', '0000-00-00 00:00:00'),
(300669, 'RAYA', '-', '0', 0, '0000-00-00 00:00:00', '0000-00-00 00:00:00', '0000-00-00 00:00:00'),
(300670, 'RONALDO', '-', '0', 0, '0000-00-00 00:00:00', '0000-00-00 00:00:00', '0000-00-00 00:00:00'),
(300671, 'PASARIBU', '-', '0', 0, '0000-00-00 00:00:00', '0000-00-00 00:00:00', '0000-00-00 00:00:00'),
(300672, 'MAMAK DWI', '-', '0', 0, '0000-00-00 00:00:00', '0000-00-00 00:00:00', '0000-00-00 00:00:00'),
(300673, 'ELSANDRO', '-', '0', 0, '0000-00-00 00:00:00', '0000-00-00 00:00:00', '0000-00-00 00:00:00'),
(300674, 'AKBAR', '-', '0', 0, '0000-00-00 00:00:00', '0000-00-00 00:00:00', '0000-00-00 00:00:00'),
(300675, 'BU SRI', '-', '0', 0, '0000-00-00 00:00:00', '0000-00-00 00:00:00', '0000-00-00 00:00:00'),
(300676, 'SELFI', '-', '0', 0, '0000-00-00 00:00:00', '0000-00-00 00:00:00', '0000-00-00 00:00:00'),
(300677, 'YANI GS', '-', '0', 0, '0000-00-00 00:00:00', '0000-00-00 00:00:00', '0000-00-00 00:00:00'),
(300678, 'BERKAT YAKIN', '-', '0', 0, '0000-00-00 00:00:00', '0000-00-00 00:00:00', '0000-00-00 00:00:00'),
(300679, 'PUTRI', '-', '0', 0, '0000-00-00 00:00:00', '0000-00-00 00:00:00', '0000-00-00 00:00:00'),
(300680, 'SARUHA', '-', '0', 0, '0000-00-00 00:00:00', '0000-00-00 00:00:00', '0000-00-00 00:00:00'),
(300681, 'FANI', '-', '0', 0, '0000-00-00 00:00:00', '0000-00-00 00:00:00', '0000-00-00 00:00:00'),
(300682, 'JUPITA', '-', '0', 0, '0000-00-00 00:00:00', '0000-00-00 00:00:00', '0000-00-00 00:00:00'),
(300683, 'DENAYA', '-', '0', 0, '0000-00-00 00:00:00', '0000-00-00 00:00:00', '0000-00-00 00:00:00'),
(300684, 'ALDO', '-', '0', 0, '0000-00-00 00:00:00', '0000-00-00 00:00:00', '0000-00-00 00:00:00'),
(300685, 'REGAR', '-', '0', 0, '0000-00-00 00:00:00', '0000-00-00 00:00:00', '0000-00-00 00:00:00'),
(300686, 'SITORUS', '-', '0', 0, '0000-00-00 00:00:00', '0000-00-00 00:00:00', '0000-00-00 00:00:00'),
(300687, 'ALIYA', '-', '0', 0, '0000-00-00 00:00:00', '0000-00-00 00:00:00', '0000-00-00 00:00:00'),
(300688, 'ABD WAHAB', '-', '0', 0, '0000-00-00 00:00:00', '0000-00-00 00:00:00', '0000-00-00 00:00:00'),
(300689, 'DESI PONSEL', '-', '0', 0, '0000-00-00 00:00:00', '0000-00-00 00:00:00', '0000-00-00 00:00:00'),
(300690, 'BOYONG', '-', '0', 0, '0000-00-00 00:00:00', '0000-00-00 00:00:00', '0000-00-00 00:00:00'),
(300691, 'AZZAM', '-', '0', 0, '0000-00-00 00:00:00', '0000-00-00 00:00:00', '0000-00-00 00:00:00'),
(300692, 'EDI LB', '-', '0', 0, '0000-00-00 00:00:00', '0000-00-00 00:00:00', '0000-00-00 00:00:00'),
(300693, 'HARUN JAYA', '-', '-', 0, '0000-00-00 00:00:00', '0000-00-00 00:00:00', '0000-00-00 00:00:00'),
(300694, 'LARIS JAYA', '-', '0', 0, '0000-00-00 00:00:00', '0000-00-00 00:00:00', '0000-00-00 00:00:00'),
(300695, 'RAHMAD', '-', '0', 0, '0000-00-00 00:00:00', '0000-00-00 00:00:00', '0000-00-00 00:00:00'),
(300696, 'FAZIRA', '-', '0', 0, '0000-00-00 00:00:00', '0000-00-00 00:00:00', '0000-00-00 00:00:00'),
(300697, 'SYAHRUL', '-', '0', 0, '0000-00-00 00:00:00', '0000-00-00 00:00:00', '0000-00-00 00:00:00'),
(300698, 'RISKY', '-', '0', 0, '0000-00-00 00:00:00', '0000-00-00 00:00:00', '0000-00-00 00:00:00'),
(300699, 'MAMA', '-', '0', 0, '0000-00-00 00:00:00', '0000-00-00 00:00:00', '0000-00-00 00:00:00'),
(300700, 'BETA', '-', '0', 0, '0000-00-00 00:00:00', '0000-00-00 00:00:00', '0000-00-00 00:00:00'),
(300701, 'SINAR PAGI', '-', '0', 0, '0000-00-00 00:00:00', '0000-00-00 00:00:00', '0000-00-00 00:00:00'),
(300702, 'ARI JAYA', '-', '0', 0, '0000-00-00 00:00:00', '0000-00-00 00:00:00', '0000-00-00 00:00:00'),
(300703, 'SUMBER JAYA', '-', '0', 0, '0000-00-00 00:00:00', '0000-00-00 00:00:00', '0000-00-00 00:00:00'),
(300704, 'JERI SILABAN', '-', '0', 0, '0000-00-00 00:00:00', '0000-00-00 00:00:00', '0000-00-00 00:00:00'),
(300705, 'ACHA MART', '-', '0', 0, '0000-00-00 00:00:00', '0000-00-00 00:00:00', '0000-00-00 00:00:00'),
(300706, 'ARJUNA', '-', '0', 0, '0000-00-00 00:00:00', '0000-00-00 00:00:00', '0000-00-00 00:00:00'),
(300707, 'SITUMORANG', '-', '0', 0, '0000-00-00 00:00:00', '0000-00-00 00:00:00', '0000-00-00 00:00:00'),
(300708, 'DILA', '-', '0', 0, '0000-00-00 00:00:00', '0000-00-00 00:00:00', '0000-00-00 00:00:00'),
(300709, 'ARIYA', '-', '0', 0, '0000-00-00 00:00:00', '0000-00-00 00:00:00', '0000-00-00 00:00:00'),
(300710, 'SIKUMBANG', '-', '0', 0, '0000-00-00 00:00:00', '0000-00-00 00:00:00', '0000-00-00 00:00:00'),
(300711, 'TIWI', '-', '0', 0, '0000-00-00 00:00:00', '0000-00-00 00:00:00', '0000-00-00 00:00:00'),
(300712, 'ENDRO', '-', '0', 0, '0000-00-00 00:00:00', '0000-00-00 00:00:00', '0000-00-00 00:00:00'),
(300713, 'ADYA', '-', '0', 0, '0000-00-00 00:00:00', '0000-00-00 00:00:00', '0000-00-00 00:00:00'),
(300714, 'AZKAH', '-', '0', 0, '0000-00-00 00:00:00', '0000-00-00 00:00:00', '0000-00-00 00:00:00'),
(300715, 'MAK ANDIN', '-', '0', 0, '0000-00-00 00:00:00', '0000-00-00 00:00:00', '0000-00-00 00:00:00'),
(300716, 'JAMBI EXC', 'JAMBI EXC', '0', 0, '0000-00-00 00:00:00', '0000-00-00 00:00:00', '0000-00-00 00:00:00'),
(300717, 'PALEMBANG', 'PALEMBANG', '0', 0, '0000-00-00 00:00:00', '0000-00-00 00:00:00', '0000-00-00 00:00:00'),
(300718, 'DUMAI', '-', '0', 0, '0000-00-00 00:00:00', '0000-00-00 00:00:00', '0000-00-00 00:00:00'),
(300719, 'MEDAN', '-', '0', 0, '0000-00-00 00:00:00', '0000-00-00 00:00:00', '0000-00-00 00:00:00'),
(300720, 'BAGAN BATU', '-', '0', 0, '0000-00-00 00:00:00', '0000-00-00 00:00:00', '0000-00-00 00:00:00'),
(300721, 'PKU-UT-AZMI', 'R MELINTANG', '0', 0, '0000-00-00 00:00:00', '0000-00-00 00:00:00', '0000-00-00 00:00:00'),
(300722, 'UT-GUNTUR', 'UJUNG TANJUNG', '0', 0, '0000-00-00 00:00:00', '0000-00-00 00:00:00', '0000-00-00 00:00:00'),
(300723, 'UT-ARLEN', 'UNJUNG TANJUNG', '0', 0, '0000-00-00 00:00:00', '0000-00-00 00:00:00', '0000-00-00 00:00:00'),
(300724, 'PKU-UT-MONANG', 'PKU-UJUNG TANJUNG', '0', 1, '0000-00-00 00:00:00', '0000-00-00 00:00:00', '0000-00-00 00:00:00'),
(300725, 'UT-DEDEK', 'UJUNG TANJUNG', '0', 0, '0000-00-00 00:00:00', '0000-00-00 00:00:00', '0000-00-00 00:00:00'),
(300726, 'UT-RAHMAT', 'UT-MENGGALA', '0', 0, '0000-00-00 00:00:00', '0000-00-00 00:00:00', '0000-00-00 00:00:00'),
(300727, 'SINAMBELA', 'UJUNG TANJUNG', '0', 0, '0000-00-00 00:00:00', '0000-00-00 00:00:00', '0000-00-00 00:00:00'),
(300728, 'UT-LARIS', 'UT-BALAM', '0', 0, '0000-00-00 00:00:00', '0000-00-00 00:00:00', '0000-00-00 00:00:00'),
(300729, 'UT-IVAN', 'UJUNG TANJUNG', '0', 0, '0000-00-00 00:00:00', '0000-00-00 00:00:00', '0000-00-00 00:00:00'),
(300730, 'SIAK-ARIS', 'SIAK', '0', 0, '0000-00-00 00:00:00', '0000-00-00 00:00:00', '0000-00-00 00:00:00'),
(300732, 'SIAK-RISKA', 'SIAK', '0', 0, '0000-00-00 00:00:00', '0000-00-00 00:00:00', '0000-00-00 00:00:00'),
(300733, 'SIAK-DN', 'SIAK', '0', 0, '0000-00-00 00:00:00', '0000-00-00 00:00:00', '0000-00-00 00:00:00'),
(300734, 'SIAK-JAYA MAKMUR', 'SIAK', '0', 0, '0000-00-00 00:00:00', '0000-00-00 00:00:00', '0000-00-00 00:00:00'),
(300735, 'SIAK-AINI', 'SIAK', '0', 0, '0000-00-00 00:00:00', '0000-00-00 00:00:00', '0000-00-00 00:00:00'),
(300736, 'AISYAH', 'SIAK', '0', 0, '0000-00-00 00:00:00', '0000-00-00 00:00:00', '0000-00-00 00:00:00'),
(300737, 'PKU-SIAK-SINAR PAGI', 'SIAK', '0', 0, '0000-00-00 00:00:00', '0000-00-00 00:00:00', '0000-00-00 00:00:00'),
(300738, 'SIAK-INDAH MAJU', 'SIAK', '0', 0, '0000-00-00 00:00:00', '0000-00-00 00:00:00', '0000-00-00 00:00:00'),
(300739, 'SIAK-CAHAYA BULAN', 'SIAK', '0', 0, '0000-00-00 00:00:00', '0000-00-00 00:00:00', '0000-00-00 00:00:00'),
(300740, 'PASIR-HUSNI', 'PASIR', '0', 0, '0000-00-00 00:00:00', '0000-00-00 00:00:00', '0000-00-00 00:00:00'),
(300741, 'PASIR-ARON', 'PASIR', '0', 0, '0000-00-00 00:00:00', '0000-00-00 00:00:00', '0000-00-00 00:00:00'),
(300742, 'PASIR-3PUTRI', 'PASIR', '0', 0, '0000-00-00 00:00:00', '0000-00-00 00:00:00', '0000-00-00 00:00:00'),
(300743, 'PASIR-DESI', 'PASIR', '0', 0, '0000-00-00 00:00:00', '0000-00-00 00:00:00', '0000-00-00 00:00:00'),
(300744, 'PASIR-NITA', 'PASIR', '0', 0, '0000-00-00 00:00:00', '0000-00-00 00:00:00', '0000-00-00 00:00:00'),
(300745, 'PASIR-DIVA', 'PASIR', '0', 0, '0000-00-00 00:00:00', '0000-00-00 00:00:00', '0000-00-00 00:00:00'),
(300746, 'PASIR-HAIKEL', 'PASIR', '0', 0, '0000-00-00 00:00:00', '0000-00-00 00:00:00', '0000-00-00 00:00:00'),
(300747, 'PASIR-H JASMIN', 'PASIR', '0', 0, '0000-00-00 00:00:00', '0000-00-00 00:00:00', '0000-00-00 00:00:00'),
(300748, 'PASIR-RANI', 'PASIR', '0', 0, '0000-00-00 00:00:00', '0000-00-00 00:00:00', '0000-00-00 00:00:00'),
(300749, 'PASIR-NORMI', 'PASIR', '0', 0, '0000-00-00 00:00:00', '0000-00-00 00:00:00', '0000-00-00 00:00:00'),
(300750, 'PASIR-TATI', 'PASIR', '0', 0, '0000-00-00 00:00:00', '0000-00-00 00:00:00', '0000-00-00 00:00:00'),
(300751, 'PASIR-ARISMAN', 'PASIR', '0', 0, '0000-00-00 00:00:00', '0000-00-00 00:00:00', '0000-00-00 00:00:00'),
(300753, 'SOREK-MURSAL', 'SOREK', '0', 0, '0000-00-00 00:00:00', '0000-00-00 00:00:00', '0000-00-00 00:00:00'),
(300754, 'SOREK-SYUKUR', 'SOREK', '0', 0, '0000-00-00 00:00:00', '0000-00-00 00:00:00', '0000-00-00 00:00:00'),
(300755, 'SOREK-RASKYA', 'SOREK', '0', 0, '0000-00-00 00:00:00', '0000-00-00 00:00:00', '0000-00-00 00:00:00'),
(300756, 'SOREK-RIDA', 'SOREK', '0', 0, '0000-00-00 00:00:00', '0000-00-00 00:00:00', '0000-00-00 00:00:00'),
(300758, 'SOREK-RISALSDN', 'SOREK', '0', 0, '0000-00-00 00:00:00', '0000-00-00 00:00:00', '0000-00-00 00:00:00'),
(300760, 'SOREK-SHOIMAH', 'SOREK', '0', 0, '0000-00-00 00:00:00', '0000-00-00 00:00:00', '0000-00-00 00:00:00'),
(300761, 'UB-GEBYAR', 'UJUNG BATU', '0', 0, '0000-00-00 00:00:00', '0000-00-00 00:00:00', '0000-00-00 00:00:00'),
(300762, 'UB-HARIANI', 'UJUNG BATU', '0', 0, '0000-00-00 00:00:00', '0000-00-00 00:00:00', '0000-00-00 00:00:00'),
(300763, 'UB-ROSNI', 'UJUNG BATU', '0', 0, '0000-00-00 00:00:00', '0000-00-00 00:00:00', '0000-00-00 00:00:00'),
(300764, 'UB-DEBI', 'UJUNG BATU', '0', 0, '0000-00-00 00:00:00', '0000-00-00 00:00:00', '0000-00-00 00:00:00'),
(300765, 'UB-PERSADA', 'UJUNG BATU', '0', 0, '0000-00-00 00:00:00', '0000-00-00 00:00:00', '0000-00-00 00:00:00'),
(300766, 'UB-PAKDE', 'UJUNG BATU', '0', 0, '0000-00-00 00:00:00', '0000-00-00 00:00:00', '0000-00-00 00:00:00'),
(300768, 'UB-PUTRA JAYA', 'UJUNG BATU', '0', 0, '0000-00-00 00:00:00', '0000-00-00 00:00:00', '0000-00-00 00:00:00'),
(300769, 'H MARSONO', 'SOREK L SUBUR', '0', 0, '0000-00-00 00:00:00', '0000-00-00 00:00:00', '0000-00-00 00:00:00'),
(300777, 'DD-TOYOK', 'DD', '0', 0, '0000-00-00 00:00:00', '0000-00-00 00:00:00', '0000-00-00 00:00:00'),
(300778, 'DD-H RONAL', 'DURI', '0', 0, '0000-00-00 00:00:00', '0000-00-00 00:00:00', '0000-00-00 00:00:00'),
(300779, 'DD-SOFI', 'DURI', '0', 0, '0000-00-00 00:00:00', '0000-00-00 00:00:00', '0000-00-00 00:00:00'),
(300780, 'DD-YUZURA', 'DURI', '0', 0, '0000-00-00 00:00:00', '0000-00-00 00:00:00', '0000-00-00 00:00:00'),
(300781, 'DD-SAROHA', 'DURI', '0', 0, '0000-00-00 00:00:00', '0000-00-00 00:00:00', '0000-00-00 00:00:00'),
(300784, 'DD-BANGUN JAYA', 'DD', '0', 0, '0000-00-00 00:00:00', '0000-00-00 00:00:00', '0000-00-00 00:00:00'),
(300786, 'UBKV-ACHAI', 'UB', '0', 0, '0000-00-00 00:00:00', '0000-00-00 00:00:00', '0000-00-00 00:00:00'),
(300787, 'UBKV-TIRTA', 'UJUNG BATU', '0', 0, '0000-00-00 00:00:00', '0000-00-00 00:00:00', '0000-00-00 00:00:00'),
(300788, 'UBKV-2PUTRA', 'UBKV', '0', 0, '0000-00-00 00:00:00', '0000-00-00 00:00:00', '0000-00-00 00:00:00'),
(300789, 'UBKV-DANU', 'UBKV', '0', 0, '0000-00-00 00:00:00', '0000-00-00 00:00:00', '0000-00-00 00:00:00'),
(300790, 'TLKKV-JAYA', 'TALUK', '0', 0, '0000-00-00 00:00:00', '0000-00-00 00:00:00', '0000-00-00 00:00:00'),
(300791, 'TLKKV-AGUS', 'TALUK', '0', 0, '0000-00-00 00:00:00', '0000-00-00 00:00:00', '0000-00-00 00:00:00'),
(300792, 'TLKKV-MURI', 'TALUK', '0', 0, '0000-00-00 00:00:00', '0000-00-00 00:00:00', '0000-00-00 00:00:00'),
(300793, 'TLKKV-INDAH JAYA', 'TALUK', '0', 0, '0000-00-00 00:00:00', '0000-00-00 00:00:00', '0000-00-00 00:00:00'),
(300794, 'TLKKV-NURHADI', 'TALUK', '0', 0, '0000-00-00 00:00:00', '0000-00-00 00:00:00', '0000-00-00 00:00:00'),
(300808, 'TLKKV-TWIN', 'TALUK', '0', 0, '0000-00-00 00:00:00', '0000-00-00 00:00:00', '0000-00-00 00:00:00'),
(300809, 'TLKKV-LENA', 'TALUK', '0', 0, '0000-00-00 00:00:00', '0000-00-00 00:00:00', '0000-00-00 00:00:00'),
(300810, 'TLK-RETAIL', 'TALUK', '0', 0, '0000-00-00 00:00:00', '0000-00-00 00:00:00', '0000-00-00 00:00:00'),
(300811, 'SRKKV-ARIE', 'SOREK', '0', 0, '0000-00-00 00:00:00', '0000-00-00 00:00:00', '0000-00-00 00:00:00'),
(300812, 'SRKKV-RIZKY', 'SOREK', '0', 0, '0000-00-00 00:00:00', '0000-00-00 00:00:00', '0000-00-00 00:00:00'),
(300813, 'PUNCAK INDAH', 'KV-SOREK', '0', 0, '0000-00-00 00:00:00', '0000-00-00 00:00:00', '0000-00-00 00:00:00'),
(300814, 'MURNI PONSEL', 'SOREK', '0', 0, '0000-00-00 00:00:00', '0000-00-00 00:00:00', '0000-00-00 00:00:00'),
(300815, 'VAREL', '-', '0', 0, '0000-00-00 00:00:00', '0000-00-00 00:00:00', '0000-00-00 00:00:00'),
(300817, 'DROP-PKU', 'PKU', '0', 1, '0000-00-00 00:00:00', '0000-00-00 00:00:00', '0000-00-00 00:00:00'),
(300818, 'UT-DEWI', 'UTDROP', '0', 0, '0000-00-00 00:00:00', '0000-00-00 00:00:00', '0000-00-00 00:00:00'),
(300819, 'UT-ANTONI', 'UTDROP', '0', 0, '0000-00-00 00:00:00', '0000-00-00 00:00:00', '0000-00-00 00:00:00'),
(300820, 'UT-K ANAH', 'UJG TNJG', '0', 0, '0000-00-00 00:00:00', '0000-00-00 00:00:00', '0000-00-00 00:00:00'),
(300821, 'UT-SAMOSIR', 'UJG TJG', '0', 0, '0000-00-00 00:00:00', '0000-00-00 00:00:00', '0000-00-00 00:00:00'),
(300823, 'RASTA JMB', '-', '0', 0, '0000-00-00 00:00:00', '0000-00-00 00:00:00', '0000-00-00 00:00:00'),
(300824, 'NAZWA', 'S PAGAR', '0', 0, '0000-00-00 00:00:00', '0000-00-00 00:00:00', '0000-00-00 00:00:00'),
(300825, 'PUTRA TUNGGAL', 'S PAGAR', '0', 0, '0000-00-00 00:00:00', '0000-00-00 00:00:00', '0000-00-00 00:00:00'),
(300826, 'SIKARANG', 'SP 5', '0', 0, '0000-00-00 00:00:00', '0000-00-00 00:00:00', '0000-00-00 00:00:00'),
(300827, 'SIAK-TOMAS', 'PERAWANG', '0', 0, '0000-00-00 00:00:00', '0000-00-00 00:00:00', '0000-00-00 00:00:00'),
(300828, 'BENGKALIS 3', 'SIAK', '0', 0, '0000-00-00 00:00:00', '0000-00-00 00:00:00', '0000-00-00 00:00:00'),
(300829, 'PASIR-MUSI', 'PASIR P', '0', 0, '0000-00-00 00:00:00', '0000-00-00 00:00:00', '0000-00-00 00:00:00'),
(300831, 'DD-ARZA', 'DD', '0', 0, '0000-00-00 00:00:00', '0000-00-00 00:00:00', '0000-00-00 00:00:00'),
(300832, 'DD-NORA', 'DD', '0', 0, '0000-00-00 00:00:00', '0000-00-00 00:00:00', '0000-00-00 00:00:00'),
(300833, 'DD-ALVIN', 'DD', '0', 0, '0000-00-00 00:00:00', '0000-00-00 00:00:00', '0000-00-00 00:00:00'),
(300834, 'DD-AFNI', 'DD', '0', 0, '0000-00-00 00:00:00', '0000-00-00 00:00:00', '0000-00-00 00:00:00'),
(300835, 'DD-HABIBI', 'DD', '0', 0, '0000-00-00 00:00:00', '0000-00-00 00:00:00', '0000-00-00 00:00:00'),
(300836, 'DD-HARAPAN BUNDA', 'DD', '0', 0, '0000-00-00 00:00:00', '0000-00-00 00:00:00', '0000-00-00 00:00:00'),
(300837, 'DD-NURBAITI', 'DD', '0', 0, '0000-00-00 00:00:00', '0000-00-00 00:00:00', '0000-00-00 00:00:00'),
(300838, 'DD-2 SAUDARA', 'DD', '0', 0, '0000-00-00 00:00:00', '0000-00-00 00:00:00', '0000-00-00 00:00:00'),
(300839, 'DD-2 PUTRI', 'DD', '0', 0, '0000-00-00 00:00:00', '0000-00-00 00:00:00', '0000-00-00 00:00:00'),
(300840, 'DD-SUNY', 'DD', '0', 0, '0000-00-00 00:00:00', '0000-00-00 00:00:00', '0000-00-00 00:00:00'),
(300841, 'DD-INDOMAR', 'DD', '0', 0, '0000-00-00 00:00:00', '0000-00-00 00:00:00', '0000-00-00 00:00:00'),
(300842, 'BL-CRISTIAN', 'BELILAS', '0', 0, '0000-00-00 00:00:00', '0000-00-00 00:00:00', '0000-00-00 00:00:00'),
(300843, 'BL-MAIKEL', 'BELILAS', '0', 0, '0000-00-00 00:00:00', '0000-00-00 00:00:00', '0000-00-00 00:00:00'),
(300844, 'BL-MOKO', 'BELILAS', '0', 0, '0000-00-00 00:00:00', '0000-00-00 00:00:00', '0000-00-00 00:00:00'),
(300845, 'BL-BALKIS', 'BELILAS', '0', 0, '0000-00-00 00:00:00', '0000-00-00 00:00:00', '0000-00-00 00:00:00'),
(300846, 'BL-YANTO', 'BELILAS', '0', 0, '0000-00-00 00:00:00', '0000-00-00 00:00:00', '0000-00-00 00:00:00'),
(300847, 'SIAK-LAGIAN', 'siak', '0', 0, '0000-00-00 00:00:00', '0000-00-00 00:00:00', '0000-00-00 00:00:00'),
(300848, 'PASIR-B ALI', 'PASIR', '0', 0, '0000-00-00 00:00:00', '0000-00-00 00:00:00', '0000-00-00 00:00:00'),
(300849, 'PASIR-UD BOLER', 'PASIR', '0', 0, '0000-00-00 00:00:00', '0000-00-00 00:00:00', '0000-00-00 00:00:00'),
(300850, 'PASIR-IWAN', 'PASIR', '0', 0, '0000-00-00 00:00:00', '0000-00-00 00:00:00', '0000-00-00 00:00:00'),
(300851, 'PASIR-EVA', 'PASIR', '0', 0, '0000-00-00 00:00:00', '0000-00-00 00:00:00', '0000-00-00 00:00:00'),
(300852, 'UB-FAREL', 'UB', '0', 0, '0000-00-00 00:00:00', '0000-00-00 00:00:00', '0000-00-00 00:00:00'),
(300853, 'UB-FATIH', 'UB', '0', 0, '0000-00-00 00:00:00', '0000-00-00 00:00:00', '0000-00-00 00:00:00'),
(300854, 'UB-NABILA', 'UB', '0', 0, '0000-00-00 00:00:00', '0000-00-00 00:00:00', '0000-00-00 00:00:00'),
(300855, 'UB-PANGESTU', 'UB', '0', 0, '0000-00-00 00:00:00', '0000-00-00 00:00:00', '0000-00-00 00:00:00'),
(300856, 'UB-SUMBER', 'UB', '0', 0, '0000-00-00 00:00:00', '0000-00-00 00:00:00', '0000-00-00 00:00:00'),
(300857, 'VIVI SWALAYAN', 'UB', '0', 0, '0000-00-00 00:00:00', '0000-00-00 00:00:00', '0000-00-00 00:00:00'),
(300858, 'UB-MARBUN', 'UB', '0', 0, '0000-00-00 00:00:00', '0000-00-00 00:00:00', '0000-00-00 00:00:00'),
(300859, 'UB-GUSTI KERE', 'UB', '0', 0, '0000-00-00 00:00:00', '0000-00-00 00:00:00', '0000-00-00 00:00:00'),
(300860, 'UB-PUTRA DANAU', 'UB', '0', 0, '0000-00-00 00:00:00', '0000-00-00 00:00:00', '0000-00-00 00:00:00'),
(300861, 'UB-UDIN', 'UB', '0', 0, '0000-00-00 00:00:00', '0000-00-00 00:00:00', '0000-00-00 00:00:00'),
(300862, 'UB-WATI', 'UB', '0', 0, '0000-00-00 00:00:00', '0000-00-00 00:00:00', '0000-00-00 00:00:00'),
(300863, 'UB-DAHRUL', 'UB', '0', 0, '0000-00-00 00:00:00', '0000-00-00 00:00:00', '0000-00-00 00:00:00'),
(300864, 'UB-TETI', 'UB', '0', 0, '0000-00-00 00:00:00', '0000-00-00 00:00:00', '0000-00-00 00:00:00'),
(300865, 'UB-IKHSAN', 'UB', '0', 0, '0000-00-00 00:00:00', '0000-00-00 00:00:00', '0000-00-00 00:00:00'),
(300866, 'UB-DAMANIK', 'UB', '0', 0, '0000-00-00 00:00:00', '0000-00-00 00:00:00', '0000-00-00 00:00:00'),
(300867, 'ABD RAUF', 'UB', '0', 0, '0000-00-00 00:00:00', '0000-00-00 00:00:00', '0000-00-00 00:00:00'),
(300868, 'KV-TESSA', 'SRKKV', '0', 0, '0000-00-00 00:00:00', '0000-00-00 00:00:00', '0000-00-00 00:00:00'),
(300869, 'GONDANGAN', 'BLKV', '0', 0, '0000-00-00 00:00:00', '0000-00-00 00:00:00', '0000-00-00 00:00:00'),
(300870, 'SALWA', 'BLKV', '0', 0, '0000-00-00 00:00:00', '0000-00-00 00:00:00', '0000-00-00 00:00:00'),
(300871, 'LALA', 'SIAK KV', '0', 0, '0000-00-00 00:00:00', '0000-00-00 00:00:00', '0000-00-00 00:00:00'),
(300872, 'SIAK KANVAS', 'SIAK', '0', 0, '0000-00-00 00:00:00', '0000-00-00 00:00:00', '0000-00-00 00:00:00'),
(300873, 'SIAK-UCOK', 'SIAK', '0', 0, '0000-00-00 00:00:00', '0000-00-00 00:00:00', '0000-00-00 00:00:00'),
(300874, 'MBAH ASIH', 'PASIRKV', '0', 0, '0000-00-00 00:00:00', '0000-00-00 00:00:00', '0000-00-00 00:00:00'),
(300875, 'ARSY', 'PASIRKV', '0', 0, '0000-00-00 00:00:00', '0000-00-00 00:00:00', '0000-00-00 00:00:00'),
(300876, 'LIA', 'PASIRKV', '0', 0, '0000-00-00 00:00:00', '0000-00-00 00:00:00', '0000-00-00 00:00:00'),
(300877, 'SOREK KANVAS', 'SOREK', '0', 0, '0000-00-00 00:00:00', '0000-00-00 00:00:00', '0000-00-00 00:00:00'),
(300885, 'UT-AW', 'UT-BALAM', '0', 0, '0000-00-00 00:00:00', '0000-00-00 00:00:00', '0000-00-00 00:00:00'),
(300886, 'FB-CELVIN', 'FB-NGASO', '0', 0, '0000-00-00 00:00:00', '0000-00-00 00:00:00', '0000-00-00 00:00:00'),
(300887, 'FB-JENI JAYA', 'FB-SUKA MULYA', '0', 0, '0000-00-00 00:00:00', '0000-00-00 00:00:00', '0000-00-00 00:00:00'),
(300888, 'FB-RATIH', 'SIBUAK', '0', 0, '0000-00-00 00:00:00', '0000-00-00 00:00:00', '0000-00-00 00:00:00'),
(300889, 'PASIR-ANUGRAH', 'PASIR', '0', 0, '0000-00-00 00:00:00', '0000-00-00 00:00:00', '0000-00-00 00:00:00'),
(300890, 'PASIR-ARMANI', 'TANGON', '0', 0, '0000-00-00 00:00:00', '0000-00-00 00:00:00', '0000-00-00 00:00:00'),
(300891, 'PASIR-B FUMI', 'PASIR', '0', 0, '0000-00-00 00:00:00', '0000-00-00 00:00:00', '0000-00-00 00:00:00'),
(300892, 'NICHO MART', 'SIAK', '0', 0, '0000-00-00 00:00:00', '0000-00-00 00:00:00', '0000-00-00 00:00:00'),
(300893, 'LEGIAN', 'SIAK', '0', 0, '0000-00-00 00:00:00', '0000-00-00 00:00:00', '0000-00-00 00:00:00'),
(300894, 'SIAK-ANDI', 'KERINCI', '0', 0, '0000-00-00 00:00:00', '0000-00-00 00:00:00', '0000-00-00 00:00:00'),
(300895, 'SRK-YUDIRA', 'SOREK', '0', 0, '0000-00-00 00:00:00', '0000-00-00 00:00:00', '0000-00-00 00:00:00'),
(300896, 'GUNUNG MAS', 'SOREK', '0', 0, '0000-00-00 00:00:00', '0000-00-00 00:00:00', '0000-00-00 00:00:00'),
(300897, 'ELOK SAIYO', 'SOREK', '0', 0, '0000-00-00 00:00:00', '0000-00-00 00:00:00', '0000-00-00 00:00:00'),
(300900, '8 SAUDARA', 'KANVAS', '0', 0, '0000-00-00 00:00:00', '0000-00-00 00:00:00', '0000-00-00 00:00:00'),
(300901, 'DURI DUMAI', 'KANVAS', '0', 0, '0000-00-00 00:00:00', '0000-00-00 00:00:00', '0000-00-00 00:00:00'),
(300902, 'SUSAN', 'KANVAS', '0', 0, '0000-00-00 00:00:00', '0000-00-00 00:00:00', '0000-00-00 00:00:00'),
(300903, 'LIMA SATU', 'KANVAS', '0', 0, '0000-00-00 00:00:00', '0000-00-00 00:00:00', '0000-00-00 00:00:00'),
(300904, 'ADAN', 'KANVAS', '0', 0, '0000-00-00 00:00:00', '0000-00-00 00:00:00', '0000-00-00 00:00:00'),
(300905, 'MIAR', 'KANVAS', '0', 0, '0000-00-00 00:00:00', '0000-00-00 00:00:00', '0000-00-00 00:00:00'),
(300906, 'JONI', 'KANVAS', '0', 0, '0000-00-00 00:00:00', '0000-00-00 00:00:00', '0000-00-00 00:00:00'),
(300907, 'SAPRI', 'TALUK', '0', 0, '0000-00-00 00:00:00', '0000-00-00 00:00:00', '0000-00-00 00:00:00'),
(300908, 'CELSI', 'TALUK', '0', 0, '0000-00-00 00:00:00', '0000-00-00 00:00:00', '0000-00-00 00:00:00'),
(300909, 'DAFI', 'TALUK', '0', 0, '0000-00-00 00:00:00', '0000-00-00 00:00:00', '0000-00-00 00:00:00'),
(300910, 'RESTI', 'TALUK', '0', 0, '0000-00-00 00:00:00', '0000-00-00 00:00:00', '0000-00-00 00:00:00'),
(300911, 'KEVIN', 'TALUK', '0', 0, '0000-00-00 00:00:00', '0000-00-00 00:00:00', '0000-00-00 00:00:00'),
(300912, 'BUNDA', 'TALUK', '0', 0, '0000-00-00 00:00:00', '0000-00-00 00:00:00', '0000-00-00 00:00:00'),
(300913, 'SINTA', 'TALUK', '0', 0, '0000-00-00 00:00:00', '0000-00-00 00:00:00', '0000-00-00 00:00:00'),
(300914, 'AFA', 'TALUK', '0', 0, '0000-00-00 00:00:00', '0000-00-00 00:00:00', '0000-00-00 00:00:00'),
(300915, 'CIAN', 'TALUK', '0', 0, '0000-00-00 00:00:00', '0000-00-00 00:00:00', '0000-00-00 00:00:00'),
(300916, 'INET', 'TALUK', '0', 0, '0000-00-00 00:00:00', '0000-00-00 00:00:00', '0000-00-00 00:00:00'),
(300917, 'AL MAHIRA', 'TALUK', '0', 0, '0000-00-00 00:00:00', '0000-00-00 00:00:00', '0000-00-00 00:00:00'),
(300919, 'ADITYA', 'UB-SURAM', '0', 0, '0000-00-00 00:00:00', '0000-00-00 00:00:00', '0000-00-00 00:00:00'),
(300920, 'USAHA BARU', 'UB-TANDUN', '0', 0, '0000-00-00 00:00:00', '0000-00-00 00:00:00', '0000-00-00 00:00:00'),
(300921, 'USMAN', 'UB-TANDUN', '0', 0, '0000-00-00 00:00:00', '0000-00-00 00:00:00', '0000-00-00 00:00:00'),
(300923, 'YENI', 'UB-TANDUN', '0', 0, '0000-00-00 00:00:00', '0000-00-00 00:00:00', '0000-00-00 00:00:00'),
(300926, 'KV-LINDA', 'BUKIT TIMAH', '0', 0, '0000-00-00 00:00:00', '0000-00-00 00:00:00', '0000-00-00 00:00:00'),
(300928, 'KV- 5 SAUDARA', 'KOTA BUANA', '0', 0, '0000-00-00 00:00:00', '0000-00-00 00:00:00', '0000-00-00 00:00:00'),
(300937, '7 SAUDARA', 'UB-TANDUN', '0', 0, '0000-00-00 00:00:00', '0000-00-00 00:00:00', '0000-00-00 00:00:00'),
(300938, 'MITRA JAYA', 'SIAK-BUATAN', '0', 0, '0000-00-00 00:00:00', '0000-00-00 00:00:00', '0000-00-00 00:00:00'),
(300939, 'SURYA INDAH', 'SIAK-BUATAN', '0', 0, '0000-00-00 00:00:00', '0000-00-00 00:00:00', '0000-00-00 00:00:00'),
(300940, 'DEKOR 2', 'BELILAS', '0', 0, '0000-00-00 00:00:00', '0000-00-00 00:00:00', '0000-00-00 00:00:00'),
(300941, 'RESTU', 'BELILAS', '0', 0, '0000-00-00 00:00:00', '0000-00-00 00:00:00', '0000-00-00 00:00:00'),
(300942, 'MIKAEL', 'P REBA', '0', 0, '0000-00-00 00:00:00', '0000-00-00 00:00:00', '0000-00-00 00:00:00'),
(300943, 'CAS', 'PASIR', '0', 0, '0000-00-00 00:00:00', '0000-00-00 00:00:00', '0000-00-00 00:00:00'),
(300944, 'JETI', 'PASIR-NGASO', '0', 0, '0000-00-00 00:00:00', '0000-00-00 00:00:00', '0000-00-00 00:00:00'),
(300945, 'ERNIA', 'UB-PELADANG', '0', 0, '0000-00-00 00:00:00', '0000-00-00 00:00:00', '0000-00-00 00:00:00'),
(300946, 'ANDI', 'UB-KOTA LAMA', '0', 0, '0000-00-00 00:00:00', '0000-00-00 00:00:00', '0000-00-00 00:00:00'),
(300948, 'KHOIRUL', 'KV-TALUK', '0', 0, '0000-00-00 00:00:00', '0000-00-00 00:00:00', '0000-00-00 00:00:00'),
(300949, 'JOY MART', 'TALUK', '0', 0, '0000-00-00 00:00:00', '0000-00-00 00:00:00', '0000-00-00 00:00:00'),
(300950, 'RISWAN', 'TALUK', '0', 0, '0000-00-00 00:00:00', '0000-00-00 00:00:00', '0000-00-00 00:00:00'),
(300951, 'IKHSAN', 'TALUK', '0', 0, '0000-00-00 00:00:00', '0000-00-00 00:00:00', '0000-00-00 00:00:00'),
(300952, 'YOGI', 'BELILAS', '0', 0, '0000-00-00 00:00:00', '0000-00-00 00:00:00', '0000-00-00 00:00:00'),
(300953, 'PARIBAN JAYA', 'BELILAS', '0', 0, '0000-00-00 00:00:00', '0000-00-00 00:00:00', '0000-00-00 00:00:00'),
(300954, 'GANDUNGAN', 'TALUK', '0', 0, '0000-00-00 00:00:00', '0000-00-00 00:00:00', '0000-00-00 00:00:00'),
(300955, 'SELVIA', 'BELILAS', '0', 0, '0000-00-00 00:00:00', '0000-00-00 00:00:00', '0000-00-00 00:00:00'),
(300956, 'ZAHIKAN', 'UBKV', '0', 0, '0000-00-00 00:00:00', '0000-00-00 00:00:00', '0000-00-00 00:00:00'),
(300957, 'ULFA', 'KANVAS', '0', 0, '0000-00-00 00:00:00', '0000-00-00 00:00:00', '0000-00-00 00:00:00'),
(300958, 'HIDAYAH', 'KANVAS', '0', 0, '0000-00-00 00:00:00', '0000-00-00 00:00:00', '0000-00-00 00:00:00'),
(300960, 'NOFI', 'TALUK', '0', 0, '0000-00-00 00:00:00', '0000-00-00 00:00:00', '0000-00-00 00:00:00'),
(300962, 'ROHIM', 'UT - SP BENAR', '0', 0, '0000-00-00 00:00:00', '0000-00-00 00:00:00', '0000-00-00 00:00:00'),
(300963, 'MUNTE', 'UKUI-SOREK', '0', 0, '0000-00-00 00:00:00', '0000-00-00 00:00:00', '0000-00-00 00:00:00'),
(300964, 'YANTI', 'KV-BELILAS', '0', 0, '0000-00-00 00:00:00', '0000-00-00 00:00:00', '0000-00-00 00:00:00'),
(300965, 'Y YI S', 'UB - KOTA BARU', '0', 0, '0000-00-00 00:00:00', '0000-00-00 00:00:00', '0000-00-00 00:00:00'),
(300966, 'BU SURIATY', 'PASIR', '0', 0, '0000-00-00 00:00:00', '0000-00-00 00:00:00', '0000-00-00 00:00:00'),
(300967, 'PAK SILALAHI', 'PASIR', '0', 0, '0000-00-00 00:00:00', '0000-00-00 00:00:00', '0000-00-00 00:00:00'),
(300968, 'AMDRIZAL', 'PASIR', '0', 0, '0000-00-00 00:00:00', '0000-00-00 00:00:00', '0000-00-00 00:00:00'),
(300969, 'ARMEN', 'PASIR', '0', 0, '0000-00-00 00:00:00', '0000-00-00 00:00:00', '0000-00-00 00:00:00'),
(300970, 'ALIMENG', 'SIAK', '0', 0, '0000-00-00 00:00:00', '0000-00-00 00:00:00', '0000-00-00 00:00:00'),
(300971, 'MALINI', 'FB- KABUN', '0', 0, '0000-00-00 00:00:00', '0000-00-00 00:00:00', '0000-00-00 00:00:00'),
(300972, 'WILDAN', 'KANVAS', '0', 0, '0000-00-00 00:00:00', '0000-00-00 00:00:00', '0000-00-00 00:00:00'),
(300982, 'HARDY JAYA', 'SKPD-PASIR', '0', 0, '0000-00-00 00:00:00', '0000-00-00 00:00:00', '0000-00-00 00:00:00'),
(300983, 'NASRI', 'PASIR- KOTA TENGAH', '0', 0, '0000-00-00 00:00:00', '0000-00-00 00:00:00', '0000-00-00 00:00:00'),
(300984, 'ANA EDI', 'PASIR- KOTENG', '0', 0, '0000-00-00 00:00:00', '0000-00-00 00:00:00', '0000-00-00 00:00:00'),
(300985, 'DAHNIL', 'UB-NGASO', '0', 0, '0000-00-00 00:00:00', '0000-00-00 00:00:00', '0000-00-00 00:00:00'),
(300986, 'HAPIS', 'P REBA', '0', 0, '0000-00-00 00:00:00', '0000-00-00 00:00:00', '0000-00-00 00:00:00'),
(300987, 'AGUS', 'L SUBUR', '0', 0, '0000-00-00 00:00:00', '0000-00-00 00:00:00', '0000-00-00 00:00:00'),
(300988, 'ABEL', 'KV-BENAI', '0', 0, '0000-00-00 00:00:00', '0000-00-00 00:00:00', '0000-00-00 00:00:00'),
(300989, 'DANTI', 'SIMANDOLAK', '0', 0, '0000-00-00 00:00:00', '0000-00-00 00:00:00', '0000-00-00 00:00:00'),
(300990, 'DEDEK', 'TALUK', '0', 0, '0000-00-00 00:00:00', '0000-00-00 00:00:00', '0000-00-00 00:00:00'),
(300991, 'DAMAI', 'TALUK', '0', 0, '0000-00-00 00:00:00', '0000-00-00 00:00:00', '0000-00-00 00:00:00'),
(300992, 'ADNGGUN', 'PERAWANG', '0', 0, '0000-00-00 00:00:00', '0000-00-00 00:00:00', '0000-00-00 00:00:00'),
(300993, 'ANGGUN', 'PERAWANG', '0', 0, '0000-00-00 00:00:00', '0000-00-00 00:00:00', '0000-00-00 00:00:00'),
(300994, 'NANANG', 'KOTA BUANA', '0', 0, '0000-00-00 00:00:00', '0000-00-00 00:00:00', '0000-00-00 00:00:00'),
(300995, 'FIKA', 'KOTA BUANA', '0', 0, '0000-00-00 00:00:00', '0000-00-00 00:00:00', '0000-00-00 00:00:00'),
(300996, 'IWAN', 'DUMAI', '0', 0, '0000-00-00 00:00:00', '0000-00-00 00:00:00', '0000-00-00 00:00:00'),
(300997, 'RAVI', 'TRANS 500', '0', 0, '0000-00-00 00:00:00', '0000-00-00 00:00:00', '0000-00-00 00:00:00'),
(300998, 'MARIANI', 'PETAPAHAN', '0', 0, '0000-00-00 00:00:00', '0000-00-00 00:00:00', '0000-00-00 00:00:00'),
(300999, 'NESYA', 'KANVAS', '0', 0, '0000-00-00 00:00:00', '0000-00-00 00:00:00', '0000-00-00 00:00:00'),
(301000, 'BEDJO', 'KANVAS', '0', 0, '0000-00-00 00:00:00', '0000-00-00 00:00:00', '0000-00-00 00:00:00'),
(301001, 'SILVIA', 'KANVAS', '0', 0, '0000-00-00 00:00:00', '0000-00-00 00:00:00', '0000-00-00 00:00:00'),
(301002, 'PAKDE EMY', 'KOTENG', '0', 0, '0000-00-00 00:00:00', '0000-00-00 00:00:00', '0000-00-00 00:00:00'),
(301003, 'MARBUN', 'SOREK', '0', 0, '0000-00-00 00:00:00', '0000-00-00 00:00:00', '0000-00-00 00:00:00'),
(301005, 'ANUGRAH PANGESTU', 'UB', '0', 0, '0000-00-00 00:00:00', '0000-00-00 00:00:00', '0000-00-00 00:00:00'),
(301006, 'SANJAYA', 'UB-LUBUAK', '0', 0, '0000-00-00 00:00:00', '0000-00-00 00:00:00', '0000-00-00 00:00:00'),
(301007, 'SURYA', 'DUMAI', '0', 0, '0000-00-00 00:00:00', '0000-00-00 00:00:00', '0000-00-00 00:00:00'),
(301008, 'ACAI 2', 'BAGAN SIAPI2', '0', 0, '0000-00-00 00:00:00', '0000-00-00 00:00:00', '0000-00-00 00:00:00'),
(301009, 'B DEWI', 'B SIAPI2', '0', 0, '0000-00-00 00:00:00', '0000-00-00 00:00:00', '0000-00-00 00:00:00'),
(301010, 'SN', 'SUKAJASI DD', '0', 0, '0000-00-00 00:00:00', '0000-00-00 00:00:00', '0000-00-00 00:00:00'),
(301011, 'APENG', 'DD SUKAJADI', '0', 0, '0000-00-00 00:00:00', '0000-00-00 00:00:00', '0000-00-00 00:00:00'),
(301012, 'IRHAM', 'KOTENG PASIR', '0', 0, '0000-00-00 00:00:00', '0000-00-00 00:00:00', '0000-00-00 00:00:00'),
(301013, 'ANLY', 'KOTENG PASIR', '0', 0, '0000-00-00 00:00:00', '0000-00-00 00:00:00', '0000-00-00 00:00:00'),
(301016, 'SHINTA', 'TLK KV', '0', 0, '0000-00-00 00:00:00', '0000-00-00 00:00:00', '0000-00-00 00:00:00'),
(301017, 'RIAN', 'TLK L JAMBI', '0', 0, '0000-00-00 00:00:00', '0000-00-00 00:00:00', '0000-00-00 00:00:00'),
(301018, 'NAILA', 'TLK L JAMBI', '0', 0, '0000-00-00 00:00:00', '0000-00-00 00:00:00', '0000-00-00 00:00:00'),
(301019, 'RANI', 'TLK L JAMBI', '0', 0, '0000-00-00 00:00:00', '0000-00-00 00:00:00', '0000-00-00 00:00:00'),
(301020, 'AISYAH', 'TLK L JAMBI', '0', 0, '0000-00-00 00:00:00', '0000-00-00 00:00:00', '0000-00-00 00:00:00'),
(301021, 'VIOLA', 'TLK L JAMBI', '0', 0, '0000-00-00 00:00:00', '0000-00-00 00:00:00', '0000-00-00 00:00:00'),
(301022, 'ABIYU', 'TLK L JAMBI', '0', 0, '0000-00-00 00:00:00', '0000-00-00 00:00:00', '0000-00-00 00:00:00'),
(301023, 'DITO', 'TLK L JAMBI', '0', 0, '0000-00-00 00:00:00', '0000-00-00 00:00:00', '0000-00-00 00:00:00'),
(301024, 'BERSAUDARA', 'TLK - KARI', '0', 0, '0000-00-00 00:00:00', '0000-00-00 00:00:00', '0000-00-00 00:00:00'),
(301025, 'EKO', 'TLK SEROSAH', '0', 0, '0000-00-00 00:00:00', '0000-00-00 00:00:00', '0000-00-00 00:00:00'),
(301026, 'MUSRIJAL', 'TLK L JAMBI', '0', 0, '0000-00-00 00:00:00', '0000-00-00 00:00:00', '0000-00-00 00:00:00'),
(301027, 'RAMON', 'TLK L JAMBI', '0', 0, '0000-00-00 00:00:00', '0000-00-00 00:00:00', '0000-00-00 00:00:00'),
(301028, 'RIZAL', 'TLK L JAMBI', '0', 0, '0000-00-00 00:00:00', '0000-00-00 00:00:00', '0000-00-00 00:00:00'),
(301029, 'ANIS', 'TLK L JAMBI', '0', 0, '0000-00-00 00:00:00', '0000-00-00 00:00:00', '0000-00-00 00:00:00'),
(301030, 'FINA', 'TLK L JAMBI', '0', 0, '0000-00-00 00:00:00', '0000-00-00 00:00:00', '0000-00-00 00:00:00'),
(301031, 'ZARA', 'TLK PDG SAWAH', '0', 0, '0000-00-00 00:00:00', '0000-00-00 00:00:00', '0000-00-00 00:00:00'),
(301032, 'RIVAL', 'PASIR KV', '0', 0, '0000-00-00 00:00:00', '0000-00-00 00:00:00', '0000-00-00 00:00:00'),
(301033, 'UD ANEKA PUTRI', 'PASIR KV', '0', 0, '0000-00-00 00:00:00', '0000-00-00 00:00:00', '0000-00-00 00:00:00'),
(301034, 'PASIR RETAIL', 'KV', '0', 0, '0000-00-00 00:00:00', '0000-00-00 00:00:00', '0000-00-00 00:00:00'),
(301035, 'ALZAIRIN', 'PASIR KV', '0', 0, '0000-00-00 00:00:00', '0000-00-00 00:00:00', '0000-00-00 00:00:00'),
(301044, 'HAIKAL', 'P REBA SOREK', '0', 0, '0000-00-00 00:00:00', '0000-00-00 00:00:00', '0000-00-00 00:00:00'),
(301060, 'SEDERHANA', 'KASIKAN', '0', 0, '0000-00-00 00:00:00', '0000-00-00 00:00:00', '0000-00-00 00:00:00'),
(301061, 'SEDERHANA', 'PASIR P', '0', 0, '0000-00-00 00:00:00', '0000-00-00 00:00:00', '0000-00-00 00:00:00'),
(301062, 'DINI', 'PASIR P', '0', 0, '0000-00-00 00:00:00', '0000-00-00 00:00:00', '0000-00-00 00:00:00'),
(301063, 'PARLINDUNGAN', 'DD - PS MINGGU', '0', 0, '0000-00-00 00:00:00', '0000-00-00 00:00:00', '0000-00-00 00:00:00'),
(301064, 'LARIS', 'DD PS MINGGU', '0', 0, '0000-00-00 00:00:00', '0000-00-00 00:00:00', '0000-00-00 00:00:00'),
(301065, 'ARGA', 'KANVAS', '0', 0, '0000-00-00 00:00:00', '0000-00-00 00:00:00', '0000-00-00 00:00:00'),
(301066, 'HABIBI', 'SOREK KANVAS', '0', 0, '0000-00-00 00:00:00', '0000-00-00 00:00:00', '0000-00-00 00:00:00'),
(301067, 'AMRUL', 'LIPAT KAIN', '0', 0, '0000-00-00 00:00:00', '0000-00-00 00:00:00', '0000-00-00 00:00:00'),
(301068, 'BU NING', 'S. BULUK TLKKV', '0', 0, '0000-00-00 00:00:00', '0000-00-00 00:00:00', '0000-00-00 00:00:00'),
(301069, 'SYIFA', 'S BULUH TLK', '0', 0, '0000-00-00 00:00:00', '0000-00-00 00:00:00', '0000-00-00 00:00:00'),
(301070, 'NN GROUP', 'AIR EMAS TLK', '0', 0, '0000-00-00 00:00:00', '0000-00-00 00:00:00', '0000-00-00 00:00:00'),
(301071, 'AFDAL', 'TLK KV', '0', 0, '0000-00-00 00:00:00', '0000-00-00 00:00:00', '0000-00-00 00:00:00'),
(301073, 'PASIR KANVAS', 'PASIR', '0', 0, '0000-00-00 00:00:00', '0000-00-00 00:00:00', '0000-00-00 00:00:00'),
(301077, 'PUTRA PONSEL', 'TLK KV', '0', 0, '0000-00-00 00:00:00', '0000-00-00 00:00:00', '0000-00-00 00:00:00'),
(301093, 'UT RETAIL', 'UJUNG TANJUNG', '0', 0, '0000-00-00 00:00:00', '0000-00-00 00:00:00', '0000-00-00 00:00:00'),
(301094, 'LIPAT KAIN', 'RETAIL', '0', 0, '0000-00-00 00:00:00', '0000-00-00 00:00:00', '0000-00-00 00:00:00'),
(301095, 'RESKINA', 'SUNGAI BULUH LK', '0', 0, '0000-00-00 00:00:00', '0000-00-00 00:00:00', '0000-00-00 00:00:00'),
(301096, 'AGUS', 'S BULUH LIPAT KAIN', '0', 0, '0000-00-00 00:00:00', '0000-00-00 00:00:00', '0000-00-00 00:00:00'),
(301098, 'UB RETAIL', 'UJUNG BATU', '0', 0, '0000-00-00 00:00:00', '0000-00-00 00:00:00', '0000-00-00 00:00:00'),
(301099, 'FERRY 2', 'UJUNG BATU', '0', 0, '0000-00-00 00:00:00', '0000-00-00 00:00:00', '0000-00-00 00:00:00'),
(301100, 'TWIN', 'SP2 TALUK', '0', 0, '0000-00-00 00:00:00', '0000-00-00 00:00:00', '0000-00-00 00:00:00'),
(301101, 'ABEL', 'PS BENAI TALUK', '0', 0, '0000-00-00 00:00:00', '0000-00-00 00:00:00', '0000-00-00 00:00:00'),
(301102, 'YULI', 'SP PAS TALUK', '0', 0, '0000-00-00 00:00:00', '0000-00-00 00:00:00', '0000-00-00 00:00:00'),
(301103, 'LILY', 'PKU', '0', 1, '0000-00-00 00:00:00', '0000-00-00 00:00:00', '0000-00-00 00:00:00'),
(301104, 'MITRA JAYA', 'PKU', '0', 1, '0000-00-00 00:00:00', '0000-00-00 00:00:00', '0000-00-00 00:00:00'),
(301105, 'BU JAY', 'PKU', '0', 1, '0000-00-00 00:00:00', '0000-00-00 00:00:00', '0000-00-00 00:00:00'),
(301106, 'GRESIK', 'GRS', '0', 0, '0000-00-00 00:00:00', '0000-00-00 00:00:00', '0000-00-00 00:00:00'),
(301111, 'DUA DARA', 'KUNTU', '0', 0, '0000-00-00 00:00:00', '0000-00-00 00:00:00', '0000-00-00 00:00:00'),
(301112, 'HASIM', 'KUNTU', '0', 0, '0000-00-00 00:00:00', '0000-00-00 00:00:00', '0000-00-00 00:00:00'),
(301138, 'SURTATY', 'PASIR-M RUMBAI', '0', 0, '0000-00-00 00:00:00', '0000-00-00 00:00:00', '0000-00-00 00:00:00'),
(301219, 'MIZWAN', 'LTS DEKAT MESS SIAK', '0', 0, '0000-00-00 00:00:00', '0000-00-00 00:00:00', '0000-00-00 00:00:00'),
(301220, 'NIZAM', 'LTS DEKAT MESS SIAK', '0', 0, '0000-00-00 00:00:00', '0000-00-00 00:00:00', '0000-00-00 00:00:00'),
(301221, 'AJO DINI', 'PKL KERINCI', '0', 0, '0000-00-00 00:00:00', '0000-00-00 00:00:00', '0000-00-00 00:00:00'),
(301223, 'CALVIN', 'OKAK', '0', 0, '0000-00-00 00:00:00', '0000-00-00 00:00:00', '0000-00-00 00:00:00'),
(301224, 'ANDI', 'PKU', '0', 1, '0000-00-00 00:00:00', '0000-00-00 00:00:00', '0000-00-00 00:00:00'),
(301281, 'PICIVAN', 'SKPD PASIR', '0', 0, '0000-00-00 00:00:00', '0000-00-00 00:00:00', '0000-00-00 00:00:00'),
(301282, 'SUPRI', 'SKPD PASIR', '0', 0, '0000-00-00 00:00:00', '0000-00-00 00:00:00', '0000-00-00 00:00:00'),
(301283, 'HADIS', 'P REBA', '0', 0, '0000-00-00 00:00:00', '0000-00-00 00:00:00', '0000-00-00 00:00:00'),
(301284, 'DEDE', 'MANGGALA UT', '0', 0, '0000-00-00 00:00:00', '0000-00-00 00:00:00', '0000-00-00 00:00:00'),
(301285, 'ANA', 'UT R MELINTANG', '0', 0, '0000-00-00 00:00:00', '0000-00-00 00:00:00', '0000-00-00 00:00:00'),
(301286, 'MAWAR', 'PASIR', '0', 0, '0000-00-00 00:00:00', '0000-00-00 00:00:00', '0000-00-00 00:00:00'),
(301287, 'SBR', 'PS PINGGIR DD', '0', 0, '0000-00-00 00:00:00', '0000-00-00 00:00:00', '0000-00-00 00:00:00'),
(301288, 'MAJID', 'DUMAI', '0', 0, '0000-00-00 00:00:00', '0000-00-00 00:00:00', '0000-00-00 00:00:00'),
(301307, 'INDOMART', 'BAGAN', '0', 0, '0000-00-00 00:00:00', '0000-00-00 00:00:00', '0000-00-00 00:00:00'),
(301308, 'BINTANG DEWI', 'BAGAN', '0', 0, '0000-00-00 00:00:00', '0000-00-00 00:00:00', '0000-00-00 00:00:00'),
(301316, 'RISWAN', 'SKPD', '0', 0, '0000-00-00 00:00:00', '0000-00-00 00:00:00', '0000-00-00 00:00:00'),
(301317, 'DROP SOREK', 'DROPING SOREK', '0', 0, '0000-00-00 00:00:00', '0000-00-00 00:00:00', '0000-00-00 00:00:00'),
(301318, 'PARETO SOREK', 'SOREK', '0', 0, '0000-00-00 00:00:00', '0000-00-00 00:00:00', '0000-00-00 00:00:00'),
(301319, 'PASIR DROP', 'PASIR', '0', 0, '0000-00-00 00:00:00', '0000-00-00 00:00:00', '0000-00-00 00:00:00'),
(301320, 'PASIR PARETO', 'PASIR', '0', 0, '0000-00-00 00:00:00', '0000-00-00 00:00:00', '0000-00-00 00:00:00'),
(301321, 'SIAK DROP', 'SIAK', '0', 0, '0000-00-00 00:00:00', '0000-00-00 00:00:00', '0000-00-00 00:00:00'),
(301322, 'SIAK PARETO', 'SIAK', '0', 0, '0000-00-00 00:00:00', '0000-00-00 00:00:00', '0000-00-00 00:00:00'),
(301327, 'NORMAL', 'M RUMBAI-PASIR', '0', 0, '0000-00-00 00:00:00', '0000-00-00 00:00:00', '0000-00-00 00:00:00'),
(301363, 'YESSY DEA', 'P IBUL UTJG', '0', 0, '0000-00-00 00:00:00', '0000-00-00 00:00:00', '0000-00-00 00:00:00'),
(301379, 'SRI RAHAYU', 'SUKA MAJU', '0', 0, '0000-00-00 00:00:00', '0000-00-00 00:00:00', '0000-00-00 00:00:00'),
(303077, 'DIAN', 'KANDIS', '0', 0, '0000-00-00 00:00:00', '0000-00-00 00:00:00', '0000-00-00 00:00:00'),
(303078, 'KAROJA', 'SAM SAM KM 94 DD', '0', 0, '0000-00-00 00:00:00', '0000-00-00 00:00:00', '0000-00-00 00:00:00'),
(303080, 'UT-PARETO', 'UJUNG TANJUNG', '0', 0, '0000-00-00 00:00:00', '0000-00-00 00:00:00', '0000-00-00 00:00:00'),
(303081, 'UT-DROP', 'UJUNG TANJUNG', '0', 0, '0000-00-00 00:00:00', '0000-00-00 00:00:00', '0000-00-00 00:00:00'),
(303164, 'PARETO DURI DUMAI', 'DURI DUMAI', '0', 0, '0000-00-00 00:00:00', '0000-00-00 00:00:00', '0000-00-00 00:00:00'),
(303165, 'DROP DURI DUMAI', 'DURI DUMAI', '0', 0, '0000-00-00 00:00:00', '0000-00-00 00:00:00', '0000-00-00 00:00:00'),
(303166, 'RETAIL DURIDUMAI', 'DURI DUMAI', '0', 0, '0000-00-00 00:00:00', '0000-00-00 00:00:00', '0000-00-00 00:00:00'),
(303167, 'EMON', 'KUBU - UT', '0', 0, '0000-00-00 00:00:00', '0000-00-00 00:00:00', '0000-00-00 00:00:00'),
(303168, 'BASIR', 'MANGGALA - UT', '0', 0, '0000-00-00 00:00:00', '0000-00-00 00:00:00', '0000-00-00 00:00:00'),
(303169, 'RUDI', 'UJUNG TANJUNG', '0', 0, '0000-00-00 00:00:00', '0000-00-00 00:00:00', '0000-00-00 00:00:00'),
(303278, 'FBY PARETO', 'FLAMBOYAN', '0', 0, '0000-00-00 00:00:00', '0000-00-00 00:00:00', '0000-00-00 00:00:00'),
(303279, 'FBY DROP', 'FLAMBOYAN', '0', 0, '0000-00-00 00:00:00', '0000-00-00 00:00:00', '0000-00-00 00:00:00'),
(303358, 'DOLOK SAUR', 'DD PUNGGUL', '0', 0, '0000-00-00 00:00:00', '0000-00-00 00:00:00', '0000-00-00 00:00:00'),
(303448, 'ARIF', 'DD SUKAMAJU', '0', 0, '0000-00-00 00:00:00', '0000-00-00 00:00:00', '0000-00-00 00:00:00'),
(303463, 'AMIR', 'KANDIS DD', '0', 0, '0000-00-00 00:00:00', '0000-00-00 00:00:00', '0000-00-00 00:00:00'),
(303590, 'PURWOTA', 'KOTA BARU', '0', 0, '0000-00-00 00:00:00', '0000-00-00 00:00:00', '0000-00-00 00:00:00'),
(303591, 'WAIDUN', 'KOTA BARU', '0', 0, '0000-00-00 00:00:00', '0000-00-00 00:00:00', '0000-00-00 00:00:00'),
(303592, 'SITI', 'KOTA BARU', '0', 0, '0000-00-00 00:00:00', '0000-00-00 00:00:00', '0000-00-00 00:00:00'),
(303593, 'MONIKA', 'KOTA BARU', '0', 0, '0000-00-00 00:00:00', '0000-00-00 00:00:00', '0000-00-00 00:00:00'),
(303600, 'JONSON', 'SP 5 DUMAI', '0', 0, '0000-00-00 00:00:00', '0000-00-00 00:00:00', '0000-00-00 00:00:00'),
(303690, 'DILAN', 'TLK BERINGIN JAYA', '0', 0, '0000-00-00 00:00:00', '0000-00-00 00:00:00', '0000-00-00 00:00:00'),
(304045, 'NICO BERT', 'SIAK', '0', 0, '0000-00-00 00:00:00', '0000-00-00 00:00:00', '0000-00-00 00:00:00'),
(304048, 'FAMILY', 'KANDIS 72', '0', 0, '0000-00-00 00:00:00', '0000-00-00 00:00:00', '0000-00-00 00:00:00'),
(304049, 'RETAIL BELILAS', 'BELILAS', '0', 0, '0000-00-00 00:00:00', '0000-00-00 00:00:00', '0000-00-00 00:00:00'),
(304084, 'REMON', 'DURI - DUMAI', '0', 0, '0000-00-00 00:00:00', '0000-00-00 00:00:00', '0000-00-00 00:00:00'),
(304085, 'BARANI', 'DURI - DUMAI', '0', 0, '0000-00-00 00:00:00', '0000-00-00 00:00:00', '0000-00-00 00:00:00'),
(304086, 'SUSI', 'DURI - DUMAI', '0', 0, '0000-00-00 00:00:00', '0000-00-00 00:00:00', '0000-00-00 00:00:00'),
(304164, 'RISMA', 'PERAWANG', '0', 0, '0000-00-00 00:00:00', '0000-00-00 00:00:00', '0000-00-00 00:00:00'),
(304165, 'KUWAT JAYA', 'PERAWANG', '0', 0, '0000-00-00 00:00:00', '0000-00-00 00:00:00', '0000-00-00 00:00:00'),
(304166, 'TUNTAK', 'TUMANG PERAWANG', '0', 0, '0000-00-00 00:00:00', '0000-00-00 00:00:00', '0000-00-00 00:00:00'),
(304167, 'JANE JAYA', 'TUMANG PERAWANG', '0', 0, '0000-00-00 00:00:00', '0000-00-00 00:00:00', '0000-00-00 00:00:00'),
(304802, 'FAHNIA', 'PETAI', '0', 0, '0000-00-00 00:00:00', '0000-00-00 00:00:00', '0000-00-00 00:00:00'),
(304803, 'SUDARTI', 'SAKO', '0', 0, '0000-00-00 00:00:00', '0000-00-00 00:00:00', '0000-00-00 00:00:00'),
(304805, 'SANDI', 'SAKO', '0', 0, '0000-00-00 00:00:00', '0000-00-00 00:00:00', '0000-00-00 00:00:00'),
(304839, 'IWIT', 'PASIR P', '0', 0, '0000-00-00 00:00:00', '0000-00-00 00:00:00', '0000-00-00 00:00:00'),
(305023, 'OFFICE PADANG', 'PADANG', '0', 0, '0000-00-00 00:00:00', '0000-00-00 00:00:00', '0000-00-00 00:00:00'),
(305111, 'RAFIL', 'SUNGAI PAKU', '0', 0, '0000-00-00 00:00:00', '0000-00-00 00:00:00', '0000-00-00 00:00:00'),
(305112, 'WINDA', 'PETAI', '0', 0, '0000-00-00 00:00:00', '0000-00-00 00:00:00', '0000-00-00 00:00:00'),
(305169, 'UCOK', 'GUNUNG SARI', '0', 0, '0000-00-00 00:00:00', '0000-00-00 00:00:00', '0000-00-00 00:00:00'),
(305170, 'DUA PUTRI', 'TALUK KUANTAN', '0', 0, '0000-00-00 00:00:00', '0000-00-00 00:00:00', '0000-00-00 00:00:00'),
(305220, 'MAHMUDIN', 'PKU', '0', 1, '0000-00-00 00:00:00', '0000-00-00 00:00:00', '0000-00-00 00:00:00'),
(305221, 'AMIT', 'PANGEAN', '0', 0, '0000-00-00 00:00:00', '0000-00-00 00:00:00', '0000-00-00 00:00:00'),
(305222, 'SINAR JAYA', 'BENAI', '0', 0, '0000-00-00 00:00:00', '0000-00-00 00:00:00', '0000-00-00 00:00:00'),
(305254, 'KUDUS', 'OFFICE KUDUS', '0', 0, '0000-00-00 00:00:00', '0000-00-00 00:00:00', '0000-00-00 00:00:00'),
(305288, 'BOWO', 'MANGGALA', '0', 0, '0000-00-00 00:00:00', '0000-00-00 00:00:00', '0000-00-00 00:00:00'),
(305289, 'DAYAT (PERAWANG)', 'PERAWANG', '0', 0, '0000-00-00 00:00:00', '0000-00-00 00:00:00', '0000-00-00 00:00:00'),
(305361, 'IBNU', 'MANGGALA', '0', 0, '0000-00-00 00:00:00', '0000-00-00 00:00:00', '0000-00-00 00:00:00'),
(305411, 'PANAM JAYA', 'PKU', '0', 1, '0000-00-00 00:00:00', '0000-00-00 00:00:00', '0000-00-00 00:00:00'),
(305412, 'NILA KTN', 'PKU', '0', 1, '0000-00-00 00:00:00', '0000-00-00 00:00:00', '0000-00-00 00:00:00');
INSERT INTO `customer` (`id_customer`, `nama_customer`, `alamat_customer`, `no_hp_customer`, `id_branch`, `created_at`, `updated_at`, `deleted_at`) VALUES
(305413, 'MISHI', 'PKU', '0', 0, '0000-00-00 00:00:00', '0000-00-00 00:00:00', '0000-00-00 00:00:00'),
(305414, 'SEHAND', 'PERAWANG', '0', 0, '0000-00-00 00:00:00', '0000-00-00 00:00:00', '0000-00-00 00:00:00'),
(305439, 'HIDAYAT', 'SIAK', '0', 0, '0000-00-00 00:00:00', '0000-00-00 00:00:00', '0000-00-00 00:00:00'),
(305443, 'AL FATIH', 'PESANTREN', '0', 0, '0000-00-00 00:00:00', '0000-00-00 00:00:00', '0000-00-00 00:00:00'),
(305444, 'BOBY', 'OFFICEPKU', '0', 0, '0000-00-00 00:00:00', '0000-00-00 00:00:00', '0000-00-00 00:00:00'),
(305466, 'IDRUS', 'PKU', '0', 0, '0000-00-00 00:00:00', '0000-00-00 00:00:00', '0000-00-00 00:00:00'),
(305467, 'JONI ABU', 'PERAWANG', '0', 0, '0000-00-00 00:00:00', '0000-00-00 00:00:00', '0000-00-00 00:00:00'),
(305469, 'TALUK DROP', 'TALUK KUANTAN', '0', 0, '0000-00-00 00:00:00', '0000-00-00 00:00:00', '0000-00-00 00:00:00'),
(305470, 'ILHAM', 'TALUK', '0', 0, '0000-00-00 00:00:00', '0000-00-00 00:00:00', '0000-00-00 00:00:00'),
(305471, 'ALVINO', 'TALUK', '0', 0, '0000-00-00 00:00:00', '0000-00-00 00:00:00', '0000-00-00 00:00:00'),
(305472, 'ZAHRA', 'KUNTU', '0', 0, '0000-00-00 00:00:00', '0000-00-00 00:00:00', '0000-00-00 00:00:00'),
(305473, 'NURUL', 'KUNTU', '0', 0, '0000-00-00 00:00:00', '0000-00-00 00:00:00', '0000-00-00 00:00:00'),
(305533, 'MAJU JAYA', 'SP PULAI DUMAI', '0', 0, '0000-00-00 00:00:00', '0000-00-00 00:00:00', '0000-00-00 00:00:00'),
(305629, 'ROBI', 'PERAWANG', '0', 0, '0000-00-00 00:00:00', '0000-00-00 00:00:00', '0000-00-00 00:00:00'),
(305667, 'JEROBI', 'PERAWANG', '0', 0, '0000-00-00 00:00:00', '0000-00-00 00:00:00', '0000-00-00 00:00:00'),
(305668, 'YUDA BERSAUDARA', 'BUNUT', '0', 0, '0000-00-00 00:00:00', '0000-00-00 00:00:00', '0000-00-00 00:00:00'),
(305670, 'SAMPORNA', 'PSR KANDIS', '0', 0, '0000-00-00 00:00:00', '0000-00-00 00:00:00', '0000-00-00 00:00:00'),
(305672, 'TUNAS BARU', 'PSR KANDIS', '0', 0, '0000-00-00 00:00:00', '0000-00-00 00:00:00', '0000-00-00 00:00:00'),
(305673, 'MANURUNG', 'PSR KANDIS', '0', 0, '0000-00-00 00:00:00', '0000-00-00 00:00:00', '0000-00-00 00:00:00'),
(305674, 'ANDI', 'PSR KANDIS', '0', 0, '0000-00-00 00:00:00', '0000-00-00 00:00:00', '0000-00-00 00:00:00'),
(305675, 'KELAKAP', 'PERAWANG', '0', 0, '0000-00-00 00:00:00', '0000-00-00 00:00:00', '0000-00-00 00:00:00'),
(305676, 'ANDA', 'PERAWANG', '0', 0, '0000-00-00 00:00:00', '0000-00-00 00:00:00', '0000-00-00 00:00:00'),
(305677, 'WARNI', 'PERAWANG', '0', 0, '0000-00-00 00:00:00', '0000-00-00 00:00:00', '0000-00-00 00:00:00'),
(305748, 'UB DROP', 'UJUNG BATU', '0', 0, '0000-00-00 00:00:00', '0000-00-00 00:00:00', '0000-00-00 00:00:00'),
(305751, 'LINA', 'LT PERAWANG', '0', 0, '0000-00-00 00:00:00', '0000-00-00 00:00:00', '0000-00-00 00:00:00'),
(305799, 'SAMA SUKA', 'MINAS', '0', 0, '0000-00-00 00:00:00', '0000-00-00 00:00:00', '0000-00-00 00:00:00'),
(305800, 'ALFINO', 'TALUK', '0', 0, '0000-00-00 00:00:00', '0000-00-00 00:00:00', '0000-00-00 00:00:00'),
(305845, 'NASIR', 'PASAR TERATAK', '0', 0, '0000-00-00 00:00:00', '0000-00-00 00:00:00', '0000-00-00 00:00:00'),
(305846, 'NANDA PUTRI', 'PERANAP', '0', 0, '0000-00-00 00:00:00', '0000-00-00 00:00:00', '0000-00-00 00:00:00'),
(305847, 'BUTET', 'PERANAP', '0', 0, '0000-00-00 00:00:00', '0000-00-00 00:00:00', '0000-00-00 00:00:00'),
(305848, 'BUSTAMAN', 'PERANAP', '0', 0, '0000-00-00 00:00:00', '0000-00-00 00:00:00', '0000-00-00 00:00:00'),
(305849, 'ERMI', 'PERANAP', '0', 0, '0000-00-00 00:00:00', '0000-00-00 00:00:00', '0000-00-00 00:00:00'),
(305850, 'KEKE JAYA', 'MUARA FAJAR', '0', 0, '0000-00-00 00:00:00', '0000-00-00 00:00:00', '0000-00-00 00:00:00'),
(305851, 'DIKA', 'MUARA FAJAR', '0', 0, '0000-00-00 00:00:00', '0000-00-00 00:00:00', '0000-00-00 00:00:00'),
(305852, 'SEMBIRING', 'MANDIR ANGIN', '0', 0, '0000-00-00 00:00:00', '0000-00-00 00:00:00', '0000-00-00 00:00:00'),
(305864, 'RETAIL-PKU', 'PKU', '0', 1, '0000-00-00 00:00:00', '0000-00-00 00:00:00', '0000-00-00 00:00:00'),
(305865, 'GROSIR-PKU', 'PKU', '0', 1, '0000-00-00 00:00:00', '0000-00-00 00:00:00', '0000-00-00 00:00:00'),
(305866, 'FIDA', 'TANGOR', '0', 0, '0000-00-00 00:00:00', '0000-00-00 00:00:00', '0000-00-00 00:00:00'),
(305868, 'ADEK', 'PEMBANGUNAN', '0', 0, '0000-00-00 00:00:00', '0000-00-00 00:00:00', '0000-00-00 00:00:00'),
(305926, 'SEMANGAT JAYA', 'JL MERAK (PKU)', '0', 1, '0000-00-00 00:00:00', '0000-00-00 00:00:00', '0000-00-00 00:00:00'),
(305927, 'MENTARI', 'GARUDA RAYA (PKU)', '0', 1, '0000-00-00 00:00:00', '0000-00-00 00:00:00', '0000-00-00 00:00:00'),
(305985, 'BENGKULU', 'CAB BENGKULU', '0', 0, '0000-00-00 00:00:00', '0000-00-00 00:00:00', '0000-00-00 00:00:00'),
(305986, 'BUNGO', 'CAB BUNGO', '0', 0, '0000-00-00 00:00:00', '0000-00-00 00:00:00', '0000-00-00 00:00:00'),
(306027, 'MITRA SARI', 'PERAWANG', '0', 0, '0000-00-00 00:00:00', '0000-00-00 00:00:00', '0000-00-00 00:00:00'),
(306188, 'NABABAN', 'TORO TALUK', '0', 0, '0000-00-00 00:00:00', '0000-00-00 00:00:00', '0000-00-00 00:00:00'),
(306269, 'BUSTAMI', 'PERAWANG', '0', 0, '0000-00-00 00:00:00', '0000-00-00 00:00:00', '0000-00-00 00:00:00'),
(306441, 'TARMIZI', 'SURAU GADING', '0', 0, '0000-00-00 00:00:00', '0000-00-00 00:00:00', '0000-00-00 00:00:00'),
(306504, 'WINA', 'SP PUNGUT', '0', 0, '0000-00-00 00:00:00', '0000-00-00 00:00:00', '0000-00-00 00:00:00'),
(306505, 'FEBRY', 'SP PUNGUT', '0', 0, '0000-00-00 00:00:00', '0000-00-00 00:00:00', '0000-00-00 00:00:00'),
(306506, 'ERMI', 'TALUK', '0', 0, '0000-00-00 00:00:00', '0000-00-00 00:00:00', '0000-00-00 00:00:00'),
(306531, 'AGEN BENGKALIS', 'BENGKALIS', '0', 0, '0000-00-00 00:00:00', '0000-00-00 00:00:00', '0000-00-00 00:00:00'),
(306537, 'ABDUL PSI', 'PERAWANG', '0', 0, '0000-00-00 00:00:00', '0000-00-00 00:00:00', '0000-00-00 00:00:00'),
(306625, 'JONI', 'AGEN BENGKALIS', '0', 0, '0000-00-00 00:00:00', '0000-00-00 00:00:00', '0000-00-00 00:00:00'),
(306708, 'MUTIARA HARAPAN', 'KANDIS', '0', 0, '0000-00-00 00:00:00', '0000-00-00 00:00:00', '0000-00-00 00:00:00'),
(306709, 'M NUR', 'B RAYA', '0', 0, '0000-00-00 00:00:00', '0000-00-00 00:00:00', '0000-00-00 00:00:00'),
(306710, 'MITRA MAJU', 'SIAK', '0', 0, '0000-00-00 00:00:00', '0000-00-00 00:00:00', '0000-00-00 00:00:00'),
(306711, 'DENIS', 'KOTA GARO', '0', 0, '0000-00-00 00:00:00', '0000-00-00 00:00:00', '0000-00-00 00:00:00'),
(306712, 'SEMPURNA', 'KEMUNING', '0', 0, '0000-00-00 00:00:00', '0000-00-00 00:00:00', '0000-00-00 00:00:00'),
(306713, 'FR MART', 'TANDUN', '0', 0, '0000-00-00 00:00:00', '0000-00-00 00:00:00', '0000-00-00 00:00:00'),
(306714, 'REZEKI BARU', 'SURAM', '0', 0, '0000-00-00 00:00:00', '0000-00-00 00:00:00', '0000-00-00 00:00:00'),
(306715, '3 PUTRI', 'PASAR SKPA', '0', 0, '0000-00-00 00:00:00', '0000-00-00 00:00:00', '0000-00-00 00:00:00'),
(306721, 'NABILA', 'SOREK', '0', 0, '0000-00-00 00:00:00', '0000-00-00 00:00:00', '0000-00-00 00:00:00'),
(306723, 'DIAN JAYA', 'SOREK', '0', 0, '0000-00-00 00:00:00', '0000-00-00 00:00:00', '0000-00-00 00:00:00'),
(306724, 'YOKO', 'KENDAUNG', '0', 0, '0000-00-00 00:00:00', '0000-00-00 00:00:00', '0000-00-00 00:00:00'),
(306725, 'QUEEN', 'L SUBUR', '0', 0, '0000-00-00 00:00:00', '0000-00-00 00:00:00', '0000-00-00 00:00:00'),
(306726, 'BERKAH YUDIRA', 'PAWANG SARI', '0', 0, '0000-00-00 00:00:00', '0000-00-00 00:00:00', '0000-00-00 00:00:00'),
(306727, 'YOPI', 'BUNUD', '0', 0, '0000-00-00 00:00:00', '0000-00-00 00:00:00', '0000-00-00 00:00:00'),
(306728, 'PAK WANDI', 'BELILAS', '0', 0, '0000-00-00 00:00:00', '0000-00-00 00:00:00', '0000-00-00 00:00:00'),
(306729, 'HARIS', 'P REBA', '0', 0, '0000-00-00 00:00:00', '0000-00-00 00:00:00', '0000-00-00 00:00:00'),
(306730, 'DUA SAUDARA', 'T PUTIH', '0', 0, '0000-00-00 00:00:00', '0000-00-00 00:00:00', '0000-00-00 00:00:00'),
(306731, 'DUA PUTRI', 'U TANJUNG', '0', 0, '0000-00-00 00:00:00', '0000-00-00 00:00:00', '0000-00-00 00:00:00'),
(306732, 'RR', 'TALUK', '0', 0, '0000-00-00 00:00:00', '0000-00-00 00:00:00', '0000-00-00 00:00:00'),
(306733, 'SIFA', 'TALUK', '0', 0, '0000-00-00 00:00:00', '0000-00-00 00:00:00', '0000-00-00 00:00:00'),
(306734, 'ERNI', 'TALUK', '0', 0, '0000-00-00 00:00:00', '0000-00-00 00:00:00', '0000-00-00 00:00:00'),
(306735, 'YUNI', 'TALUK', '0', 0, '0000-00-00 00:00:00', '0000-00-00 00:00:00', '0000-00-00 00:00:00'),
(306736, 'HM RETAIL', 'BANGUN JAYA', '0', 0, '0000-00-00 00:00:00', '0000-00-00 00:00:00', '0000-00-00 00:00:00'),
(306737, 'SILVI', 'M RUMBAI', '0', 0, '0000-00-00 00:00:00', '0000-00-00 00:00:00', '0000-00-00 00:00:00'),
(306738, 'REDA', 'PASIR P', '0', 0, '0000-00-00 00:00:00', '0000-00-00 00:00:00', '0000-00-00 00:00:00'),
(306739, 'WINNER', 'PERAWANG', '0', 0, '0000-00-00 00:00:00', '0000-00-00 00:00:00', '0000-00-00 00:00:00'),
(306740, 'BENGKALIS 2', 'PERAWANG', '0', 0, '0000-00-00 00:00:00', '0000-00-00 00:00:00', '0000-00-00 00:00:00'),
(306741, 'B. BUYONG', 'MAREDAN', '0', 0, '0000-00-00 00:00:00', '0000-00-00 00:00:00', '0000-00-00 00:00:00'),
(306762, 'SITI FATIMAH', 'BUNUD', '0', 0, '0000-00-00 00:00:00', '0000-00-00 00:00:00', '0000-00-00 00:00:00'),
(306763, 'PANDAWA', 'UKUI', '0', 0, '0000-00-00 00:00:00', '0000-00-00 00:00:00', '0000-00-00 00:00:00'),
(306769, 'SYAFRIJAL', 'DUMAI', '0', 0, '0000-00-00 00:00:00', '0000-00-00 00:00:00', '0000-00-00 00:00:00'),
(306775, 'LUBIS', 'TANGON', '0', 0, '0000-00-00 00:00:00', '0000-00-00 00:00:00', '0000-00-00 00:00:00'),
(306776, 'MANY', 'SURAU TINGGI', '0', 0, '0000-00-00 00:00:00', '0000-00-00 00:00:00', '0000-00-00 00:00:00'),
(306777, 'PANBER', 'RANTAU KASIH', '0', 0, '0000-00-00 00:00:00', '0000-00-00 00:00:00', '0000-00-00 00:00:00'),
(306778, 'AKBAR', 'RANTAU KASIH', '0', 0, '0000-00-00 00:00:00', '0000-00-00 00:00:00', '0000-00-00 00:00:00'),
(306779, 'SALSA', 'SIMPANG KUMU', '0', 0, '0000-00-00 00:00:00', '0000-00-00 00:00:00', '0000-00-00 00:00:00'),
(306780, 'FAREL', 'LANGGAR PAYUNG', '0', 0, '0000-00-00 00:00:00', '0000-00-00 00:00:00', '0000-00-00 00:00:00'),
(306781, 'FERI', 'PASIR P', '0', 0, '0000-00-00 00:00:00', '0000-00-00 00:00:00', '0000-00-00 00:00:00'),
(306784, 'FADIL', 'LINTAS SURAM', '0', 0, '0000-00-00 00:00:00', '0000-00-00 00:00:00', '0000-00-00 00:00:00'),
(306789, 'UNIANG', 'PETAI', '0', 0, '0000-00-00 00:00:00', '0000-00-00 00:00:00', '0000-00-00 00:00:00'),
(306813, 'ZAKAR', 'SP2', '0', 0, '0000-00-00 00:00:00', '0000-00-00 00:00:00', '0000-00-00 00:00:00'),
(306820, 'SUTOPO JAYA', 'SIMPANG KUD', '0', 0, '0000-00-00 00:00:00', '0000-00-00 00:00:00', '0000-00-00 00:00:00'),
(306821, 'ANDRE', 'SIMPANG KUD', '0', 0, '0000-00-00 00:00:00', '0000-00-00 00:00:00', '0000-00-00 00:00:00'),
(306822, 'PRAHOSHI JAYA', 'TALUK', '3593', 0, '0000-00-00 00:00:00', '0000-00-00 00:00:00', '0000-00-00 00:00:00'),
(306823, 'USAHA JAYA', 'TALUK', '0', 0, '0000-00-00 00:00:00', '0000-00-00 00:00:00', '0000-00-00 00:00:00'),
(306867, 'POLRES', 'UJG TJG', '0', 0, '0000-00-00 00:00:00', '0000-00-00 00:00:00', '0000-00-00 00:00:00'),
(306877, 'PAK KAMIS', 'BUNUD', '0', 0, '0000-00-00 00:00:00', '0000-00-00 00:00:00', '0000-00-00 00:00:00'),
(306894, 'FAJAR', 'MAREDAN', '0', 0, '0000-00-00 00:00:00', '0000-00-00 00:00:00', '0000-00-00 00:00:00'),
(306895, 'NOVA', 'PS MINGGU', '0', 0, '0000-00-00 00:00:00', '0000-00-00 00:00:00', '0000-00-00 00:00:00'),
(306896, 'LESTI', 'PS BENAI', '0', 0, '0000-00-00 00:00:00', '0000-00-00 00:00:00', '0000-00-00 00:00:00'),
(307081, 'UDIN', 'LTS TIMUR SOREK', '0', 0, '0000-00-00 00:00:00', '0000-00-00 00:00:00', '0000-00-00 00:00:00'),
(307082, 'MELVA', 'BUATAN', '0', 0, '0000-00-00 00:00:00', '0000-00-00 00:00:00', '0000-00-00 00:00:00'),
(307086, 'SWALAYAN KOTA', 'PKU', '0', 0, '0000-00-00 00:00:00', '0000-00-00 00:00:00', '0000-00-00 00:00:00'),
(307180, 'DIVA JAYA', 'DALU DALU', '0', 0, '0000-00-00 00:00:00', '0000-00-00 00:00:00', '0000-00-00 00:00:00'),
(307181, 'FAHNIA', 'PERAI', '0', 0, '0000-00-00 00:00:00', '0000-00-00 00:00:00', '0000-00-00 00:00:00'),
(307217, 'INDAH MAJU 2', 'SEI APIT', '0', 0, '0000-00-00 00:00:00', '0000-00-00 00:00:00', '0000-00-00 00:00:00'),
(307218, 'ADAM', 'KODIM PKU', '0', 0, '0000-00-00 00:00:00', '0000-00-00 00:00:00', '0000-00-00 00:00:00'),
(307230, 'GEMILANG JAYA', 'PERAWANG', '0', 0, '0000-00-00 00:00:00', '0000-00-00 00:00:00', '0000-00-00 00:00:00'),
(307231, 'RIVALDI', 'KERINCI', '0', 0, '0000-00-00 00:00:00', '0000-00-00 00:00:00', '0000-00-00 00:00:00'),
(307300, 'BRAMJAYA', 'TALUK', '0', 0, '0000-00-00 00:00:00', '0000-00-00 00:00:00', '0000-00-00 00:00:00'),
(307301, 'BENGKALIS BUYUNG', 'PERAWANG', '0', 0, '0000-00-00 00:00:00', '0000-00-00 00:00:00', '0000-00-00 00:00:00'),
(307318, 'AFDELLING 8 B', 'ZAKIY', '0', 0, '0000-00-00 00:00:00', '0000-00-00 00:00:00', '0000-00-00 00:00:00'),
(307349, 'AWI', 'T. PAL', '0', 0, '0000-00-00 00:00:00', '0000-00-00 00:00:00', '0000-00-00 00:00:00'),
(307350, 'JHONSON', 'LIPAT KAIN', '0', 0, '0000-00-00 00:00:00', '0000-00-00 00:00:00', '0000-00-00 00:00:00'),
(307363, 'BELILAS DROP', 'BELILAS', '0', 0, '0000-00-00 00:00:00', '0000-00-00 00:00:00', '0000-00-00 00:00:00');

-- --------------------------------------------------------

--
-- Table structure for table `cuti`
--

CREATE TABLE `cuti` (
  `id_cuti` int(11) NOT NULL,
  `remark_cuti` varchar(255) NOT NULL,
  `created_by` varchar(255) NOT NULL,
  `created_at` datetime NOT NULL,
  `updated_at` datetime NOT NULL,
  `deleted_at` datetime NOT NULL
) ENGINE=InnoDB DEFAULT CHARSET=utf8mb4;

--
-- Dumping data for table `cuti`
--

INSERT INTO `cuti` (`id_cuti`, `remark_cuti`, `created_by`, `created_at`, `updated_at`, `deleted_at`) VALUES
(1, 'CUTI PERNIKAHAN', 'System', '2024-01-03 07:03:47', '2024-01-03 07:03:47', '0000-00-00 00:00:00'),
(2, 'CUTI HAJI', 'System', '2024-01-03 07:05:02', '2024-01-03 07:05:02', '0000-00-00 00:00:00');

-- --------------------------------------------------------

--
-- Table structure for table `izin`
--

CREATE TABLE `izin` (
  `id_izin` int(11) NOT NULL,
  `remark_izin` varchar(255) NOT NULL,
  `created_by` varchar(255) NOT NULL,
  `created_at` datetime NOT NULL,
  `updated_at` int(11) NOT NULL,
  `deleted_at` int(11) NOT NULL
) ENGINE=InnoDB DEFAULT CHARSET=utf8mb4;

--
-- Dumping data for table `izin`
--

INSERT INTO `izin` (`id_izin`, `remark_izin`, `created_by`, `created_at`, `updated_at`, `deleted_at`) VALUES
(1, 'IZIN KELUARGA SAKIT', 'System', '2024-01-03 07:12:14', 2024, 0),
(2, 'IZIN TELAT', 'System', '2024-01-03 07:12:25', 2024, 0);

-- --------------------------------------------------------

--
-- Table structure for table `jenis_harga`
--

CREATE TABLE `jenis_harga` (
  `id_jenis_harga` int(11) NOT NULL,
  `remark_jenis_harga` varchar(255) NOT NULL,
  `created_by` int(11) NOT NULL,
  `created_at` datetime NOT NULL,
  `updated_at` datetime NOT NULL,
  `deleted_at` datetime NOT NULL
) ENGINE=InnoDB DEFAULT CHARSET=utf8mb4;

--
-- Dumping data for table `jenis_harga`
--

INSERT INTO `jenis_harga` (`id_jenis_harga`, `remark_jenis_harga`, `created_by`, `created_at`, `updated_at`, `deleted_at`) VALUES
(1, 'Extra', 34551, '2024-01-08 05:14:08', '2024-01-08 05:14:08', '0000-00-00 00:00:00'),
(2, 'Grosir', 34551, '2024-01-08 05:15:49', '2024-01-08 05:15:49', '0000-00-00 00:00:00'),
(3, 'Grosir (Extra)', 34551, '2024-01-08 05:16:12', '2024-01-08 05:16:12', '0000-00-00 00:00:00'),
(4, 'Kanvas', 34551, '2024-01-08 05:16:50', '2024-01-08 05:16:50', '0000-00-00 00:00:00'),
(5, 'Khusus', 34551, '2024-01-08 05:16:56', '2024-01-08 05:16:56', '0000-00-00 00:00:00'),
(6, 'Semi Grosir', 34551, '2024-02-01 04:47:46', '2024-02-01 04:47:46', '0000-00-00 00:00:00'),
(7, 'Semi (Extra)', 34551, '2024-02-01 04:48:34', '2024-02-01 04:48:34', '0000-00-00 00:00:00'),
(8, 'Pareto (Extra)', 34551, '2024-02-01 04:48:45', '2024-02-01 04:48:45', '0000-00-00 00:00:00');

-- --------------------------------------------------------

--
-- Table structure for table `karyawan`
--

CREATE TABLE `karyawan` (
  `id_karyawan` int(11) NOT NULL,
  `nip` varchar(19) NOT NULL,
  `nama_karyawan` varchar(255) NOT NULL,
  `nik` varchar(19) NOT NULL,
  `no_hp` int(14) NOT NULL,
  `tempat_lahir` varchar(255) NOT NULL,
  `tgl_lahir` date NOT NULL,
  `domisili` text NOT NULL,
  `jk` varchar(20) NOT NULL,
  `status` varchar(20) NOT NULL,
  `gol_darah` varchar(2) NOT NULL,
  `agama` varchar(10) NOT NULL,
  `posisi` varchar(19) NOT NULL,
  `jabatan` varchar(19) NOT NULL,
  `tamatan` varchar(19) NOT NULL,
  `instansi` varchar(28) NOT NULL,
  `jurusan` varchar(30) NOT NULL,
  `tgl_kerja` date NOT NULL,
  `lama_kerja` varchar(20) NOT NULL,
  `id_branch` int(11) NOT NULL,
  `saldo_cuti` int(11) NOT NULL,
  `status_kawin` varchar(255) NOT NULL,
  `status_pekerjaan` varchar(255) NOT NULL,
  `salary` int(15) NOT NULL,
  `tunjangan` int(15) NOT NULL,
  `tgl_selesai_kerja` date NOT NULL,
  `nilai_terakhir` int(11) NOT NULL,
  `tgl_sekolah` date NOT NULL,
  `tgl_selesai_sekolah` date NOT NULL,
  `schedule_set` varchar(255) NOT NULL,
  `id_user` int(11) NOT NULL
) ENGINE=InnoDB DEFAULT CHARSET=utf8mb4;

-- --------------------------------------------------------

--
-- Table structure for table `kas_bank`
--

CREATE TABLE `kas_bank` (
  `id_kas` int(11) NOT NULL,
  `id_sales` int(11) DEFAULT NULL,
  `id_konsumen` int(11) DEFAULT NULL,
  `id_bank` int(11) NOT NULL,
  `metode_bayar` varchar(222) DEFAULT NULL,
  `ket` varchar(222) NOT NULL,
  `id_user` int(11) NOT NULL,
  `minggu` int(11) DEFAULT NULL,
  `pergantian_minggu` int(11) DEFAULT NULL,
  `uang_kas` int(112) NOT NULL,
  `updated_at` date NOT NULL,
  `created_at` date NOT NULL,
  `deleted_at` date NOT NULL
) ENGINE=InnoDB DEFAULT CHARSET=utf8mb4;

--
-- Dumping data for table `kas_bank`
--

INSERT INTO `kas_bank` (`id_kas`, `id_sales`, `id_konsumen`, `id_bank`, `metode_bayar`, `ket`, `id_user`, `minggu`, `pergantian_minggu`, `uang_kas`, `updated_at`, `created_at`, `deleted_at`) VALUES
(2, NULL, NULL, 5, NULL, 'PENGGANTIAN', 34551, 10, 7, 68760500, '2024-03-13', '2024-03-13', '0000-00-00'),
(3, NULL, NULL, 5, NULL, 'KASBON', 34551, 19, 10, 121600000, '2024-03-13', '2024-03-13', '0000-00-00'),
(4, NULL, NULL, 5, NULL, 'TOPUP KAS KECIL', 34551, 17, 0, 113000000, '2024-03-13', '2024-03-13', '0000-00-00'),
(7, NULL, NULL, 3, NULL, 'RECEIPT OF TRADE PAYABLES', 34551, 19, NULL, 68760500, '2024-03-13', '2024-03-13', '0000-00-00');

-- --------------------------------------------------------

--
-- Table structure for table `lokasi`
--

CREATE TABLE `lokasi` (
  `id_lokasi` int(11) NOT NULL,
  `id_branch` int(11) NOT NULL,
  `nama_lokasi` varchar(255) NOT NULL,
  `maps` varchar(255) NOT NULL,
  `created_by` int(11) NOT NULL,
  `created_at` datetime NOT NULL,
  `updated_at` datetime NOT NULL,
  `deleted_at` datetime NOT NULL
) ENGINE=InnoDB DEFAULT CHARSET=utf8mb4;

--
-- Dumping data for table `lokasi`
--

INSERT INTO `lokasi` (`id_lokasi`, `id_branch`, `nama_lokasi`, `maps`, `created_by`, `created_at`, `updated_at`, `deleted_at`) VALUES
(1, 0, 'KANTOR BRM PKU', 'No49', 34551, '2024-01-02 08:13:53', '2024-01-02 08:13:53', '0000-00-00 00:00:00'),
(2, 0, 'BRM Pekanbaru', 'CCX8+5FF', 34551, '2024-01-02 08:14:25', '2024-01-02 08:14:25', '0000-00-00 00:00:00');

-- --------------------------------------------------------

--
-- Table structure for table `mutasi_bank`
--

CREATE TABLE `mutasi_bank` (
  `id_mutasi_bank` int(111) NOT NULL,
  `id_bank` int(111) NOT NULL,
  `id_branch` int(11) NOT NULL,
  `remark_mutasi_bank` varchar(255) NOT NULL,
  `biaya_mutasi_bank` int(100) NOT NULL,
  `week_mutasi_bank` int(2) NOT NULL,
  `tgl_mutasi_bank` date DEFAULT NULL,
  `created_at` date NOT NULL,
  `updated_at` date NOT NULL,
  `deleted_at` date NOT NULL,
  `user` int(11) NOT NULL,
  `approved_by` int(11) NOT NULL,
  `type_mutasi_bank` varchar(255) NOT NULL
) ENGINE=InnoDB DEFAULT CHARSET=utf8mb4;

--
-- Dumping data for table `mutasi_bank`
--

INSERT INTO `mutasi_bank` (`id_mutasi_bank`, `id_bank`, `id_branch`, `remark_mutasi_bank`, `biaya_mutasi_bank`, `week_mutasi_bank`, `tgl_mutasi_bank`, `created_at`, `updated_at`, `deleted_at`, `user`, `approved_by`, `type_mutasi_bank`) VALUES
(1, 3, 0, 'Retur', 1275000, 2, '2024-02-17', '2024-02-17', '2024-02-17', '0000-00-00', 34551, 34551, 'Uang Keluar'),
(2, 3, 0, 'Tf Salesman', 54170000, 3, '2024-02-17', '2024-02-17', '2024-02-17', '0000-00-00', 34551, 34551, 'Uang Keluar'),
(3, 3, 0, 'MUTASI HO DEV AA BAYU	', 200000000, 3, '2024-02-18', '2024-02-17', '2024-02-17', '0000-00-00', 34551, 34551, 'Mutasi HO Deviden'),
(4, 1, 0, 'MUTASI HO PENGEMBANGAN SEPT	', 2000000, 18, '0000-00-00', '2024-03-13', '2024-03-13', '0000-00-00', 34551, 34551, 'MUTASI KAS PENGEMBANGAN');

-- --------------------------------------------------------

--
-- Table structure for table `nota`
--

CREATE TABLE `nota` (
  `id_nota` int(11) NOT NULL,
  `no_nota` varchar(200) NOT NULL,
  `id_sales` int(11) NOT NULL,
  `id_partner` int(11) NOT NULL,
  `weeks` int(2) NOT NULL,
  `payment_method` varchar(255) NOT NULL,
  `total_beli` int(25) NOT NULL,
  `id_customer` int(11) NOT NULL,
  `id_branch` int(11) NOT NULL,
  `id_area` int(11) NOT NULL,
  `id_bank` int(11) NOT NULL,
  `tgl_bayar` date NOT NULL,
  `pay` int(120) DEFAULT NULL,
  `status` varchar(22) NOT NULL,
  `created_by` int(11) NOT NULL,
  `created_at` datetime NOT NULL,
  `updated_at` datetime NOT NULL,
  `deleted_at` datetime NOT NULL
) ENGINE=InnoDB DEFAULT CHARSET=utf8mb4;

--
-- Dumping data for table `nota`
--

INSERT INTO `nota` (`id_nota`, `no_nota`, `id_sales`, `id_partner`, `weeks`, `payment_method`, `total_beli`, `id_customer`, `id_branch`, `id_area`, `id_bank`, `tgl_bayar`, `pay`, `status`, `created_by`, `created_at`, `updated_at`, `deleted_at`) VALUES
(1, '2034', 1, 4000002, 0, 'CASH', 139800, 300002, 0, 5, 3, '2024-02-08', 139800, 'Lunas', 34551, '2024-02-08 10:29:50', '2024-02-22 08:36:43', '0000-00-00 00:00:00'),
(2, '2035', 2, 4000003, 0, 'CASH', 287000, 300002, 0, 5, 3, '2024-02-09', NULL, '', 34551, '2024-02-09 11:02:11', '2024-02-22 08:41:09', '0000-00-00 00:00:00');

-- --------------------------------------------------------

--
-- Table structure for table `nota_detail`
--

CREATE TABLE `nota_detail` (
  `id_nota_detail` int(11) NOT NULL,
  `id_nota` int(11) NOT NULL,
  `id_product` int(11) NOT NULL,
  `id_sales_detail` int(111) NOT NULL,
  `id_jenis_harga` int(11) NOT NULL,
  `satuan_penjualan` int(12) NOT NULL,
  `diskon_penjualan` int(12) NOT NULL,
  `created_at` datetime NOT NULL,
  `updated_at` datetime NOT NULL,
  `deleted_at` datetime NOT NULL
) ENGINE=InnoDB DEFAULT CHARSET=utf8mb4;

--
-- Dumping data for table `nota_detail`
--

INSERT INTO `nota_detail` (`id_nota_detail`, `id_nota`, `id_product`, `id_sales_detail`, `id_jenis_harga`, `satuan_penjualan`, `diskon_penjualan`, `created_at`, `updated_at`, `deleted_at`) VALUES
(1, 1, 10000000, 0, 2, 4, 20000, '2024-02-09 07:35:36', '2024-02-09 07:35:36', '0000-00-00 00:00:00'),
(2, 1, 10000000, 0, 1, 8, 1000, '2024-02-09 07:39:19', '2024-02-09 07:39:19', '0000-00-00 00:00:00'),
(3, 2, 10000000, 0, 1, 10, 2000, '2024-02-09 11:09:21', '2024-02-09 11:09:21', '0000-00-00 00:00:00'),
(4, 2, 10000000, 0, 2, 4, 2000, '2024-02-09 11:10:47', '2024-02-09 11:10:47', '0000-00-00 00:00:00');

-- --------------------------------------------------------

--
-- Table structure for table `partner`
--

CREATE TABLE `partner` (
  `id_partner` int(200) NOT NULL,
  `nik` varchar(255) NOT NULL,
  `nama_lengkap` varchar(255) NOT NULL,
  `alamat` text NOT NULL,
  `no_hp` varchar(17) NOT NULL,
  `set_karyawan` varchar(100) NOT NULL,
  `id_branch` int(11) NOT NULL,
  `created_at` date NOT NULL,
  `updated_at` date NOT NULL,
  `deleted_at` date NOT NULL
) ENGINE=InnoDB DEFAULT CHARSET=utf8mb4;

--
-- Dumping data for table `partner`
--

INSERT INTO `partner` (`id_partner`, `nik`, `nama_lengkap`, `alamat`, `no_hp`, `set_karyawan`, `id_branch`, `created_at`, `updated_at`, `deleted_at`) VALUES
(400000072, '2.041.021.021', 'OKTA', 'Pku', '0', '', 1, '0000-00-00', '0000-00-00', '0000-00-00'),
(400000073, '2.131.118.001', 'YUNAIDI', 'Pku', '0', '', 1, '0000-00-00', '0000-00-00', '0000-00-00'),
(400000074, '2.091.218.002', 'FAISAL', 'Pku', '0', '', 1, '0000-00-00', '0000-00-00', '0000-00-00'),
(400000075, '2.100.621.020', 'HIDAYAT', 'Pku', '0', '', 1, '0000-00-00', '0000-00-00', '0000-00-00'),
(400000076, '2.031.220.016', 'NOFI', 'Pku', '0', '', 0, '0000-00-00', '0000-00-00', '0000-00-00'),
(400000077, '2.250.320.008', 'RIDHO', 'Pku', '0', '', 0, '0000-00-00', '0000-00-00', '0000-00-00'),
(400000078, '2.011.220.015', 'IDRUS', 'Pku', '0', '', 0, '0000-00-00', '0000-00-00', '0000-00-00'),
(400000079, '2.300.920.004', 'HENDRA', 'Pku', '0', '', 0, '0000-00-00', '0000-00-00', '0000-00-00'),
(400000080, '2.261.020.013', 'BOBY', 'Pku', '0', '', 0, '0000-00-00', '0000-00-00', '0000-00-00'),
(400000084, '', 'JAMBI EXC', '', '', '', 0, '0000-00-00', '0000-00-00', '0000-00-00'),
(400000086, '', 'DUMAI', '', '', '', 0, '0000-00-00', '0000-00-00', '0000-00-00'),
(400000090, '', 'OFFICE PADANG', '', '', '', 0, '0000-00-00', '0000-00-00', '0000-00-00'),
(400000096, '', 'HEAD OFFICE', '', '', '', 0, '0000-00-00', '0000-00-00', '0000-00-00'),
(400000128, '2.010.316.001', 'MUHAMMAD', 'Pku', '0', '', 1, '0000-00-00', '0000-00-00', '0000-00-00'),
(400000287, '', 'BAMBANG NOTA PUTIH BARU', '', '', '', 0, '0000-00-00', '0000-00-00', '0000-00-00'),
(400000313, '2.310.123.026', 'FIRMAN', 'PKU', '0', '', 0, '0000-00-00', '0000-00-00', '0000-00-00'),
(400000332, '2.130.223.030', 'RICKY', 'PKU', '0', '', 0, '0000-00-00', '0000-00-00', '0000-00-00'),
(400000333, '2.130.223.031', 'RAFDI', 'PKU', '0', '', 0, '0000-00-00', '0000-00-00', '0000-00-00'),
(400000360, '', 'PALEMBANG', '', '', '', 0, '0000-00-00', '0000-00-00', '0000-00-00'),
(400000377, '', 'GRESIK', '', '', '', 0, '0000-00-00', '0000-00-00', '0000-00-00'),
(400000380, '2.010.323.032', 'ANDANI', 'PEKANBARU', '0', '', 1, '0000-00-00', '0000-00-00', '0000-00-00'),
(400000381, '2.010.323.031', 'JUNAIDI', 'PEKANBARU', '0', '', 0, '0000-00-00', '0000-00-00', '0000-00-00'),
(400000385, '', 'KUDUS', '', '', '', 4, '0000-00-00', '0000-00-00', '0000-00-00'),
(400000386, '', 'ADMIN', '', '', '', 0, '0000-00-00', '0000-00-00', '0000-00-00'),
(400000398, '', 'BUNGO EXC', '', '', '', 0, '0000-00-00', '0000-00-00', '0000-00-00'),
(400000399, '', 'BENGKULU', '', '', '', 0, '0000-00-00', '0000-00-00', '0000-00-00'),
(400000448, '', 'BR PADANG', '', '', '', 2, '0000-00-00', '0000-00-00', '0000-00-00'),
(400000452, '1.011.119.013', 'DERI', 'JL. SENTOT ALI BASA, RT.006, RW.000, PAYO SELINCAH, KEC. PAAL MERAH', '82371346076', '', 0, '0000-00-00', '0000-00-00', '0000-00-00');

-- --------------------------------------------------------

--
-- Table structure for table `pengeluaran_kantor`
--

CREATE TABLE `pengeluaran_kantor` (
  `id_pengeluaran_kantor` int(111) NOT NULL,
  `id_branch` int(11) NOT NULL,
  `keterangan_pengeluaran_kantor` varchar(255) NOT NULL,
  `remark_pengeluaran_kantor` varchar(255) NOT NULL,
  `biaya_pengeluaran_kantor` int(100) NOT NULL,
  `week_pengeluaran_kantor` int(2) NOT NULL,
  `tgl_pengeluaran_kantor` date NOT NULL,
  `created_at` date NOT NULL,
  `updated_at` date NOT NULL,
  `deleted_at` date NOT NULL,
  `created_by` int(11) NOT NULL,
  `approved_by` int(11) NOT NULL,
  `approved_date` datetime NOT NULL
) ENGINE=InnoDB DEFAULT CHARSET=utf8mb4;

--
-- Dumping data for table `pengeluaran_kantor`
--

INSERT INTO `pengeluaran_kantor` (`id_pengeluaran_kantor`, `id_branch`, `keterangan_pengeluaran_kantor`, `remark_pengeluaran_kantor`, `biaya_pengeluaran_kantor`, `week_pengeluaran_kantor`, `tgl_pengeluaran_kantor`, `created_at`, `updated_at`, `deleted_at`, `created_by`, `approved_by`, `approved_date`) VALUES
(2, 0, 'MBAK YULI', 'BU YULI JAN 2024	', 100000000, 18, '2024-02-16', '2024-02-16', '2024-02-16', '0000-00-00', 34551, 34551, '0000-00-00 00:00:00'),
(3, 0, 'OFFICE', 'SERVICE BM 9659 RO (ARDINAL)	', 1000000, 17, '2024-02-08', '2024-02-16', '2024-02-16', '0000-00-00', 34551, 34551, '0000-00-00 00:00:00');

-- --------------------------------------------------------

--
-- Table structure for table `price`
--

CREATE TABLE `price` (
  `id_price` int(11) NOT NULL,
  `id_branch` int(11) NOT NULL,
  `keterangan_price` varchar(225) NOT NULL,
  `tanggal_aktif` datetime NOT NULL,
  `created_by` int(11) NOT NULL,
  `created_at` datetime NOT NULL,
  `updated_at` datetime NOT NULL,
  `deleted_at` datetime NOT NULL
) ENGINE=InnoDB DEFAULT CHARSET=utf8mb4;

--
-- Dumping data for table `price`
--

INSERT INTO `price` (`id_price`, `id_branch`, `keterangan_price`, `tanggal_aktif`, `created_by`, `created_at`, `updated_at`, `deleted_at`) VALUES
(500000000, 0, 'Update Harga M BOLD', '2024-01-09 04:27:09', 34551, '2024-01-08 06:12:18', '2024-01-09 04:27:09', '0000-00-00 00:00:00');

-- --------------------------------------------------------

--
-- Table structure for table `price_detail`
--

CREATE TABLE `price_detail` (
  `id_price_detail` int(11) NOT NULL,
  `id_price` int(11) NOT NULL,
  `id_product` int(11) NOT NULL,
  `id_jenis_harga` int(11) NOT NULL,
  `harga` varchar(255) NOT NULL,
  `created_at` datetime NOT NULL,
  `updated_at` datetime NOT NULL,
  `deleted_at` datetime NOT NULL
) ENGINE=InnoDB DEFAULT CHARSET=utf8mb4;

--
-- Dumping data for table `price_detail`
--

INSERT INTO `price_detail` (`id_price_detail`, `id_price`, `id_product`, `id_jenis_harga`, `harga`, `created_at`, `updated_at`, `deleted_at`) VALUES
(1, 500000000, 0, 5, '11150', '2024-01-08 07:48:19', '2024-01-08 07:48:19', '0000-00-00 00:00:00'),
(2, 500000000, 10000000, 2, '10900', '2024-01-08 07:49:49', '2024-01-09 04:26:50', '0000-00-00 00:00:00'),
(3, 500000000, 10000000, 5, '11100', '2024-01-08 07:55:16', '2024-01-09 04:26:14', '0000-00-00 00:00:00'),
(4, 500000000, 10000002, 3, '40000', '2024-01-09 04:30:39', '2024-01-09 04:30:39', '0000-00-00 00:00:00');

-- --------------------------------------------------------

--
-- Table structure for table `product`
--

CREATE TABLE `product` (
  `id_product` int(11) NOT NULL,
  `nama_product` varchar(255) NOT NULL,
  `satuan_product` varchar(100) NOT NULL,
  `stock_product` varchar(12) NOT NULL,
  `id_supplier` int(11) NOT NULL,
  `area` int(111) NOT NULL,
  `defect` int(111) NOT NULL,
  `sample` int(111) NOT NULL,
  `id_branch` int(11) NOT NULL,
  `created_at` date NOT NULL,
  `updated_at` date NOT NULL,
  `deleted_at` date NOT NULL
) ENGINE=InnoDB DEFAULT CHARSET=utf8mb4;

--
-- Dumping data for table `product`
--

INSERT INTO `product` (`id_product`, `nama_product`, `satuan_product`, `stock_product`, `id_supplier`, `area`, `defect`, `sample`, `id_branch`, `created_at`, `updated_at`, `deleted_at`) VALUES
(10000000, 'M. BOLD', 'Bungkus', '139999', 213000000, 0, 0, 0, 1, '2023-12-18', '2023-12-18', '0000-00-00'),
(10000001, 'M. BLUE', 'Bungkus', '150000', 213000000, 0, 0, 0, 0, '2023-12-18', '2023-12-18', '0000-00-00'),
(10000002, 'BLUWISS', 'Bungkus', '120000', 213000000, 0, 0, 0, 0, '2023-12-27', '2023-12-27', '0000-00-00'),
(10000003, 'HIMA', 'Bungkus', '110000', 213000001, 0, 0, 0, 0, '2023-12-27', '2023-12-27', '0000-00-00'),
(10000004, 'M. BOLD', 'Bungkus', '139999', 213000001, 0, 0, 0, 2, '2023-12-18', '2023-12-18', '0000-00-00'),
(10000005, 'M. BOLD', 'Bungkus', '139999', 213000000, 0, 0, 0, 4, '2023-12-18', '2023-12-18', '0000-00-00');

-- --------------------------------------------------------

--
-- Table structure for table `sales`
--

CREATE TABLE `sales` (
  `id_sales` int(200) NOT NULL,
  `id_partner` int(200) NOT NULL,
  `id_asset` int(200) NOT NULL,
  `id_area` int(200) NOT NULL,
  `id_branch` int(11) NOT NULL,
  `km` int(200) NOT NULL,
  `week` varchar(2) NOT NULL,
  `tgl_do` datetime NOT NULL,
  `keterangan` text NOT NULL,
  `created_at` datetime NOT NULL,
  `updated_at` datetime NOT NULL,
  `deleted_at` datetime NOT NULL
) ENGINE=InnoDB DEFAULT CHARSET=utf8mb4;

--
-- Dumping data for table `sales`
--

INSERT INTO `sales` (`id_sales`, `id_partner`, `id_asset`, `id_area`, `id_branch`, `km`, `week`, `tgl_do`, `keterangan`, `created_at`, `updated_at`, `deleted_at`) VALUES
(1, 4000002, 50000000, 85, 0, 2000, '20', '2024-02-08 17:28:00', 'W', '2024-02-08 10:29:03', '2024-02-08 10:29:03', '0000-00-00 00:00:00'),
(2, 4000003, 50000000, 94, 0, 20000, '19', '2024-02-09 18:01:00', 'A', '2024-02-09 11:01:46', '2024-02-09 11:01:46', '0000-00-00 00:00:00');

-- --------------------------------------------------------

--
-- Table structure for table `sales_detail`
--

CREATE TABLE `sales_detail` (
  `id_sales_detail` int(111) NOT NULL,
  `id_sales` int(111) NOT NULL,
  `id_product` int(111) NOT NULL,
  `id_price_detail` int(133) NOT NULL,
  `satuan_sales_detail` int(111) NOT NULL,
  `jumlah_sales` int(123) NOT NULL,
  `created_at` datetime NOT NULL,
  `updated_at` datetime NOT NULL,
  `deleted_at` datetime NOT NULL
) ENGINE=InnoDB DEFAULT CHARSET=utf8mb4;

--
-- Dumping data for table `sales_detail`
--

INSERT INTO `sales_detail` (`id_sales_detail`, `id_sales`, `id_product`, `id_price_detail`, `satuan_sales_detail`, `jumlah_sales`, `created_at`, `updated_at`, `deleted_at`) VALUES
(1, 1, 10000001, 0, 20, 20, '2024-02-08 10:29:17', '2024-02-08 10:29:17', '0000-00-00 00:00:00'),
(2, 1, 10000000, 0, 10, 9, '2024-02-08 10:29:27', '2024-02-08 10:29:27', '0000-00-00 00:00:00'),
(3, 2, 10000000, 0, 24, 24, '2024-02-09 11:06:17', '2024-02-09 11:06:17', '0000-00-00 00:00:00'),
(4, 2, 10000001, 0, 12, 12, '2024-02-09 11:06:25', '2024-02-09 11:06:25', '0000-00-00 00:00:00'),
(5, 2, 10000003, 0, 15, 15, '2024-02-19 07:33:01', '2024-02-19 07:33:01', '0000-00-00 00:00:00');

-- --------------------------------------------------------

--
-- Table structure for table `stock`
--

CREATE TABLE `stock` (
  `id_stock` int(11) NOT NULL,
  `id_product` int(100) NOT NULL,
  `jumlah_stock` varchar(123) NOT NULL,
  `tanggal_masuk` datetime NOT NULL,
  `created_at` datetime NOT NULL,
  `updated_at` datetime NOT NULL,
  `deleted_at` datetime NOT NULL
) ENGINE=InnoDB DEFAULT CHARSET=utf8mb4;

--
-- Dumping data for table `stock`
--

INSERT INTO `stock` (`id_stock`, `id_product`, `jumlah_stock`, `tanggal_masuk`, `created_at`, `updated_at`, `deleted_at`) VALUES
(1, 10000002, '1200', '2027-12-23 08:17:35', '2023-12-27 08:17:35', '2023-12-27 08:17:35', '0000-00-00 00:00:00'),
(4, 10000000, '2000', '2027-12-23 08:28:29', '2023-12-27 08:28:29', '2023-12-27 08:28:29', '0000-00-00 00:00:00');

-- --------------------------------------------------------

--
-- Table structure for table `stock_akhir`
--

CREATE TABLE `stock_akhir` (
  `id_stock_akhir` int(111) NOT NULL,
  `id_sales` int(111) NOT NULL,
  `id_salesman` int(111) NOT NULL,
  `created_by` int(111) NOT NULL,
  `created_at` date NOT NULL,
  `updated_at` date NOT NULL,
  `deleted_at` date NOT NULL
) ENGINE=InnoDB DEFAULT CHARSET=utf8mb4;

-- --------------------------------------------------------

--
-- Table structure for table `supplier`
--

CREATE TABLE `supplier` (
  `id_supplier` int(11) NOT NULL,
  `nama_supplier` varchar(255) NOT NULL,
  `alamat_supplier` text NOT NULL,
  `no_hp_supplier` int(15) NOT NULL,
  `id_branch` int(11) NOT NULL
) ENGINE=InnoDB DEFAULT CHARSET=utf8mb4;

--
-- Dumping data for table `supplier`
--

INSERT INTO `supplier` (`id_supplier`, `nama_supplier`, `alamat_supplier`, `no_hp_supplier`, `id_branch`) VALUES
(213000001, 'TRISNO JOYO', '-', 0, 0),
(213000002, 'CENGKIR MAS', '-', 0, 0),
(213000014, 'PIRAMIDA', '-', 0, 0),
(213000015, 'RETURN TOKO', '-', 0, 0),
(213000031, 'BR JAMBI', 'JAMBI', 0, 0),
(213000038, 'RASTA', 'PEKANBARU', 0, 1),
(213000081, 'MAS BAYU', 'JAMBI', 0, 0),
(213000082, 'HEAD OFFICE', 'KUDUS', 0, 4),
(213000093, 'H. ALI', '0', 0, 0),
(213000116, 'BR PADANG', 'PADANG', 8, 2),
(213000131, 'EXC BUNGO', 'BUNGO', 8, 0),
(213000152, 'MD PKU', 'PKU', 8, 1),
(213000159, 'BR PALEMBANG', 'PALEMBANG', 0, 0),
(213000165, 'BR GRESIK', 'GRESIK', 8, 0),
(213000183, 'H ARI', '-', 0, 0),
(213000190, 'BUNGO', 'BUNGO', 8, 0);

-- --------------------------------------------------------

--
-- Table structure for table `user`
--

CREATE TABLE `user` (
  `id_user` int(11) NOT NULL,
  `username` varchar(50) NOT NULL,
  `nama_user` varchar(25) NOT NULL,
  `password_hash` varchar(191) NOT NULL,
  `level_user` varchar(20) NOT NULL,
  `status_user` tinyint(1) NOT NULL,
  `tanggal_akses` date DEFAULT NULL,
  `created_at` datetime NOT NULL,
  `updated_at` datetime NOT NULL,
  `deleted_at` datetime NOT NULL,
  `gambar` varchar(255) NOT NULL,
  `id_branch` int(11) NOT NULL
) ENGINE=InnoDB DEFAULT CHARSET=utf8mb4;

--
-- Dumping data for table `user`
--

INSERT INTO `user` (`id_user`, `username`, `nama_user`, `password_hash`, `level_user`, `status_user`, `tanggal_akses`, `created_at`, `updated_at`, `deleted_at`, `gambar`, `id_branch`) VALUES
(34544, 'coba123', 'coba12345', '$2y$10$Fm2jHOuNCINmlFaC7F.9KeKH8xzvuYwswi/JHgJ1zkZ7.cXpI.FmG', 'SPV', 1, NULL, '2022-09-06 22:18:58', '2022-09-28 03:07:05', '0000-00-00 00:00:00', '1664350570WhatsApp Image 2022-08-19 at 01.05.49 (2).jpeg', 0),
(34550, 'gudang', 'ALDO', '$2y$10$Fm2jHOuNCINmlFaC7F.9KeKH8xzvuYwswi/JHgJ1zkZ7.cXpI.FmG', 'Gudang', 1, NULL, '2022-09-06 22:18:58', '2022-09-28 03:07:05', '0000-00-00 00:00:00', '1664350570WhatsApp Image 2022-08-19 at 01.05.49 (2).jpeg', 0),
(34551, 'kaskecil', 'Mukmin', '$2y$10$Fm2jHOuNCINmlFaC7F.9KeKH8xzvuYwswi/JHgJ1zkZ7.cXpI.FmG', 'Kas Kecil', 1, NULL, '2022-09-06 22:18:58', '2022-09-28 03:07:05', '0000-00-00 00:00:00', '1664350570WhatsApp Image 2022-08-19 at 01.05.49 (2).jpeg', 1),
(34552, 'kas kecil', 'Okta', '$2y$10$Fm2jHOuNCINmlFaC7F.9KeKH8xzvuYwswi/JHgJ1zkZ7.cXpI.FmG', 'Kas Kecil', 1, NULL, '2022-09-06 22:18:58', '2022-09-28 03:07:05', '0000-00-00 00:00:00', '1664350570WhatsApp Image 2022-08-19 at 01.05.49 (2).jpeg', 2);

--
-- Indexes for dumped tables
--

--
-- Indexes for table `area`
--
ALTER TABLE `area`
  ADD PRIMARY KEY (`id_area`);

--
-- Indexes for table `asset`
--
ALTER TABLE `asset`
  ADD PRIMARY KEY (`id_asset`);

--
-- Indexes for table `bank`
--
ALTER TABLE `bank`
  ADD PRIMARY KEY (`id_bank`);

--
-- Indexes for table `barang_harga`
--
ALTER TABLE `barang_harga`
  ADD PRIMARY KEY (`id_barang_harga`);

--
-- Indexes for table `branch`
--
ALTER TABLE `branch`
  ADD PRIMARY KEY (`id_branch`);

--
-- Indexes for table `customer`
--
ALTER TABLE `customer`
  ADD PRIMARY KEY (`id_customer`);

--
-- Indexes for table `cuti`
--
ALTER TABLE `cuti`
  ADD PRIMARY KEY (`id_cuti`);

--
-- Indexes for table `izin`
--
ALTER TABLE `izin`
  ADD PRIMARY KEY (`id_izin`);

--
-- Indexes for table `jenis_harga`
--
ALTER TABLE `jenis_harga`
  ADD PRIMARY KEY (`id_jenis_harga`);

--
-- Indexes for table `karyawan`
--
ALTER TABLE `karyawan`
  ADD PRIMARY KEY (`id_karyawan`);

--
-- Indexes for table `kas_bank`
--
ALTER TABLE `kas_bank`
  ADD PRIMARY KEY (`id_kas`);

--
-- Indexes for table `lokasi`
--
ALTER TABLE `lokasi`
  ADD PRIMARY KEY (`id_lokasi`);

--
-- Indexes for table `mutasi_bank`
--
ALTER TABLE `mutasi_bank`
  ADD PRIMARY KEY (`id_mutasi_bank`);

--
-- Indexes for table `nota`
--
ALTER TABLE `nota`
  ADD PRIMARY KEY (`id_nota`);

--
-- Indexes for table `nota_detail`
--
ALTER TABLE `nota_detail`
  ADD PRIMARY KEY (`id_nota_detail`);

--
-- Indexes for table `partner`
--
ALTER TABLE `partner`
  ADD PRIMARY KEY (`id_partner`);

--
-- Indexes for table `pengeluaran_kantor`
--
ALTER TABLE `pengeluaran_kantor`
  ADD PRIMARY KEY (`id_pengeluaran_kantor`);

--
-- Indexes for table `price`
--
ALTER TABLE `price`
  ADD PRIMARY KEY (`id_price`);

--
-- Indexes for table `price_detail`
--
ALTER TABLE `price_detail`
  ADD PRIMARY KEY (`id_price_detail`);

--
-- Indexes for table `product`
--
ALTER TABLE `product`
  ADD PRIMARY KEY (`id_product`);

--
-- Indexes for table `sales`
--
ALTER TABLE `sales`
  ADD PRIMARY KEY (`id_sales`);

--
-- Indexes for table `sales_detail`
--
ALTER TABLE `sales_detail`
  ADD PRIMARY KEY (`id_sales_detail`);

--
-- Indexes for table `stock`
--
ALTER TABLE `stock`
  ADD PRIMARY KEY (`id_stock`);

--
-- Indexes for table `stock_akhir`
--
ALTER TABLE `stock_akhir`
  ADD PRIMARY KEY (`id_stock_akhir`);

--
-- Indexes for table `supplier`
--
ALTER TABLE `supplier`
  ADD PRIMARY KEY (`id_supplier`);

--
-- Indexes for table `user`
--
ALTER TABLE `user`
  ADD PRIMARY KEY (`id_user`);

--
-- AUTO_INCREMENT for dumped tables
--

--
-- AUTO_INCREMENT for table `area`
--
ALTER TABLE `area`
  MODIFY `id_area` int(100) NOT NULL AUTO_INCREMENT, AUTO_INCREMENT=277;

--
-- AUTO_INCREMENT for table `asset`
--
ALTER TABLE `asset`
  MODIFY `id_asset` int(200) NOT NULL AUTO_INCREMENT, AUTO_INCREMENT=50000406;

--
-- AUTO_INCREMENT for table `bank`
--
ALTER TABLE `bank`
  MODIFY `id_bank` int(11) NOT NULL AUTO_INCREMENT, AUTO_INCREMENT=8;

--
-- AUTO_INCREMENT for table `barang_harga`
--
ALTER TABLE `barang_harga`
  MODIFY `id_barang_harga` int(11) NOT NULL AUTO_INCREMENT, AUTO_INCREMENT=3;

--
-- AUTO_INCREMENT for table `branch`
--
ALTER TABLE `branch`
  MODIFY `id_branch` int(11) NOT NULL AUTO_INCREMENT, AUTO_INCREMENT=7;

--
-- AUTO_INCREMENT for table `customer`
--
ALTER TABLE `customer`
  MODIFY `id_customer` int(100) NOT NULL AUTO_INCREMENT, AUTO_INCREMENT=307364;

--
-- AUTO_INCREMENT for table `cuti`
--
ALTER TABLE `cuti`
  MODIFY `id_cuti` int(11) NOT NULL AUTO_INCREMENT, AUTO_INCREMENT=3;

--
-- AUTO_INCREMENT for table `izin`
--
ALTER TABLE `izin`
  MODIFY `id_izin` int(11) NOT NULL AUTO_INCREMENT, AUTO_INCREMENT=3;

--
-- AUTO_INCREMENT for table `jenis_harga`
--
ALTER TABLE `jenis_harga`
  MODIFY `id_jenis_harga` int(11) NOT NULL AUTO_INCREMENT, AUTO_INCREMENT=10;

--
-- AUTO_INCREMENT for table `karyawan`
--
ALTER TABLE `karyawan`
  MODIFY `id_karyawan` int(11) NOT NULL AUTO_INCREMENT;

--
-- AUTO_INCREMENT for table `kas_bank`
--
ALTER TABLE `kas_bank`
  MODIFY `id_kas` int(11) NOT NULL AUTO_INCREMENT, AUTO_INCREMENT=8;

--
-- AUTO_INCREMENT for table `lokasi`
--
ALTER TABLE `lokasi`
  MODIFY `id_lokasi` int(11) NOT NULL AUTO_INCREMENT, AUTO_INCREMENT=4;

--
-- AUTO_INCREMENT for table `mutasi_bank`
--
ALTER TABLE `mutasi_bank`
  MODIFY `id_mutasi_bank` int(111) NOT NULL AUTO_INCREMENT, AUTO_INCREMENT=5;

--
-- AUTO_INCREMENT for table `nota`
--
ALTER TABLE `nota`
  MODIFY `id_nota` int(11) NOT NULL AUTO_INCREMENT, AUTO_INCREMENT=3;

--
-- AUTO_INCREMENT for table `nota_detail`
--
ALTER TABLE `nota_detail`
  MODIFY `id_nota_detail` int(11) NOT NULL AUTO_INCREMENT, AUTO_INCREMENT=5;

--
-- AUTO_INCREMENT for table `partner`
--
ALTER TABLE `partner`
  MODIFY `id_partner` int(200) NOT NULL AUTO_INCREMENT, AUTO_INCREMENT=400000453;

--
-- AUTO_INCREMENT for table `pengeluaran_kantor`
--
ALTER TABLE `pengeluaran_kantor`
  MODIFY `id_pengeluaran_kantor` int(111) NOT NULL AUTO_INCREMENT, AUTO_INCREMENT=4;

--
-- AUTO_INCREMENT for table `price`
--
ALTER TABLE `price`
  MODIFY `id_price` int(11) NOT NULL AUTO_INCREMENT, AUTO_INCREMENT=500000001;

--
-- AUTO_INCREMENT for table `price_detail`
--
ALTER TABLE `price_detail`
  MODIFY `id_price_detail` int(11) NOT NULL AUTO_INCREMENT, AUTO_INCREMENT=6;

--
-- AUTO_INCREMENT for table `product`
--
ALTER TABLE `product`
  MODIFY `id_product` int(11) NOT NULL AUTO_INCREMENT, AUTO_INCREMENT=10000006;

--
-- AUTO_INCREMENT for table `sales`
--
ALTER TABLE `sales`
  MODIFY `id_sales` int(200) NOT NULL AUTO_INCREMENT, AUTO_INCREMENT=3;

--
-- AUTO_INCREMENT for table `sales_detail`
--
ALTER TABLE `sales_detail`
  MODIFY `id_sales_detail` int(111) NOT NULL AUTO_INCREMENT, AUTO_INCREMENT=6;

--
-- AUTO_INCREMENT for table `stock`
--
ALTER TABLE `stock`
  MODIFY `id_stock` int(11) NOT NULL AUTO_INCREMENT, AUTO_INCREMENT=5;

--
-- AUTO_INCREMENT for table `stock_akhir`
--
ALTER TABLE `stock_akhir`
  MODIFY `id_stock_akhir` int(111) NOT NULL AUTO_INCREMENT;

--
-- AUTO_INCREMENT for table `supplier`
--
ALTER TABLE `supplier`
  MODIFY `id_supplier` int(11) NOT NULL AUTO_INCREMENT, AUTO_INCREMENT=213000191;

--
-- AUTO_INCREMENT for table `user`
--
ALTER TABLE `user`
  MODIFY `id_user` int(11) NOT NULL AUTO_INCREMENT, AUTO_INCREMENT=34553;
COMMIT;

/*!40101 SET CHARACTER_SET_CLIENT=@OLD_CHARACTER_SET_CLIENT */;
/*!40101 SET CHARACTER_SET_RESULTS=@OLD_CHARACTER_SET_RESULTS */;
/*!40101 SET COLLATION_CONNECTION=@OLD_COLLATION_CONNECTION */;
