-- phpMyAdmin SQL Dump
-- version 5.2.1
-- https://www.phpmyadmin.net/
--
-- Host: localhost:3306
-- Waktu pembuatan: 17 Bulan Mei 2024 pada 20.30
-- Versi server: 10.6.17-MariaDB-cll-lve-log
-- Versi PHP: 8.1.28

SET SQL_MODE = "NO_AUTO_VALUE_ON_ZERO";
START TRANSACTION;
SET time_zone = "+00:00";


/*!40101 SET @OLD_CHARACTER_SET_CLIENT=@@CHARACTER_SET_CLIENT */;
/*!40101 SET @OLD_CHARACTER_SET_RESULTS=@@CHARACTER_SET_RESULTS */;
/*!40101 SET @OLD_COLLATION_CONNECTION=@@COLLATION_CONNECTION */;
/*!40101 SET NAMES utf8mb4 */;

--
-- Database: `hhdzbcdm_dev`
--

-- --------------------------------------------------------

--
-- Struktur dari tabel `nota`
--

CREATE TABLE `nota` (
  `id_nota` int(11) NOT NULL,
  `no_nota` varchar(200) NOT NULL,
  `id_sales` int(11) NOT NULL,
  `id_partner` int(11) NOT NULL,
  `weeks` int(2) NOT NULL,
  `payment_method` varchar(255) NOT NULL,
  `total_beli` int(25) NOT NULL,
  `id_customer` int(11) NOT NULL,
  `id_branch` int(11) NOT NULL,
  `id_area` int(11) NOT NULL,
  `id_bank` int(11) NOT NULL,
  `tgl_bayar` date NOT NULL,
  `pay` int(120) DEFAULT NULL,
  `status` varchar(22) NOT NULL,
  `status_closing` int(1) DEFAULT NULL,
  `created_by` int(11) NOT NULL,
  `created_at` datetime NOT NULL,
  `updated_at` datetime NOT NULL,
  `deleted_at` datetime NOT NULL
) ENGINE=InnoDB DEFAULT CHARSET=utf8mb4 COLLATE=utf8mb4_general_ci;

--
-- Dumping data untuk tabel `nota`
--

INSERT INTO `nota` (`id_nota`, `no_nota`, `id_sales`, `id_partner`, `weeks`, `payment_method`, `total_beli`, `id_customer`, `id_branch`, `id_area`, `id_bank`, `tgl_bayar`, `pay`, `status`, `status_closing`, `created_by`, `created_at`, `updated_at`, `deleted_at`) VALUES
(1, '7131', 1, 400000079, 15, 'KREDIT', 1510000, 300938, 1, 88, 1, '2023-12-28', NULL, '', NULL, 34563, '2024-04-15 22:01:52', '2024-04-15 22:01:52', '2024-04-15 22:01:52'),
(2, '8068', 1, 400000079, 15, 'KREDIT', 1585000, 301221, 1, 88, 1, '2024-02-02', NULL, '', NULL, 34563, '2024-04-15 22:01:52', '2024-04-15 22:01:52', '2024-04-15 22:01:52'),
(3, '8055', 1, 400000079, 15, 'KREDIT', 3170000, 300635, 1, 88, 1, '2024-02-02', NULL, '', NULL, 34563, '2024-04-15 22:01:52', '2024-04-15 22:01:52', '2024-04-15 22:01:52'),
(4, '2041', 1, 400000079, 15, 'KREDIT', 2377500, 307217, 1, 88, 1, '2024-02-02', NULL, '', NULL, 34563, '2024-04-15 22:01:52', '2024-04-15 22:01:52', '2024-04-15 22:01:52'),
(5, '8071', 1, 400000079, 15, 'KREDIT', 1585000, 300732, 1, 88, 1, '2024-02-10', NULL, '', NULL, 34563, '2024-04-15 22:01:52', '2024-04-15 22:01:52', '2024-04-15 22:01:52'),
(6, '8073', 1, 400000079, 15, 'KREDIT', 792500, 300733, 1, 88, 1, '2024-02-10', NULL, '', NULL, 34563, '2024-04-15 22:01:52', '2024-04-15 22:01:52', '2024-04-15 22:01:52'),
(7, '8074', 1, 400000079, 15, 'KREDIT', 1585000, 300824, 1, 88, 1, '2024-02-10', NULL, '', NULL, 34563, '2024-04-15 22:01:52', '2024-04-15 22:01:52', '2024-04-15 22:01:52'),
(8, '7576', 1, 400000079, 15, 'KREDIT', 90000000, 300733, 1, 88, 1, '2024-03-02', NULL, '', NULL, 34563, '2024-04-15 22:01:52', '2024-04-15 22:01:52', '2024-04-15 22:01:52'),
(9, '8613', 1, 400000079, 15, 'KREDIT', 1430000, 300477, 1, 88, 1, '2024-03-21', NULL, '', NULL, 34563, '2024-04-15 22:01:52', '2024-04-15 22:01:52', '2024-04-15 22:01:52'),
(10, '7131', 1, 400000079, 15, 'KREDIT', 1510000, 300938, 1, 88, 1, '2023-12-28', NULL, '', NULL, 34563, '2024-04-15 22:01:52', '2024-04-15 22:01:52', '2024-04-15 22:01:52'),
(11, '8068', 1, 400000079, 15, 'KREDIT', 1585000, 301221, 1, 88, 1, '2024-02-02', NULL, '', NULL, 34563, '2024-04-15 22:01:52', '2024-04-15 22:01:52', '2024-04-15 22:01:52'),
(12, '8055', 1, 400000079, 15, 'KREDIT', 3170000, 300635, 1, 88, 1, '2024-02-02', NULL, '', NULL, 34563, '2024-04-15 22:01:52', '2024-04-15 22:01:52', '2024-04-15 22:01:52'),
(13, '2041', 1, 400000079, 15, 'KREDIT', 2377500, 307217, 1, 88, 1, '2024-02-02', NULL, '', NULL, 34563, '2024-04-15 22:01:52', '2024-04-15 22:01:52', '2024-04-15 22:01:52'),
(14, '8071', 1, 400000079, 15, 'KREDIT', 1585000, 300732, 1, 88, 1, '2024-02-10', NULL, '', NULL, 34563, '2024-04-15 22:01:52', '2024-04-15 22:01:52', '2024-04-15 22:01:52'),
(15, '8073', 1, 400000079, 15, 'KREDIT', 792500, 300733, 1, 88, 1, '2024-02-10', NULL, '', NULL, 34563, '2024-04-15 22:01:52', '2024-04-15 22:01:52', '2024-04-15 22:01:52'),
(16, '8074', 1, 400000079, 15, 'KREDIT', 1585000, 300824, 1, 88, 1, '2024-02-10', NULL, '', NULL, 34563, '2024-04-15 22:01:52', '2024-04-15 22:01:52', '2024-04-15 22:01:52'),
(17, '7576', 1, 400000079, 15, 'KREDIT', 90000000, 300733, 1, 88, 1, '2024-03-02', NULL, '', NULL, 34563, '2024-04-15 22:01:52', '2024-04-15 22:01:52', '2024-04-15 22:01:52'),
(18, '8613', 1, 400000079, 15, 'KREDIT', 1430000, 300477, 1, 88, 1, '2024-03-21', NULL, '', NULL, 34563, '2024-04-15 22:01:52', '2024-04-15 22:01:52', '2024-04-15 22:01:52'),
(19, '2039', 2, 400000075, 15, 'KREDIT', 650000, 306739, 1, 88, 1, '2024-01-20', NULL, '', NULL, 34563, '2024-04-15 22:01:52', '2024-04-15 22:01:52', '2024-04-15 22:01:52'),
(20, '2048', 2, 400000075, 15, 'KREDIT', 27760000, 305467, 1, 88, 1, '2024-02-10', NULL, '', NULL, 34563, '2024-04-15 22:01:52', '2024-04-15 22:01:52', '2024-04-15 22:01:52'),
(21, '2044', 2, 400000075, 15, 'KREDIT', 3825000, 307318, 1, 88, 1, '2024-02-10', NULL, '', NULL, 34563, '2024-04-15 22:01:52', '2024-04-15 22:01:52', '2024-04-15 22:01:52'),
(22, '2047', 2, 400000075, 15, 'KREDIT', 3501000, 306740, 1, 88, 1, '2024-02-10', NULL, '', NULL, 34563, '2024-04-15 22:01:52', '2024-04-15 22:01:52', '2024-04-15 22:01:52'),
(23, '2050', 2, 400000075, 15, 'KREDIT', 3170000, 307301, 1, 88, 1, '2024-02-22', NULL, '', NULL, 34563, '2024-04-15 22:01:52', '2024-04-15 22:01:52', '2024-04-15 22:01:52'),
(24, '8451', 2, 400000075, 15, 'KREDIT', 3000000, 300734, 1, 88, 1, '2024-03-02', NULL, '', NULL, 34563, '2024-04-15 22:01:52', '2024-04-15 22:01:52', '2024-04-15 22:01:52'),
(25, '8453', 2, 400000075, 15, 'KREDIT', 2260000, 305675, 1, 88, 1, '2024-03-08', NULL, '', NULL, 34563, '2024-04-15 22:01:52', '2024-04-15 22:01:52', '2024-04-15 22:01:52'),
(26, '8452', 2, 400000075, 15, 'KREDIT', 3570000, 305805, 1, 88, 1, '2024-03-08', NULL, '', NULL, 34563, '2024-04-15 22:01:52', '2024-04-15 22:01:52', '2024-04-15 22:01:52'),
(27, '8456', 2, 400000075, 15, 'KREDIT', 1585000, 301297, 1, 88, 1, '2024-03-23', NULL, '', NULL, 34563, '2024-04-15 22:01:52', '2024-04-15 22:01:52', '2024-04-15 22:01:52'),
(28, '7201', 3, 400000074, 15, 'KREDIT', 113380000, 301308, 1, 90, 1, '2023-12-21', NULL, '', NULL, 34563, '2024-04-15 22:01:52', '2024-04-15 22:01:52', '2024-04-15 22:01:52'),
(29, '8215', 3, 400000074, 15, 'KREDIT', 90000000, 303167, 1, 90, 1, '2024-03-02', NULL, '', NULL, 34563, '2024-04-15 22:01:52', '2024-04-15 22:01:52', '2024-04-15 22:01:52'),
(30, '2586', 4, 400000078, 15, 'KREDIT', 1275000, 303648, 1, 84, 1, '2023-11-11', NULL, '', NULL, 34563, '2024-04-15 22:01:52', '2024-04-15 22:01:52', '2024-04-15 22:01:52'),
(31, '2594', 4, 400000078, 15, 'KREDIT', 2550000, 306728, 1, 84, 1, '2023-11-11', NULL, '', NULL, 34563, '2024-04-15 22:01:52', '2024-04-15 22:01:52', '2024-04-15 22:01:52'),
(32, '2596', 4, 400000078, 15, 'KREDIT', 765000, 300273, 1, 84, 1, '2023-11-11', NULL, '', NULL, 34563, '2024-04-15 22:01:52', '2024-04-15 22:01:52', '2024-04-15 22:01:52'),
(33, '2600', 4, 400000078, 15, 'KREDIT', 382500, 301325, 1, 84, 1, '2023-11-11', NULL, '', NULL, 34563, '2024-04-15 22:01:52', '2024-04-15 22:01:52', '2024-04-15 22:01:52'),
(34, '7233', 4, 400000078, 15, 'KREDIT', 5477500, 300057, 1, 84, 1, '2023-12-08', NULL, '', NULL, 34563, '2024-04-15 22:01:52', '2024-04-15 22:01:52', '2024-04-15 22:01:52'),
(35, '7346', 4, 400000078, 15, 'KREDIT', 4135000, 300605, 1, 84, 1, '2024-02-02', NULL, '', NULL, 34563, '2024-04-15 22:01:52', '2024-04-15 22:01:52', '2024-04-15 22:01:52'),
(36, '8652', 4, 400000078, 15, 'KREDIT', 59480000, 300082, 1, 84, 1, '2024-03-20', NULL, '', NULL, 34563, '2024-04-15 22:01:52', '2024-04-15 22:01:52', '2024-04-15 22:01:52'),
(37, '8653', 4, 400000078, 15, 'KREDIT', 12530000, 300606, 1, 84, 1, '2024-03-20', NULL, '', NULL, 34563, '2024-04-15 22:01:52', '2024-04-15 22:01:52', '2024-04-15 22:01:52'),
(38, '0002', 5, 400000080, 15, 'KREDIT', 392500, 307086, 1, 93, 1, '2023-12-09', NULL, '', NULL, 34563, '2024-04-15 22:01:52', '2024-04-15 22:01:52', '2024-04-15 22:01:52'),
(39, '2234', 6, 400000073, 15, 'KREDIT', 2550000, 306713, 1, 92, 1, '2023-11-10', NULL, '', NULL, 34563, '2024-04-15 22:01:52', '2024-04-15 22:01:52', '2024-04-15 22:01:52'),
(40, '3071', 6, 400000073, 15, 'KREDIT', 3170000, 300765, 1, 92, 1, '2024-03-29', NULL, '', NULL, 34563, '2024-04-15 22:01:52', '2024-04-15 22:01:52', '2024-04-15 22:01:52'),
(41, '2208', 7, 400000073, 15, 'KREDIT', 2550000, 300861, 1, 94, 1, '2023-11-10', NULL, '', NULL, 34563, '2024-04-15 22:01:52', '2024-04-15 22:01:52', '2024-04-15 22:01:52'),
(42, '7417', 7, 400000073, 15, 'KREDIT', 3825000, 300622, 1, 94, 1, '2024-02-10', NULL, '', NULL, 34563, '2024-04-15 22:01:52', '2024-04-15 22:01:52', '2024-04-15 22:01:52'),
(43, '7414', 7, 400000073, 15, 'KREDIT', 1275000, 300919, 1, 94, 1, '2024-02-10', NULL, '', NULL, 34563, '2024-04-15 22:01:52', '2024-04-15 22:01:52', '2024-04-15 22:01:52'),
(44, '7448', 7, 400000073, 15, 'KREDIT', 2550000, 300140, 1, 94, 1, '2024-02-24', NULL, '', NULL, 34563, '2024-04-15 22:01:52', '2024-04-15 22:01:52', '2024-04-15 22:01:52'),
(45, '7444', 7, 400000073, 15, 'KREDIT', 2550000, 300622, 1, 94, 1, '2024-02-24', NULL, '', NULL, 34563, '2024-04-15 22:01:52', '2024-04-15 22:01:52', '2024-04-15 22:01:52'),
(46, '7442', 7, 400000073, 15, 'KREDIT', 1275000, 300867, 1, 94, 1, '2024-02-24', NULL, '', NULL, 34563, '2024-04-15 22:01:52', '2024-04-15 22:01:52', '2024-04-15 22:01:52'),
(47, '7581', 7, 400000073, 15, 'KREDIT', 90000000, 300217, 1, 94, 1, '2024-03-03', NULL, '', NULL, 34563, '2024-04-15 22:01:52', '2024-04-15 22:01:52', '2024-04-15 22:01:52'),
(48, '8354', 7, 400000073, 15, 'KREDIT', 1275000, 300139, 1, 94, 1, '2024-03-03', NULL, '', NULL, 34563, '2024-04-15 22:01:52', '2024-04-15 22:01:52', '2024-04-15 22:01:52'),
(49, '8379', 7, 400000073, 15, 'KREDIT', 1275000, 300985, 1, 94, 1, '2024-03-21', NULL, '', NULL, 34563, '2024-04-15 22:01:52', '2024-04-15 22:01:52', '2024-04-15 22:01:52'),
(50, '3078', 7, 400000073, 15, 'KREDIT', 3170000, 300622, 1, 94, 1, '2024-03-29', NULL, '', NULL, 34563, '2024-04-15 22:01:52', '2024-04-15 22:01:52', '2024-04-15 22:01:52'),
(51, '3051', 7, 400000073, 15, 'KREDIT', 4135000, 300852, 1, 94, 1, '2024-03-29', NULL, '', NULL, 34563, '2024-04-15 22:01:52', '2024-04-15 22:01:52', '2024-04-15 22:01:52'),
(52, '3077', 7, 400000073, 15, 'KREDIT', 1585000, 300919, 1, 94, 1, '2024-03-29', NULL, '', NULL, 34563, '2024-04-15 22:01:52', '2024-04-15 22:01:52', '2024-04-15 22:01:52'),
(53, '3068', 7, 400000073, 15, 'KREDIT', 1585000, 301006, 1, 94, 1, '2024-03-29', NULL, '', NULL, 34563, '2024-04-15 22:01:52', '2024-04-15 22:01:52', '2024-04-15 22:01:52'),
(54, '3066', 7, 400000073, 15, 'KREDIT', 1585000, 300860, 1, 94, 1, '2024-03-29', NULL, '', NULL, 34563, '2024-04-15 22:01:52', '2024-04-15 22:01:52', '2024-04-15 22:01:52'),
(55, '3055', 7, 400000073, 15, 'KREDIT', 1585000, 300616, 1, 94, 1, '2024-03-29', NULL, '', NULL, 34563, '2024-04-15 22:01:52', '2024-04-15 22:01:52', '2024-04-15 22:01:52'),
(56, '3063', 7, 400000073, 15, 'KREDIT', 1430000, 300678, 1, 94, 1, '2024-03-29', NULL, '', NULL, 34563, '2024-04-15 22:01:52', '2024-04-15 22:01:52', '2024-04-15 22:01:52'),
(57, '3079', 7, 400000073, 15, 'KREDIT', 1585000, 300858, 1, 94, 1, '2024-03-29', NULL, '', NULL, 34563, '2024-04-15 22:01:52', '2024-04-15 22:01:52', '2024-04-15 22:01:52'),
(58, '3089', 7, 400000073, 15, 'KREDIT', 67200000, 300057, 1, 94, 1, '2024-04-05', 67200000, 'Lunas', NULL, 34563, '2024-04-15 22:01:52', '2024-04-23 13:54:01', '2024-04-15 22:01:52'),
(59, '3574', 8, 400000072, 15, 'KREDIT', 1300000, 300502, 1, 89, 1, '2023-11-11', NULL, '', NULL, 34563, '2024-04-15 22:01:52', '2024-04-15 22:01:52', '2024-04-15 22:01:52'),
(60, '3582', 8, 400000072, 15, 'KREDIT', 520000, 302128, 1, 89, 1, '2023-11-11', NULL, '', NULL, 34563, '2024-04-15 22:01:52', '2024-04-15 22:01:52', '2024-04-15 22:01:52'),
(61, '3585', 8, 400000072, 15, 'KREDIT', 2610000, 305220, 1, 89, 1, '2023-11-18', NULL, '', NULL, 34563, '2024-04-15 22:01:52', '2024-04-15 22:01:52', '2024-04-15 22:01:52'),
(62, '3589', 8, 400000072, 15, 'KREDIT', 780000, 302179, 1, 89, 1, '2023-11-25', NULL, '', NULL, 34563, '2024-04-15 22:01:52', '2024-04-15 22:01:52', '2024-04-15 22:01:52'),
(63, '3593', 8, 400000072, 15, 'KREDIT', 260000, 306822, 1, 89, 1, '2023-11-25', NULL, '', NULL, 34563, '2024-04-15 22:01:52', '2024-04-15 22:01:52', '2024-04-15 22:01:52'),
(64, '3591', 8, 400000072, 15, 'KREDIT', 390000, 302240, 1, 89, 1, '2023-11-25', NULL, '', NULL, 34563, '2024-04-15 22:01:52', '2024-04-15 22:01:52', '2024-04-15 22:01:52'),
(65, '3594', 8, 400000072, 15, 'KREDIT', 1830000, 300908, 1, 89, 1, '2023-12-02', NULL, '', NULL, 34563, '2024-04-15 22:01:52', '2024-04-15 22:01:52', '2024-04-15 22:01:52'),
(66, '2953', 8, 400000072, 15, 'KREDIT', 2465000, 305846, 1, 89, 1, '2023-12-23', NULL, '', NULL, 34563, '2024-04-15 22:01:52', '2024-04-15 22:01:52', '2024-04-15 22:01:52'),
(67, '2962', 8, 400000072, 15, 'KREDIT', 15960000, 301067, 1, 89, 1, '2023-12-29', NULL, '', NULL, 34563, '2024-04-15 22:01:52', '2024-04-15 22:01:52', '2024-04-15 22:01:52'),
(68, '2966', 8, 400000072, 15, 'KREDIT', 3405000, 300316, 1, 89, 1, '2023-12-29', NULL, '', NULL, 34563, '2024-04-15 22:01:52', '2024-04-15 22:01:52', '2024-04-15 22:01:52'),
(69, '2982', 8, 400000072, 15, 'KREDIT', 1140000, 300184, 1, 89, 1, '2024-02-03', NULL, '', NULL, 34563, '2024-04-15 22:01:52', '2024-04-15 22:01:52', '2024-04-15 22:01:52'),
(70, '2987', 8, 400000072, 15, 'KREDIT', 7550000, 300707, 1, 89, 1, '2024-02-09', NULL, '', NULL, 34563, '2024-04-15 22:01:52', '2024-04-15 22:01:52', '2024-04-15 22:01:52'),
(71, '2988', 8, 400000072, 15, 'KREDIT', 650000, 300794, 1, 89, 1, '2024-02-23', NULL, '', NULL, 34563, '2024-04-15 22:01:52', '2024-04-15 22:01:52', '2024-04-15 22:01:52'),
(72, '2995', 8, 400000072, 15, 'KREDIT', 7650000, 300808, 1, 89, 1, '2024-03-02', NULL, '', NULL, 34563, '2024-04-15 22:01:52', '2024-04-15 22:01:52', '2024-04-15 22:01:52'),
(73, '2997', 8, 400000072, 15, 'KREDIT', 2340000, 305847, 1, 89, 1, '2024-03-02', NULL, '', NULL, 34563, '2024-04-15 22:01:52', '2024-04-15 22:01:52', '2024-04-15 22:01:52'),
(74, '2998', 8, 400000072, 15, 'KREDIT', 1170000, 300945, 1, 89, 1, '2024-03-02', NULL, '', NULL, 34563, '2024-04-15 22:01:52', '2024-04-15 22:01:52', '2024-04-15 22:01:52'),
(75, '2999', 8, 400000072, 15, 'KREDIT', 475500, 300677, 1, 89, 1, '2024-03-02', NULL, '', NULL, 34563, '2024-04-15 22:01:52', '2024-04-15 22:01:52', '2024-04-15 22:01:52'),
(76, '8551', 8, 400000072, 15, 'KREDIT', 5000000, 306896, 1, 89, 1, '2024-03-09', NULL, '', NULL, 34563, '2024-04-15 22:01:52', '2024-04-15 22:01:52', '2024-04-15 22:01:52'),
(77, '8554', 8, 400000072, 15, 'KREDIT', 390000, 304802, 1, 89, 1, '2024-03-09', NULL, '', NULL, 34563, '2024-04-15 22:01:52', '2024-04-15 22:01:52', '2024-04-15 22:01:52'),
(78, '8555', 8, 400000072, 15, 'KREDIT', 5700000, 300926, 1, 89, 1, '2024-03-23', NULL, '', NULL, 34563, '2024-04-15 22:01:52', '2024-04-15 22:01:52', '2024-04-15 22:01:52'),
(79, '8556', 8, 400000072, 15, 'KREDIT', 5670000, 300658, 1, 89, 1, '2024-03-23', NULL, '', NULL, 34563, '2024-04-15 22:01:52', '2024-04-15 22:01:52', '2024-04-15 22:01:52'),
(80, '8558', 8, 400000072, 15, 'KREDIT', 2340000, 305848, 1, 89, 1, '2024-03-23', NULL, '', NULL, 34563, '2024-04-15 22:01:52', '2024-04-15 22:01:52', '2024-04-15 22:01:52'),
(81, '8559', 8, 400000072, 15, 'KREDIT', 2550000, 306789, 1, 89, 1, '2024-03-23', NULL, '', NULL, 34563, '2024-04-15 22:01:52', '2024-04-15 22:01:52', '2024-04-15 22:01:52'),
(82, '8560', 8, 400000072, 15, 'KREDIT', 1140000, 303569, 1, 89, 1, '2024-03-23', NULL, '', NULL, 34563, '2024-04-15 22:01:52', '2024-04-15 22:01:52', '2024-04-15 22:01:52'),
(83, '8561', 8, 400000072, 15, 'KREDIT', 2550000, 300502, 1, 89, 1, '2024-03-23', NULL, '', NULL, 34563, '2024-04-15 22:01:52', '2024-04-15 22:01:52', '2024-04-15 22:01:52'),
(84, '8562', 8, 400000072, 15, 'KREDIT', 9360000, 300950, 1, 89, 1, '2024-03-23', NULL, '', NULL, 34563, '2024-04-15 22:01:52', '2024-04-15 22:01:52', '2024-04-15 22:01:52'),
(85, '8563', 8, 400000072, 15, 'KREDIT', 5000000, 307427, 1, 89, 1, '2024-03-23', NULL, '', NULL, 34563, '2024-04-15 22:01:52', '2024-04-15 22:01:52', '2024-04-15 22:01:52'),
(86, '8565', 8, 400000072, 15, 'KREDIT', 11640000, 300809, 1, 89, 1, '2024-03-30', NULL, '', NULL, 34563, '2024-04-15 22:01:52', '2024-04-15 22:01:52', '2024-04-15 22:01:52'),
(87, '8566', 8, 400000072, 15, 'KREDIT', 3450000, 307350, 1, 89, 1, '2024-03-30', NULL, '', NULL, 34563, '2024-04-15 22:01:52', '2024-04-15 22:01:52', '2024-04-15 22:01:52'),
(88, '7221', 9, 400000077, 15, 'KREDIT', 6820000, 303078, 1, 91, 1, '2024-01-19', NULL, '', NULL, 34563, '2024-04-15 22:01:52', '2024-04-15 22:01:52', '2024-04-15 22:01:52'),
(89, '7214', 9, 400000077, 15, 'KREDIT', 3520000, 301376, 1, 91, 1, '2024-01-19', NULL, '', NULL, 34563, '2024-04-15 22:01:52', '2024-04-15 22:01:52', '2024-04-15 22:01:52'),
(90, '7236', 9, 400000077, 15, 'KREDIT', 2280000, 301074, 1, 91, 1, '2024-02-03', NULL, '', NULL, 34563, '2024-04-15 22:01:52', '2024-04-15 22:01:52', '2024-04-15 22:01:52'),
(91, '7235', 9, 400000077, 15, 'KREDIT', 475500, 301345, 1, 91, 1, '2024-02-03', NULL, '', NULL, 34563, '2024-04-15 22:01:52', '2024-04-15 22:01:52', '2024-04-15 22:01:52'),
(92, '7570', 9, 400000077, 15, 'KREDIT', 2310000, 300667, 1, 91, 1, '2024-02-09', NULL, '', NULL, 34563, '2024-04-15 22:01:52', '2024-04-15 22:01:52', '2024-04-15 22:01:52'),
(93, '7571', 9, 400000077, 15, 'KREDIT', 7020000, 300692, 1, 91, 1, '2024-02-09', NULL, '', NULL, 34563, '2024-04-15 22:01:52', '2024-04-15 22:01:52', '2024-04-15 22:01:52'),
(94, '8404', 9, 400000077, 15, 'KREDIT', 5850000, 302463, 1, 91, 1, '2024-03-02', NULL, '', NULL, 34563, '2024-04-15 22:01:52', '2024-04-15 22:01:52', '2024-04-15 22:01:52'),
(95, '8415', 9, 400000077, 15, 'KREDIT', 60000000, 300686, 1, 91, 1, '2024-03-02', NULL, '', NULL, 34563, '2024-04-15 22:01:52', '2024-04-15 22:01:52', '2024-04-15 22:01:52'),
(96, '8419', 9, 400000077, 15, 'KREDIT', 18720000, 300705, 1, 91, 1, '2024-03-21', NULL, '', NULL, 34563, '2024-04-15 22:01:52', '2024-04-15 22:01:52', '2024-04-15 22:01:52'),
(97, '8416', 9, 400000077, 15, 'KREDIT', 2550000, 306708, 1, 91, 1, '2024-03-21', NULL, '', NULL, 34563, '2024-04-15 22:01:52', '2024-04-15 22:01:52', '2024-04-15 22:01:52'),
(98, '8420', 9, 400000077, 15, 'KREDIT', 18870000, 300217, 1, 91, 1, '2024-03-21', NULL, '', NULL, 34563, '2024-04-15 22:01:52', '2024-04-15 22:01:52', '2024-04-15 22:01:52'),
(99, '8427', 9, 400000077, 15, 'KREDIT', 18480000, 300114, 1, 91, 1, '2024-03-28', NULL, '', NULL, 34563, '2024-04-15 22:01:52', '2024-04-15 22:01:52', '2024-04-15 22:01:52'),
(100, '7562', 9, 400000077, 15, 'KREDIT', 1135000, 301114, 1, 91, 1, '2024-01-11', NULL, '', NULL, 34563, '2024-04-15 22:01:52', '2024-04-15 22:01:52', '2024-04-15 22:01:52'),
(101, '7225', 9, 400000077, 15, 'KREDIT', 1275000, 300692, 1, 91, 1, '2024-01-26', NULL, '', NULL, 34563, '2024-04-15 22:01:52', '2024-04-15 22:01:52', '2024-04-15 22:01:52'),
(102, '3089', 9, 400000077, 15, 'KREDIT', 67200000, 300057, 1, 91, 1, '2024-04-05', 67200000, 'Lunas', NULL, 34563, '2024-04-15 22:01:52', '2024-04-23 13:54:26', '2024-04-15 22:01:52'),
(103, '8159', 10, 400000076, 15, 'KREDIT', 792500, 300621, 1, 87, 1, '2024-02-08', NULL, '', NULL, 34563, '2024-04-15 22:01:52', '2024-04-15 22:01:52', '2024-04-15 22:01:52'),
(104, '8158', 10, 400000076, 15, 'KREDIT', 1585000, 300620, 1, 87, 1, '2024-02-08', NULL, '', NULL, 34563, '2024-04-15 22:01:52', '2024-04-15 22:01:52', '2024-04-15 22:01:52'),
(105, '8155', 10, 400000076, 15, 'KREDIT', 1585000, 300021, 1, 87, 1, '2024-02-07', NULL, '', NULL, 34563, '2024-04-15 22:01:52', '2024-04-15 22:01:52', '2024-04-15 22:01:52'),
(106, '8152', 10, 400000076, 15, 'KREDIT', 1585000, 300622, 1, 87, 1, '2024-02-06', NULL, '', NULL, 34563, '2024-04-15 22:01:52', '2024-04-15 22:01:52', '2024-04-15 22:01:52'),
(107, '8151', 10, 400000076, 15, 'KREDIT', 792500, 300624, 1, 87, 1, '2024-02-06', NULL, '', NULL, 34563, '2024-04-15 22:01:52', '2024-04-15 22:01:52', '2024-04-15 22:01:52'),
(108, '7253', 10, 400000076, 15, 'KREDIT', 637500, 300623, 1, 87, 1, '2024-01-09', NULL, '', NULL, 34563, '2024-04-15 22:01:52', '2024-04-15 22:01:52', '2024-04-15 22:01:52'),
(109, '8305', 10, 400000076, 15, 'KREDIT', 1585000, 300740, 1, 87, 1, '2024-03-16', NULL, '', NULL, 34563, '2024-04-15 22:01:52', '2024-04-15 22:01:52', '2024-04-15 22:01:52'),
(110, '7749', 10, 400000076, 15, 'KREDIT', 90000000, 300967, 1, 87, 1, '2024-03-02', NULL, '', NULL, 34563, '2024-04-15 22:01:52', '2024-04-15 22:01:52', '2024-04-15 22:01:52'),
(111, '2554', 11, 400000078, 15, 'KREDIT', 2550000, 300897, 1, 85, 1, '2023-11-11', 1530000, '', NULL, 34563, '2024-04-15 22:01:52', '2024-04-22 12:10:21', '2024-04-15 22:01:52'),
(112, '2557', 11, 400000078, 15, 'KREDIT', 1275000, 300758, 1, 85, 1, '2023-11-11', NULL, '', NULL, 34563, '2024-04-15 22:01:52', '2024-04-15 22:01:52', '2024-04-15 22:01:52'),
(113, '3297', 11, 400000078, 15, 'KREDIT', 510000, 306877, 1, 85, 1, '2023-12-01', NULL, '', NULL, 34563, '2024-04-15 22:01:52', '2024-04-15 22:01:52', '2024-04-15 22:01:52'),
(114, '7072', 11, 400000078, 15, 'KREDIT', 88725000, 300756, 1, 85, 1, '2024-03-02', 0, '', NULL, 34563, '2024-04-15 22:01:52', '2024-04-28 16:53:27', '2024-04-15 22:01:52'),
(115, '8133', 11, 400000078, 15, 'KREDIT', 46800000, 300610, 1, 85, 1, '2024-03-02', 46800000, 'Lunas', NULL, 34563, '2024-04-15 22:01:52', '2024-04-22 12:11:17', '2024-04-15 22:01:52'),
(116, '8651', 11, 400000078, 15, 'KREDIT', 58335000, 300611, 1, 85, 1, '2024-03-20', 0, '', NULL, 34563, '2024-04-15 22:01:52', '2024-04-23 21:34:57', '2024-04-15 22:01:52'),
(117, '8668', 11, 400000078, 15, 'KREDIT', 18720000, 300769, 1, 85, 1, '2024-03-29', NULL, '', NULL, 34563, '2024-04-15 22:01:52', '2024-04-15 22:01:52', '2024-04-15 22:01:52'),
(118, '8133', 11, 400000078, 15, 'KREDIT', 1275000, 306723, 1, 85, 1, '2024-03-02', 1000000, '', NULL, 34563, '2024-04-15 22:01:52', '2024-05-06 14:13:20', '2024-04-15 22:01:52'),
(119, '8686', 11, 400000078, 15, 'KREDIT', 28080000, 300608, 1, 85, 1, '2024-04-02', 27080000, 'Lunas', NULL, 34563, '2024-04-15 22:01:52', '2024-04-30 07:07:56', '2024-04-15 22:01:52'),
(120, '2404291', 15, 400000078, 0, 'CASH', 13470000, 300610, 1, 85, 3, '2024-04-30', 13470000, 'Lunas', NULL, 34563, '2024-04-30 07:13:03', '2024-04-30 07:13:34', '0000-00-00 00:00:00'),
(121, '2404292', 15, 400000078, 0, 'KREDIT', 5610000, 300756, 1, 85, 3, '2024-04-30', 4610000, '', NULL, 34563, '2024-04-30 07:13:55', '2024-04-30 07:15:14', '0000-00-00 00:00:00'),
(122, '2430', 16, 400000078, 0, 'CASH', 22500000, 300756, 1, 85, 3, '2024-04-30', 22500000, 'Lunas', NULL, 34563, '2024-04-30 09:35:41', '2024-04-30 09:37:42', '0000-00-00 00:00:00'),
(123, '2431', 16, 400000078, 0, 'KREDIT', 50375000, 300753, 1, 85, 3, '2024-04-30', 50375000, 'Lunas', NULL, 34563, '2024-04-30 09:38:46', '2024-04-30 09:50:31', '0000-00-00 00:00:00'),
(124, '8890', 17, 400000452, 0, 'CASH', 413000000, 300605, 1, 85, 3, '2024-05-06', 413000000, 'Lunas', NULL, 34578, '2024-05-06 15:00:07', '2024-05-06 15:01:02', '0000-00-00 00:00:00'),
(125, '8891', 17, 400000452, 0, 'KREDIT', 53750000, 300606, 1, 85, 3, '2024-05-06', NULL, '', NULL, 34578, '2024-05-06 15:01:21', '2024-05-06 15:01:28', '0000-00-00 00:00:00'),
(126, '9554', 20, 400000074, 0, 'CASH', 45400000, 300605, 1, 90, 3, '2024-05-07', 45400000, 'Lunas', NULL, 34582, '2024-05-07 13:39:18', '2024-05-07 13:40:43', '0000-00-00 00:00:00'),
(127, '9945', 20, 400000074, 0, 'KREDIT', 0, 300607, 1, 90, 3, '2024-05-07', 0, 'Lunas', NULL, 34563, '2024-05-07 13:49:04', '2024-05-07 13:51:22', '0000-00-00 00:00:00'),
(128, '22222', 20, 400000074, 0, 'CASH', 0, 300609, 1, 90, 3, '2024-05-07', 0, 'Lunas', NULL, 34563, '2024-05-07 14:03:35', '2024-05-07 14:03:43', '0000-00-00 00:00:00'),
(129, '9945', 21, 400000380, 0, 'CASH', 275250000, 300606, 1, 87, 3, '2024-05-07', 275250000, 'Lunas', NULL, 34563, '2024-05-07 14:05:14', '2024-05-07 14:05:27', '0000-00-00 00:00:00'),
(130, '7777', 22, 400000386, 0, 'CASH', 10000, 300611, 1, 99, 93, '2024-05-07', 10000, 'Lunas', NULL, 34578, '2024-05-07 21:16:32', '2024-05-07 21:16:32', '0000-00-00 00:00:00'),
(131, '8876', 23, 400000128, 0, 'KREDIT', 9600, 307640, 1, 93, 93, '2024-05-08', 0, '', NULL, 34563, '2024-05-08 12:39:44', '2024-05-08 12:39:44', '0000-00-00 00:00:00'),
(132, '8876', 24, 400000128, 0, 'KREDIT', 7104000, 307640, 1, 93, 93, '2024-05-08', 0, '', 1, 34563, '2024-05-08 12:42:56', '2024-05-11 13:08:22', '0000-00-00 00:00:00'),
(133, '2039', 25, 400000075, 0, 'KREDIT', 650000, 306739, 1, 88, 93, '2024-01-20', 0, '', 1, 34583, '2024-05-08 13:18:52', '2024-05-11 13:08:22', '0000-00-00 00:00:00'),
(134, '2044', 25, 400000075, 0, 'KREDIT', 3825000, 307318, 1, 88, 93, '2024-02-10', 0, '', 1, 34583, '2024-05-08 13:24:02', '2024-05-11 13:08:22', '0000-00-00 00:00:00'),
(135, '8728', 26, 400000073, 0, 'KREDIT', 1275000, 306713, 1, 92, 93, '2024-04-24', 0, '', 1, 34582, '2024-05-08 15:55:59', '2024-05-11 13:08:22', '0000-00-00 00:00:00'),
(136, '3071', 26, 400000073, 0, 'KREDIT', 3170000, 300765, 1, 92, 93, '2024-03-29', 0, '', 1, 34582, '2024-05-08 15:56:44', '2024-05-11 13:08:22', '0000-00-00 00:00:00'),
(137, '2047', 25, 400000075, 0, 'KREDIT', 3501000, 306740, 1, 88, 93, '2024-02-10', 0, '', 1, 34563, '2024-05-09 14:34:17', '2024-05-11 13:08:22', '0000-00-00 00:00:00'),
(138, '8459', 25, 400000075, 0, 'KREDIT', 1245000, 305675, 1, 88, 93, '2024-01-05', 0, '', 1, 34563, '2024-05-09 14:35:16', '2024-05-11 13:08:22', '0000-00-00 00:00:00'),
(139, '8452', 25, 400000075, 0, 'KREDIT', 3570000, 306269, 1, 88, 93, '2024-08-03', 0, '', 1, 34563, '2024-05-09 14:36:10', '2024-05-11 13:08:22', '0000-00-00 00:00:00'),
(140, '8456', 25, 400000075, 0, 'KREDIT', 1585000, 307349, 1, 88, 93, '2024-03-23', 0, '', 1, 34563, '2024-05-09 14:37:37', '2024-05-11 13:08:22', '0000-00-00 00:00:00'),
(141, '8458', 25, 400000075, 0, 'KREDIT', 23400000, 305467, 1, 88, 93, '2024-03-23', 0, '', 1, 34563, '2024-05-09 14:38:16', '2024-05-11 13:08:22', '0000-00-00 00:00:00'),
(142, '2050', 25, 400000075, 0, 'KREDIT', 3170000, 307301, 1, 88, 93, '2024-02-22', 0, '', 1, 34563, '2024-05-09 14:39:33', '2024-05-11 13:08:22', '0000-00-00 00:00:00'),
(143, '8215', 27, 400000074, 0, 'KREDIT', 90000000, 303167, 1, 90, 93, '2024-03-02', 0, '', 1, 34563, '2024-05-09 14:45:18', '2024-05-11 13:08:22', '0000-00-00 00:00:00'),
(144, '0002', 28, 400000080, 0, 'KREDIT', 392500, 307086, 1, 93, 93, '2024-12-09', 0, '', 1, 34563, '2024-05-09 15:15:05', '2024-05-11 13:08:22', '0000-00-00 00:00:00'),
(145, '2208', 29, 400000073, 0, 'KREDIT', 2550000, 300861, 1, 94, 93, '2024-11-10', 0, '', 1, 34563, '2024-05-09 15:34:46', '2024-05-11 13:08:22', '0000-00-00 00:00:00'),
(146, '7417', 29, 400000073, 0, 'KREDIT', 3825000, 300622, 1, 94, 93, '2024-02-10', 0, '', 1, 34563, '2024-05-09 15:35:12', '2024-05-11 13:08:22', '0000-00-00 00:00:00'),
(147, '7414', 29, 400000073, 0, 'KREDIT', 1275000, 300919, 1, 94, 93, '2024-02-10', 0, '', 1, 34563, '2024-05-09 15:35:59', '2024-05-11 13:08:22', '0000-00-00 00:00:00'),
(148, '8726', 29, 400000073, 0, 'KREDIT', 2550000, 300923, 1, 94, 93, '2024-04-24', 0, '', 1, 34563, '2024-05-09 15:36:30', '2024-05-11 13:08:22', '0000-00-00 00:00:00'),
(149, '7444', 29, 400000073, 0, 'KREDIT', 2550000, 300622, 1, 94, 93, '2024-05-09', 0, '', 1, 34563, '2024-05-09 15:39:27', '2024-05-11 13:08:22', '0000-00-00 00:00:00'),
(150, '7442', 29, 400000073, 0, 'KREDIT', 1275000, 300867, 1, 94, 93, '2024-02-24', 0, '', 1, 34563, '2024-05-09 15:40:11', '2024-05-11 13:08:22', '0000-00-00 00:00:00'),
(151, '7581', 29, 400000073, 0, 'KREDIT', 90000000, 300703, 1, 94, 93, '2024-03-03', 0, '', 1, 34563, '2024-05-09 15:40:37', '2024-05-11 13:08:22', '0000-00-00 00:00:00'),
(152, '8354', 29, 400000073, 0, 'KREDIT', 1275000, 300615, 1, 94, 93, '2024-03-03', 0, '', 1, 34563, '2024-05-09 15:41:13', '2024-05-11 13:08:22', '0000-00-00 00:00:00'),
(153, '8731', 29, 400000073, 0, 'KREDIT', 1275000, 300985, 1, 94, 93, '2024-03-21', 0, '', 1, 34563, '2024-05-09 15:41:52', '2024-05-11 13:08:22', '0000-00-00 00:00:00'),
(154, '3078', 29, 400000073, 0, 'KREDIT', 3170000, 300622, 1, 94, 93, '2024-05-09', 0, '', 1, 34563, '2024-05-09 15:43:49', '2024-05-11 13:08:22', '0000-00-00 00:00:00'),
(155, '3051', 29, 400000073, 0, 'KREDIT', 4135000, 300852, 1, 94, 93, '2024-03-29', 0, '', 1, 34563, '2024-05-09 15:44:17', '2024-05-11 13:08:22', '0000-00-00 00:00:00'),
(156, '3077', 29, 400000073, 0, 'KREDIT', 1585000, 300919, 1, 94, 93, '2024-03-29', 0, '', 1, 34563, '2024-05-09 15:44:42', '2024-05-11 13:08:22', '0000-00-00 00:00:00'),
(157, '3068', 29, 400000073, 0, 'KREDIT', 1585000, 301006, 1, 94, 93, '2024-03-29', 0, '', 1, 34563, '2024-05-09 15:45:03', '2024-05-11 13:08:22', '0000-00-00 00:00:00'),
(158, '3066', 29, 400000073, 0, 'KREDIT', 1585000, 300860, 1, 94, 93, '2024-03-29', 0, '', 1, 34563, '2024-05-09 15:45:20', '2024-05-11 13:08:22', '0000-00-00 00:00:00'),
(159, '3055', 29, 400000073, 0, 'KREDIT', 1585000, 300616, 1, 94, 93, '2024-03-29', 0, '', 1, 34563, '2024-05-09 15:45:33', '2024-05-11 13:08:22', '0000-00-00 00:00:00'),
(160, '3063', 29, 400000073, 0, 'KREDIT', 1430000, 300678, 1, 94, 93, '2024-03-29', 0, '', 1, 34563, '2024-05-09 15:45:49', '2024-05-11 13:08:22', '0000-00-00 00:00:00'),
(161, '3079', 29, 400000073, 0, 'KREDIT', 1585000, 300858, 1, 94, 93, '2024-03-29', 0, '', 1, 34563, '2024-05-09 15:46:03', '2024-05-11 13:08:22', '0000-00-00 00:00:00'),
(162, '2586', 30, 400000078, 0, 'KREDIT', 1275000, 306727, 1, 84, 93, '2023-11-11', 0, '', 1, 34563, '2024-05-09 16:24:00', '2024-05-11 13:08:22', '0000-00-00 00:00:00'),
(163, '2594', 30, 400000078, 0, 'KREDIT', 2550000, 306728, 1, 84, 93, '2023-11-11', 0, '', 1, 34563, '2024-05-09 16:24:35', '2024-05-11 13:08:22', '0000-00-00 00:00:00'),
(164, '7662', 30, 400000078, 0, 'KREDIT', 53240000, 300607, 1, 84, 93, '2024-04-28', 0, '', 1, 34563, '2024-05-10 09:31:48', '2024-05-11 13:08:22', '0000-00-00 00:00:00'),
(165, '7663', 30, 400000078, 0, 'KREDIT', 16122500, 300606, 1, 84, 93, '2024-04-28', 0, '', 1, 34563, '2024-05-10 09:32:49', '2024-05-11 13:08:22', '0000-00-00 00:00:00'),
(166, '', 34, 400000425, 0, 'KREDIT', 595000, 300488, 10, 49, 1, '2024-05-10', 0, '', NULL, 34597, '2024-05-10 09:45:56', '2024-05-10 09:45:56', '0000-00-00 00:00:00'),
(167, '5620', 35, 400000425, 0, 'KREDIT', 595000, 300489, 10, 49, 1, '2024-02-10', 0, '', NULL, 34597, '2024-05-10 09:53:51', '2024-05-10 09:53:51', '0000-00-00 00:00:00'),
(168, '5617', 35, 400000425, 0, 'KREDIT', 690000, 307548, 10, 49, 1, '2024-02-10', 0, '', NULL, 34597, '2024-05-10 09:54:18', '2024-05-10 09:54:18', '0000-00-00 00:00:00'),
(169, '3585', 36, 400000072, 0, 'KREDIT', 2610000, 305220, 1, 89, 93, '2024-11-18', 0, '', 1, 34563, '2024-05-10 09:58:14', '2024-05-11 13:08:22', '0000-00-00 00:00:00'),
(170, '3589', 36, 400000072, 0, 'KREDIT', 0, 0, 1, 89, 93, '2023-11-25', 0, '', NULL, 34563, '2024-05-10 09:58:26', '2024-05-10 09:58:26', '0000-00-00 00:00:00'),
(171, '3589', 36, 400000072, 0, 'KREDIT', 780000, 305845, 1, 89, 93, '2023-11-25', 0, '', 1, 34563, '2024-05-10 09:58:55', '2024-05-11 13:08:22', '0000-00-00 00:00:00'),
(172, '2962', 36, 400000072, 0, 'KREDIT', 15960000, 301067, 1, 89, 93, '2023-12-29', 0, '', 1, 34563, '2024-05-10 09:59:46', '2024-05-11 13:08:22', '0000-00-00 00:00:00'),
(173, '8577', 36, 400000072, 0, 'KREDIT', 3510000, 305470, 1, 89, 93, '2024-04-23', 0, '', 1, 34563, '2024-05-10 10:00:15', '2024-05-11 13:08:22', '0000-00-00 00:00:00'),
(174, '8579', 36, 400000072, 0, 'KREDIT', 4900000, 305472, 1, 89, 93, '2024-04-29', 0, '', 1, 34563, '2024-05-10 10:00:40', '2024-05-11 13:08:22', '0000-00-00 00:00:00'),
(175, '2987', 36, 400000072, 0, 'KREDIT', 7550000, 300707, 1, 89, 93, '2024-02-09', 0, '', 1, 34563, '2024-05-10 10:01:26', '2024-05-11 13:08:22', '0000-00-00 00:00:00'),
(176, '2988', 36, 400000072, 0, 'KREDIT', 650000, 300794, 1, 89, 93, '2024-02-23', 0, '', 1, 34563, '2024-05-10 10:02:21', '2024-05-11 13:08:22', '0000-00-00 00:00:00'),
(177, '2995', 36, 400000072, 0, 'KREDIT', 7650000, 301100, 1, 89, 93, '2024-03-02', 0, '', 1, 34563, '2024-05-10 10:03:00', '2024-05-11 13:08:22', '0000-00-00 00:00:00'),
(178, '2999', 36, 400000072, 0, 'KREDIT', 475500, 300677, 1, 89, 93, '2024-03-02', 0, '', 1, 34563, '2024-05-10 10:03:30', '2024-05-11 13:08:22', '0000-00-00 00:00:00'),
(179, '8578', 36, 400000072, 0, 'KREDIT', 6000000, 306896, 1, 89, 93, '2024-04-24', 0, '', 1, 34563, '2024-05-10 10:04:00', '2024-05-11 13:08:22', '0000-00-00 00:00:00'),
(180, '8563', 36, 400000072, 0, 'KREDIT', 5000000, 307427, 1, 89, 93, '2024-03-23', 0, '', 1, 34563, '2024-05-10 10:04:47', '2024-05-11 13:08:22', '0000-00-00 00:00:00'),
(181, '8565', 36, 400000072, 0, 'KREDIT', 11640000, 300809, 1, 89, 93, '2024-03-30', 0, '', 1, 34563, '2024-05-10 10:05:31', '2024-05-11 13:08:22', '0000-00-00 00:00:00'),
(182, '8566', 36, 400000072, 0, 'KREDIT', 1600000, 307683, 1, 89, 93, '2024-03-30', 0, '', 1, 34563, '2024-05-10 10:05:58', '2024-05-11 13:08:22', '0000-00-00 00:00:00'),
(183, '8555', 36, 400000072, 0, 'KREDIT', 5700000, 300926, 1, 89, 93, '2024-03-23', 0, '', 1, 34563, '2024-05-10 10:06:35', '2024-05-11 13:08:22', '0000-00-00 00:00:00'),
(184, '8576', 36, 400000072, 0, 'KREDIT', 4530000, 305473, 1, 89, 93, '2024-04-23', 0, '', 1, 34563, '2024-05-10 10:07:08', '2024-05-11 13:08:22', '0000-00-00 00:00:00'),
(185, '8561', 36, 400000072, 0, 'KREDIT', 2550000, 306732, 1, 89, 93, '2024-03-23', 0, '', 1, 34563, '2024-05-10 10:07:55', '2024-05-11 13:08:22', '0000-00-00 00:00:00'),
(186, '8567', 36, 400000072, 0, 'KREDIT', 1340000, 305848, 1, 89, 93, '2024-04-18', 0, '', 1, 34563, '2024-05-10 10:08:41', '2024-05-11 13:08:22', '0000-00-00 00:00:00'),
(187, '8568', 36, 400000072, 0, 'KREDIT', 3510000, 305847, 1, 89, 93, '2024-04-18', 0, '', 1, 34563, '2024-05-10 10:09:07', '2024-05-11 13:08:22', '0000-00-00 00:00:00'),
(188, '8569', 36, 400000072, 0, 'KREDIT', 1170000, 306734, 1, 89, 93, '2024-04-18', 0, '', 1, 34563, '2024-05-10 10:09:45', '2024-05-11 13:08:22', '0000-00-00 00:00:00'),
(189, '8570', 36, 400000072, 0, 'KREDIT', 3480000, 305846, 1, 89, 93, '2024-04-18', 0, '', 1, 34563, '2024-05-10 10:10:07', '2024-05-11 13:08:22', '0000-00-00 00:00:00'),
(190, '8571', 36, 400000072, 0, 'KREDIT', 1275000, 306789, 1, 89, 93, '2024-04-19', 0, '', 1, 34563, '2024-05-10 10:10:48', '2024-05-11 13:08:22', '0000-00-00 00:00:00'),
(191, '8572', 36, 400000072, 0, 'KREDIT', 650000, 307684, 1, 89, 93, '2024-04-19', 0, '', 1, 34563, '2024-05-10 10:11:09', '2024-05-11 13:08:22', '0000-00-00 00:00:00'),
(192, '8573', 36, 400000072, 0, 'KREDIT', 18720000, 300950, 1, 89, 93, '2024-04-19', 0, '', 1, 34563, '2024-05-10 10:11:31', '2024-05-11 13:08:22', '0000-00-00 00:00:00'),
(193, '8574', 36, 400000072, 0, 'KREDIT', 1140000, 306733, 1, 89, 93, '2024-04-22', 0, '', 1, 34563, '2024-05-10 10:13:01', '2024-05-11 13:08:22', '0000-00-00 00:00:00'),
(194, '99-00882', 37, 400000194, 0, 'KREDIT', 28560000, 300378, 12, 158, 103, '2024-05-03', 0, '', NULL, 34601, '2024-05-10 10:20:47', '2024-05-10 10:20:47', '0000-00-00 00:00:00'),
(195, '99-00879', 37, 400000194, 0, 'KREDIT', 85680000, 300366, 12, 158, 103, '2024-05-03', 0, '', NULL, 34601, '2024-05-10 10:21:49', '2024-05-10 10:21:49', '0000-00-00 00:00:00'),
(196, '99-00885', 37, 400000194, 0, 'KREDIT', 10280000, 300352, 12, 158, 103, '2024-05-10', 0, '', NULL, 34601, '2024-05-10 10:22:48', '2024-05-10 10:22:48', '0000-00-00 00:00:00'),
(197, '99-00156', 37, 400000194, 0, 'KREDIT', 28080000, 300603, 12, 158, 103, '2024-05-04', 0, '', NULL, 34601, '2024-05-10 10:23:26', '2024-05-10 10:23:26', '0000-00-00 00:00:00'),
(198, '99-00229', 37, 400000194, 0, 'KREDIT', 5000000, 300377, 12, 158, 103, '2023-04-08', 0, '', NULL, 34601, '2024-05-10 10:24:35', '2024-05-10 10:24:35', '0000-00-00 00:00:00'),
(199, '99-00856', 37, 400000194, 0, 'KREDIT', 7520000, 300351, 12, 158, 103, '2024-03-09', 0, '', NULL, 34601, '2024-05-10 10:25:39', '2024-05-10 10:25:39', '0000-00-00 00:00:00'),
(200, '6614', 38, 400000454, 0, 'KREDIT', 121000, 307412, 10, 49, 1, '2024-03-09', 0, '', NULL, 34597, '2024-05-10 10:28:57', '2024-05-10 10:28:57', '0000-00-00 00:00:00'),
(201, '6619', 38, 400000454, 0, 'KREDIT', 1190000, 307548, 10, 49, 1, '2024-03-25', 0, '', NULL, 34597, '2024-05-10 10:30:10', '2024-05-10 10:30:10', '0000-00-00 00:00:00'),
(202, '6620', 38, 400000454, 0, 'KREDIT', 3570000, 307433, 10, 49, 1, '2024-03-25', 0, '', NULL, 34597, '2024-05-10 10:32:16', '2024-05-10 10:32:16', '0000-00-00 00:00:00'),
(203, '4455', 38, 400000454, 0, 'KREDIT', 242000, 307435, 10, 49, 1, '2024-03-29', 0, '', NULL, 34597, '2024-05-10 10:32:52', '2024-05-10 10:32:52', '0000-00-00 00:00:00'),
(204, '4456', 38, 400000454, 0, 'KREDIT', 242000, 307436, 10, 49, 1, '2024-03-29', 0, '', NULL, 34597, '2024-05-10 10:33:36', '2024-05-10 10:33:36', '0000-00-00 00:00:00'),
(205, '7456', 38, 400000454, 0, 'KREDIT', 1190000, 307418, 10, 49, 1, '2024-04-24', 0, '', NULL, 34597, '2024-05-10 10:35:53', '2024-05-10 10:35:53', '0000-00-00 00:00:00'),
(206, '7466', 38, 400000454, 0, 'KREDIT', 242000, 307685, 10, 49, 1, '2024-04-24', 0, '', NULL, 34597, '2024-05-10 10:36:44', '2024-05-10 10:36:44', '0000-00-00 00:00:00'),
(207, '7460', 38, 400000454, 0, 'KREDIT', 242000, 307686, 10, 49, 1, '2024-04-24', 0, '', NULL, 34597, '2024-05-10 10:37:18', '2024-05-10 10:37:18', '0000-00-00 00:00:00'),
(208, '7461', 38, 400000454, 0, 'KREDIT', 242000, 307414, 10, 49, 1, '2024-04-24', 0, '', NULL, 34597, '2024-05-10 10:38:01', '2024-05-10 10:38:01', '0000-00-00 00:00:00'),
(209, '7462', 38, 400000454, 0, 'KREDIT', 242000, 307415, 10, 49, 1, '2024-04-24', 0, '', NULL, 34597, '2024-05-10 10:38:40', '2024-05-10 10:38:40', '0000-00-00 00:00:00'),
(210, '7467', 38, 400000454, 0, 'KREDIT', 242000, 307413, 10, 49, 1, '2024-04-24', 0, '', NULL, 34597, '2024-05-10 10:39:08', '2024-05-10 10:39:08', '0000-00-00 00:00:00'),
(211, '7472', 38, 400000454, 0, 'KREDIT', 952000, 307687, 10, 49, 1, '2024-04-24', 0, '', NULL, 34597, '2024-05-10 10:39:45', '2024-05-10 10:39:45', '0000-00-00 00:00:00'),
(212, '', 37, 400000194, 0, 'CASH', 0, 0, 12, 158, 103, '2024-05-10', 0, 'Lunas', NULL, 34601, '2024-05-10 10:41:02', '2024-05-10 10:41:02', '0000-00-00 00:00:00'),
(213, '', 37, 400000194, 0, 'CASH', 0, 0, 12, 158, 103, '2024-05-10', 0, 'Lunas', NULL, 34601, '2024-05-10 10:41:03', '2024-05-10 10:41:03', '0000-00-00 00:00:00'),
(214, '8445', 40, 400000077, 0, 'KREDIT', 10795000, 303078, 1, 91, 93, '2024-04-18', 0, '', 1, 34563, '2024-05-10 10:44:44', '2024-05-11 13:08:22', '0000-00-00 00:00:00'),
(215, '8446', 40, 400000077, 0, 'KREDIT', 4500000, 303448, 1, 91, 93, '2024-04-18', 0, '', 1, 34563, '2024-05-10 10:44:59', '2024-05-11 13:08:22', '0000-00-00 00:00:00'),
(216, '7214', 40, 400000077, 0, 'KREDIT', 3520000, 307218, 1, 91, 93, '2024-01-19', 0, '', 1, 34563, '2024-05-10 10:45:25', '2024-05-11 13:08:22', '0000-00-00 00:00:00'),
(217, '7570', 40, 400000077, 0, 'KREDIT', 2310000, 300667, 1, 91, 93, '2024-02-09', 0, '', 1, 34563, '2024-05-10 10:45:43', '2024-05-11 13:08:22', '0000-00-00 00:00:00'),
(218, '7571', 40, 400000077, 0, 'KREDIT', 7020000, 300692, 1, 91, 93, '2024-02-09', 0, '', 1, 34563, '2024-05-10 10:46:09', '2024-05-11 13:08:22', '0000-00-00 00:00:00'),
(219, '8404', 40, 400000077, 0, 'KREDIT', 5850000, 303077, 1, 91, 93, '2024-03-02', 0, '', 1, 34563, '2024-05-10 10:46:24', '2024-05-11 13:08:22', '0000-00-00 00:00:00'),
(220, '8415', 40, 400000077, 0, 'KREDIT', 60000000, 300686, 1, 91, 93, '2024-03-02', 0, '', 1, 34563, '2024-05-10 10:46:55', '2024-05-11 13:08:22', '0000-00-00 00:00:00'),
(221, '99-00857', 37, 400000194, 0, 'KREDIT', 35000000, 300569, 12, 158, 103, '2024-05-10', 0, '', NULL, 34601, '2024-05-10 10:47:21', '2024-05-10 10:47:21', '0000-00-00 00:00:00'),
(222, '8419', 40, 400000077, 0, 'KREDIT', 18720000, 300705, 1, 91, 93, '2024-03-21', 0, '', 1, 34563, '2024-05-10 10:47:42', '2024-05-11 13:08:22', '0000-00-00 00:00:00'),
(223, '8416', 40, 400000077, 0, 'KREDIT', 2550000, 306708, 1, 91, 93, '2024-03-21', 0, '', 1, 34563, '2024-05-10 10:48:21', '2024-05-11 13:08:22', '0000-00-00 00:00:00'),
(224, '99-00864', 37, 400000194, 0, 'KREDIT', 10000000, 300381, 12, 158, 103, '2024-03-09', 0, '', NULL, 34601, '2024-05-10 10:48:45', '2024-05-10 10:48:45', '0000-00-00 00:00:00'),
(225, '7802', 40, 400000077, 0, 'KREDIT', 11160000, 307689, 1, 91, 93, '2024-04-27', 0, '', 1, 34563, '2024-05-10 10:48:47', '2024-05-11 13:08:22', '0000-00-00 00:00:00'),
(226, '8427', 40, 400000077, 0, 'KREDIT', 18480000, 300691, 1, 91, 93, '2024-03-28', 0, '', 1, 34563, '2024-05-10 10:49:06', '2024-05-11 13:08:22', '0000-00-00 00:00:00'),
(227, '7562', 40, 400000077, 0, 'KREDIT', 1135000, 305533, 1, 91, 93, '2024-01-11', 0, '', 1, 34563, '2024-05-10 10:49:21', '2024-05-11 13:08:22', '0000-00-00 00:00:00'),
(228, '7225', 40, 400000077, 0, 'KREDIT', 1275000, 300692, 1, 91, 93, '2024-01-26', 0, '', 1, 34563, '2024-05-10 10:49:34', '2024-05-11 13:08:22', '0000-00-00 00:00:00'),
(229, '8159', 41, 400000076, 0, 'KREDIT', 792500, 300621, 1, 87, 93, '2024-02-08', 0, '', 1, 34563, '2024-05-10 11:00:47', '2024-05-11 13:08:22', '0000-00-00 00:00:00'),
(230, '8158', 41, 400000076, 0, 'KREDIT', 1585000, 300620, 1, 87, 93, '2024-02-08', 0, '', 1, 34563, '2024-05-10 11:01:07', '2024-05-11 13:08:22', '0000-00-00 00:00:00'),
(231, '8155', 41, 400000076, 0, 'KREDIT', 1585000, 300848, 1, 87, 93, '2024-02-07', 0, '', 1, 34563, '2024-05-10 11:01:21', '2024-05-11 13:08:22', '0000-00-00 00:00:00'),
(232, '8152', 41, 400000076, 0, 'KREDIT', 1585000, 301061, 1, 87, 93, '2024-02-06', 0, '', 1, 34563, '2024-05-10 11:01:47', '2024-05-11 13:08:22', '0000-00-00 00:00:00'),
(233, '8786', 41, 400000076, 0, 'KREDIT', 1585000, 300624, 1, 87, 93, '2024-04-24', 0, '', 1, 34563, '2024-05-10 11:04:26', '2024-05-11 13:08:22', '0000-00-00 00:00:00'),
(234, '8766', 41, 400000076, 0, 'KREDIT', 1275000, 300623, 1, 87, 93, '2024-04-18', 0, '', 1, 34563, '2024-05-10 11:04:45', '2024-05-11 13:08:22', '0000-00-00 00:00:00'),
(235, '8305', 41, 400000076, 0, 'KREDIT', 1585000, 300740, 1, 87, 93, '2024-03-16', 0, '', 1, 34563, '2024-05-10 11:07:51', '2024-05-11 13:08:22', '0000-00-00 00:00:00'),
(236, '7749', 41, 400000076, 0, 'KREDIT', 90000000, 300967, 1, 87, 93, '2024-03-02', 0, '', 1, 34563, '2024-05-10 11:13:14', '2024-05-11 13:08:22', '0000-00-00 00:00:00'),
(237, '2554', 42, 400000078, 0, 'KREDIT', 2550000, 300897, 1, 85, 93, '2023-11-11', 0, '', 1, 34563, '2024-05-10 11:25:33', '2024-05-11 13:08:22', '0000-00-00 00:00:00'),
(238, '3297', 42, 400000078, 0, 'KREDIT', 510000, 306877, 1, 85, 93, '2023-12-01', 0, '', 1, 34563, '2024-05-10 11:26:00', '2024-05-11 13:08:22', '0000-00-00 00:00:00'),
(239, '7072', 42, 400000078, 0, 'KREDIT', 87195000, 300756, 1, 85, 93, '2024-03-02', 0, '', 1, 34563, '2024-05-10 11:27:12', '2024-05-11 13:08:22', '0000-00-00 00:00:00'),
(240, '7661', 42, 400000078, 0, 'KREDIT', 50950000, 300611, 1, 85, 93, '2024-04-28', 0, '', 1, 34563, '2024-05-10 11:27:34', '2024-05-11 13:08:22', '0000-00-00 00:00:00'),
(241, '8686', 42, 400000078, 0, 'KREDIT', 28080000, 300608, 1, 85, 93, '2024-04-02', 0, '', 1, 34563, '2024-05-10 11:27:51', '2024-05-11 13:08:22', '0000-00-00 00:00:00'),
(242, '8699', 42, 400000078, 0, 'KREDIT', 18720000, 300769, 1, 85, 93, '2024-04-19', 0, '', 1, 34563, '2024-05-10 11:28:10', '2024-05-11 13:08:22', '0000-00-00 00:00:00'),
(243, '8700', 42, 400000078, 0, 'KREDIT', 28080000, 300610, 1, 85, 93, '2024-04-19', 0, '', 1, 34563, '2024-05-10 11:28:40', '2024-05-11 13:08:22', '0000-00-00 00:00:00'),
(244, '99-9913', 47, 400000449, 0, 'KREDIT', 2960000, 303874, 2, 266, 100, '2023-11-02', 0, '', NULL, 34584, '2024-05-10 13:41:50', '2024-05-10 13:41:50', '0000-00-00 00:00:00'),
(245, '99-9130', 47, 400000449, 0, 'KREDIT', 11845000, 305372, 2, 266, 100, '2024-01-29', 0, '', NULL, 34584, '2024-05-10 13:43:35', '2024-05-10 13:43:35', '0000-00-00 00:00:00'),
(246, '99-8572', 47, 400000449, 0, 'KREDIT', 23250000, 303299, 2, 266, 100, '2024-03-25', 0, '', NULL, 34584, '2024-05-10 13:45:02', '2024-05-10 13:45:02', '0000-00-00 00:00:00'),
(247, '99-8299', 47, 400000449, 0, 'KREDIT', 9360000, 303097, 2, 266, 100, '2024-04-22', 0, '', NULL, 34584, '2024-05-10 13:45:52', '2024-05-10 13:45:52', '0000-00-00 00:00:00'),
(248, '99-8297', 47, 400000449, 0, 'KREDIT', 43380000, 303372, 2, 266, 100, '2024-04-22', 0, '', NULL, 34584, '2024-05-10 13:46:53', '2024-05-10 13:46:53', '0000-00-00 00:00:00'),
(249, '99-8296', 47, 400000449, 0, 'KREDIT', 7650000, 303371, 2, 266, 100, '2024-04-22', 0, '', NULL, 34584, '2024-05-10 13:47:50', '2024-05-10 13:47:50', '0000-00-00 00:00:00'),
(250, '99-8295', 47, 400000449, 0, 'KREDIT', 17010000, 303661, 2, 266, 100, '2024-04-22', 0, '', NULL, 34584, '2024-05-10 13:49:57', '2024-05-10 13:49:57', '0000-00-00 00:00:00'),
(251, '4346', 48, 400000425, 0, 'KREDIT', 1083750, 300564, 10, 54, 1, '2023-12-16', 0, '', NULL, 34597, '2024-05-10 14:18:38', '2024-05-10 14:18:38', '0000-00-00 00:00:00'),
(252, '5610', 48, 400000425, 0, 'KREDIT', 637500, 300383, 10, 54, 1, '2024-01-13', 0, '', NULL, 34597, '2024-05-10 14:19:40', '2024-05-10 14:19:40', '0000-00-00 00:00:00'),
(253, '9945', 49, 400000473, 0, 'KREDIT', 2000000, 301938, 3, 327, 102, '2024-05-10', 0, '', NULL, 34565, '2024-05-10 14:27:54', '2024-05-10 14:27:54', '0000-00-00 00:00:00'),
(254, '4346', 50, 400000426, 0, 'KREDIT', 1083750, 300162, 9, 34, 94, '2023-12-16', 0, '', NULL, 34595, '2024-05-10 14:33:04', '2024-05-10 14:33:04', '0000-00-00 00:00:00'),
(255, '5610', 50, 400000426, 0, 'KREDIT', 637500, 300159, 9, 34, 94, '2024-01-13', 0, '', NULL, 34595, '2024-05-10 14:33:56', '2024-05-10 14:33:56', '0000-00-00 00:00:00'),
(256, '8068', 51, 400000079, 0, 'KREDIT', 1585000, 301221, 1, 88, 93, '2024-02-02', 0, '', 1, 34563, '2024-05-10 14:36:55', '2024-05-11 13:08:22', '0000-00-00 00:00:00'),
(257, '8928', 51, 400000079, 0, 'KREDIT', 6340000, 300635, 1, 88, 93, '2024-04-30', 0, '', 1, 34563, '2024-05-10 14:37:18', '2024-05-11 13:08:22', '0000-00-00 00:00:00'),
(258, '8073', 51, 400000079, 0, 'KREDIT', 792500, 300733, 1, 88, 93, '2024-02-10', 0, '', 1, 34563, '2024-05-10 14:37:50', '2024-05-11 13:08:22', '0000-00-00 00:00:00'),
(259, '8920', 51, 400000079, 0, 'KREDIT', 1585000, 300824, 1, 88, 93, '2024-04-29', 0, '', 1, 34563, '2024-05-10 14:38:08', '2024-05-11 13:08:22', '0000-00-00 00:00:00'),
(260, '7576', 51, 400000079, 0, 'KREDIT', 72000000, 300733, 1, 88, 93, '2024-03-02', 0, '', 1, 34563, '2024-05-10 14:38:27', '2024-05-11 13:08:22', '0000-00-00 00:00:00'),
(261, '8925', 51, 400000079, 0, 'KREDIT', 1585000, 306894, 1, 88, 93, '2024-04-30', 0, '', 1, 34563, '2024-05-10 14:38:54', '2024-05-11 13:08:22', '0000-00-00 00:00:00'),
(262, '99-8294', 47, 400000449, 0, 'KREDIT', 26370000, 304966, 2, 266, 100, '2024-04-22', 0, '', NULL, 34584, '2024-05-10 14:41:40', '2024-05-10 14:41:40', '0000-00-00 00:00:00'),
(263, '99-8293', 47, 400000449, 0, 'KREDIT', 11160000, 307185, 2, 266, 100, '2024-04-23', 0, '', NULL, 34584, '2024-05-10 14:42:37', '2024-05-10 14:42:37', '0000-00-00 00:00:00'),
(264, '99-8292', 47, 400000449, 0, 'KREDIT', 8505000, 306046, 2, 266, 100, '2024-04-23', 0, '', NULL, 34584, '2024-05-10 14:43:13', '2024-05-10 14:43:13', '0000-00-00 00:00:00'),
(265, '99-8291', 47, 400000449, 0, 'KREDIT', 43380000, 301414, 2, 266, 100, '2024-04-23', 0, '', NULL, 34584, '2024-05-10 14:44:28', '2024-05-10 14:44:28', '0000-00-00 00:00:00'),
(266, '99-8289', 47, 400000449, 0, 'KREDIT', 6165000, 307288, 2, 266, 100, '2024-04-23', 0, '', NULL, 34584, '2024-05-10 14:45:02', '2024-05-10 14:45:02', '0000-00-00 00:00:00'),
(267, '99-8288', 47, 400000449, 0, 'KREDIT', 18720000, 303966, 2, 266, 100, '2024-04-24', 0, '', NULL, 34584, '2024-05-10 14:45:41', '2024-05-10 14:45:41', '0000-00-00 00:00:00'),
(268, '99-8287', 47, 400000449, 0, 'KREDIT', 2340000, 306047, 2, 266, 100, '2024-04-24', 0, '', NULL, 34584, '2024-05-10 14:46:11', '2024-05-10 14:46:11', '0000-00-00 00:00:00'),
(269, '99-8282', 47, 400000449, 0, 'KREDIT', 7650000, 303648, 2, 266, 100, '2024-04-25', 0, '', NULL, 34584, '2024-05-10 14:46:41', '2024-05-10 14:46:41', '0000-00-00 00:00:00'),
(270, '99-8279', 47, 400000449, 0, 'KREDIT', 14040000, 305634, 2, 266, 100, '2024-04-25', 0, '', NULL, 34584, '2024-05-10 14:47:29', '2024-05-10 14:47:29', '0000-00-00 00:00:00'),
(271, '99-8278', 47, 400000449, 0, 'KREDIT', 3615000, 305123, 2, 266, 100, '2024-04-25', 0, '', NULL, 34584, '2024-05-10 14:48:09', '2024-05-10 14:48:09', '0000-00-00 00:00:00'),
(272, '99-8277', 47, 400000449, 0, 'KREDIT', 45090000, 303649, 2, 266, 100, '2024-04-26', 0, '', NULL, 34584, '2024-05-10 14:48:40', '2024-05-10 14:48:40', '0000-00-00 00:00:00'),
(273, '5617', 52, 400000426, 0, 'KREDIT', 1275000, 303484, 9, 29, 94, '2024-02-10', 0, '', NULL, 34595, '2024-05-10 14:48:49', '2024-05-10 14:48:49', '0000-00-00 00:00:00'),
(274, '99-8276', 47, 400000449, 0, 'KREDIT', 3720000, 303519, 2, 266, 100, '2024-04-26', 0, '', NULL, 34584, '2024-05-10 14:49:37', '2024-05-10 14:49:37', '0000-00-00 00:00:00'),
(275, '5623', 52, 400000426, 0, 'KREDIT', 61500000, 307343, 9, 29, 94, '2024-02-16', 0, '', NULL, 34595, '2024-05-10 14:51:26', '2024-05-10 14:51:26', '0000-00-00 00:00:00'),
(276, '7459', 52, 400000426, 0, 'KREDIT', 2650000, 307344, 9, 29, 94, '2024-02-16', 0, '', NULL, 34595, '2024-05-10 14:53:00', '2024-05-10 14:53:00', '0000-00-00 00:00:00'),
(277, '77-02866', 45, 400000397, 0, 'KREDIT', 1771000, 304813, 2, 283, 100, '2023-01-30', 0, '', NULL, 34584, '2024-05-10 14:56:37', '2024-05-10 14:56:37', '0000-00-00 00:00:00'),
(278, '77-42339', 45, 400000397, 0, 'KREDIT', 1075000, 307401, 2, 283, 100, '2024-03-06', 0, '', NULL, 34584, '2024-05-10 14:57:51', '2024-05-10 14:57:51', '0000-00-00 00:00:00'),
(279, '99-8388', 45, 400000397, 0, 'KREDIT', 4005000, 307353, 2, 283, 100, '2024-05-07', 0, '', NULL, 34584, '2024-05-10 14:58:28', '2024-05-10 14:58:28', '0000-00-00 00:00:00'),
(280, '99-8376', 45, 400000397, 0, 'KREDIT', 2340000, 305114, 2, 283, 100, '2024-05-09', 0, '', NULL, 34584, '2024-05-10 14:59:47', '2024-05-10 14:59:47', '0000-00-00 00:00:00'),
(281, '5636', 53, 400000453, 0, 'KREDIT', 260000, 307388, 9, 29, 94, '2024-03-02', 0, '', NULL, 34595, '2024-05-10 15:00:54', '2024-05-10 15:00:54', '0000-00-00 00:00:00'),
(282, '99-8381', 45, 400000397, 0, 'KREDIT', 10635000, 306136, 2, 283, 100, '2024-04-22', 0, '', NULL, 34584, '2024-05-10 15:06:02', '2024-05-10 15:06:02', '0000-00-00 00:00:00'),
(283, '99-8374', 45, 400000397, 0, 'KREDIT', 4890000, 305244, 2, 283, 100, '2024-04-23', 0, '', NULL, 34584, '2024-05-10 15:07:19', '2024-05-10 15:07:19', '0000-00-00 00:00:00'),
(284, '99-8372', 45, 400000397, 0, 'KREDIT', 1807500, 306687, 2, 283, 100, '2024-04-23', 0, '', NULL, 34584, '2024-05-10 15:08:15', '2024-05-10 15:08:15', '0000-00-00 00:00:00'),
(285, '99-8369', 45, 400000397, 0, 'KREDIT', 10200000, 304998, 2, 283, 100, '2024-04-23', 0, '', NULL, 34584, '2024-05-10 15:08:54', '2024-05-10 15:08:54', '0000-00-00 00:00:00'),
(286, '99-8371', 45, 400000397, 0, 'KREDIT', 2550000, 305144, 2, 283, 100, '2024-04-23', 0, '', NULL, 34584, '2024-05-10 15:09:37', '2024-05-10 15:09:37', '0000-00-00 00:00:00'),
(287, '99-8368', 45, 400000397, 0, 'KREDIT', 7650000, 303580, 2, 283, 100, '2024-04-24', 0, '', NULL, 34584, '2024-05-10 15:10:08', '2024-05-10 15:10:08', '0000-00-00 00:00:00'),
(288, '99-8367', 45, 400000397, 0, 'KREDIT', 7650000, 303120, 2, 283, 100, '2024-04-24', 0, '', NULL, 34584, '2024-05-10 15:10:59', '2024-05-10 15:10:59', '0000-00-00 00:00:00');
INSERT INTO `nota` (`id_nota`, `no_nota`, `id_sales`, `id_partner`, `weeks`, `payment_method`, `total_beli`, `id_customer`, `id_branch`, `id_area`, `id_bank`, `tgl_bayar`, `pay`, `status`, `status_closing`, `created_by`, `created_at`, `updated_at`, `deleted_at`) VALUES
(289, '77-050671', 46, 400000475, 0, 'KREDIT', 34323900, 303554, 2, 221, 100, '2023-07-20', 0, '', NULL, 34584, '2024-05-10 15:13:07', '2024-05-10 15:13:07', '0000-00-00 00:00:00'),
(290, '99-8842', 46, 400000475, 0, 'KREDIT', 1275000, 303401, 2, 221, 100, '2024-02-27', 0, '', NULL, 34584, '2024-05-10 15:13:49', '2024-05-10 15:13:49', '0000-00-00 00:00:00'),
(291, '99-8830', 46, 400000475, 0, 'KREDIT', 2550000, 307215, 2, 221, 100, '2024-03-20', 0, '', NULL, 34584, '2024-05-10 15:14:21', '2024-05-10 15:14:21', '0000-00-00 00:00:00'),
(292, '99-8833', 46, 400000475, 0, 'KREDIT', 19660000, 305693, 2, 221, 100, '2024-03-18', 0, '', NULL, 34584, '2024-05-10 15:14:54', '2024-05-10 15:14:54', '0000-00-00 00:00:00'),
(293, '99-8829', 46, 400000475, 0, 'KREDIT', 18250000, 301350, 2, 221, 100, '2024-03-28', 0, '', NULL, 34584, '2024-05-10 15:16:04', '2024-05-10 15:16:04', '0000-00-00 00:00:00'),
(294, '99-8827', 46, 400000475, 0, 'KREDIT', 3825000, 305689, 2, 221, 100, '2024-04-01', 0, '', NULL, 34584, '2024-05-10 15:16:45', '2024-05-10 15:16:45', '0000-00-00 00:00:00'),
(295, '99-8825', 46, 400000475, 0, 'KREDIT', 4000000, 304953, 2, 221, 100, '2024-04-02', 0, '', NULL, 34584, '2024-05-10 15:17:53', '2024-05-10 15:17:53', '0000-00-00 00:00:00'),
(296, '77-050500', 46, 400000475, 0, 'KREDIT', 2422500, 305740, 2, 221, 100, '2024-04-25', 0, '', NULL, 34584, '2024-05-10 15:18:44', '2024-05-10 15:18:44', '0000-00-00 00:00:00'),
(297, '77-050499', 46, 400000475, 0, 'KREDIT', 1530000, 305351, 2, 221, 100, '2024-04-24', 0, '', NULL, 34584, '2024-05-10 15:20:57', '2024-05-10 15:20:57', '0000-00-00 00:00:00'),
(298, '77-050496', 46, 400000475, 0, 'KREDIT', 2550000, 301351, 2, 221, 100, '2024-04-24', 0, '', NULL, 34584, '2024-05-10 15:21:32', '2024-05-10 15:21:32', '0000-00-00 00:00:00'),
(299, '77-050497', 46, 400000475, 0, 'KREDIT', 2550000, 301403, 2, 221, 100, '2024-04-24', 0, '', NULL, 34584, '2024-05-10 15:22:09', '2024-05-10 15:22:09', '0000-00-00 00:00:00'),
(300, '77-050494', 46, 400000475, 0, 'KREDIT', 2445000, 301422, 2, 221, 100, '2024-04-23', 0, '', NULL, 34584, '2024-05-10 15:24:35', '2024-05-10 15:24:35', '0000-00-00 00:00:00'),
(301, '77-050495', 46, 400000475, 0, 'KREDIT', 3825000, 301399, 2, 221, 100, '2024-04-23', 0, '', NULL, 34584, '2024-05-10 15:25:37', '2024-05-10 15:25:37', '0000-00-00 00:00:00'),
(302, 'KUDUS', 55, 400000302, 0, 'KREDIT', 16830000, 305143, 2, 249, 100, '2024-05-10', 0, '', NULL, 34584, '2024-05-10 15:57:30', '2024-05-10 15:57:30', '0000-00-00 00:00:00'),
(303, 'PKU', 54, 400000387, 0, 'KREDIT', 66000000, 304542, 2, 270, 100, '2024-05-10', 0, '', NULL, 34584, '2024-05-10 15:58:06', '2024-05-10 15:58:06', '0000-00-00 00:00:00'),
(304, '99-9681', 44, 400000445, 0, 'KREDIT', 1000500, 303359, 2, 219, 100, '2023-11-23', 0, '', NULL, 34584, '2024-05-10 16:01:20', '2024-05-10 16:01:20', '0000-00-00 00:00:00'),
(305, '99-8651', 44, 400000445, 0, 'KREDIT', 2410000, 306651, 2, 219, 100, '2024-02-26', 0, '', NULL, 34584, '2024-05-10 16:02:01', '2024-05-10 16:02:01', '0000-00-00 00:00:00'),
(306, '99-8657', 44, 400000445, 0, 'KREDIT', 1275000, 306626, 2, 219, 100, '2024-02-28', 0, '', NULL, 34584, '2024-05-10 16:02:30', '2024-05-10 16:02:30', '0000-00-00 00:00:00'),
(307, '77-42280', 44, 400000445, 0, 'KREDIT', 5000000, 305284, 2, 219, 100, '2024-02-29', 0, '', NULL, 34584, '2024-05-10 16:03:00', '2024-05-10 16:03:00', '0000-00-00 00:00:00'),
(308, '99-8489', 44, 400000445, 0, 'KREDIT', 4000000, 307434, 2, 219, 100, '2024-03-26', 0, '', NULL, 34584, '2024-05-10 16:03:29', '2024-05-10 16:03:29', '0000-00-00 00:00:00'),
(309, '99-8493', 44, 400000445, 0, 'KREDIT', 5892500, 307342, 2, 219, 100, '2024-03-26', 0, '', NULL, 34584, '2024-05-10 16:04:15', '2024-05-10 16:04:15', '0000-00-00 00:00:00'),
(310, '99-8487', 44, 400000445, 0, 'KREDIT', 5000000, 303091, 2, 219, 100, '2024-03-27', 0, '', NULL, 34584, '2024-05-10 16:04:44', '2024-05-10 16:04:44', '0000-00-00 00:00:00'),
(311, '99-8483', 44, 400000445, 0, 'KREDIT', 3000000, 304792, 2, 219, 100, '2024-03-28', 0, '', NULL, 34584, '2024-05-10 16:05:15', '2024-05-10 16:05:15', '0000-00-00 00:00:00'),
(312, '99-8481', 44, 400000445, 0, 'KREDIT', 3825000, 303085, 2, 219, 100, '2024-03-28', 0, '', NULL, 34584, '2024-05-10 16:05:47', '2024-05-10 16:05:47', '0000-00-00 00:00:00'),
(313, '99-8480', 44, 400000445, 0, 'KREDIT', 11370000, 303083, 2, 219, 100, '2024-03-29', 0, '', NULL, 34584, '2024-05-10 16:06:48', '2024-05-10 16:06:48', '0000-00-00 00:00:00'),
(314, '99-8249', 44, 400000445, 0, 'KREDIT', 4785000, 303378, 2, 219, 100, '2024-04-22', 0, '', NULL, 34584, '2024-05-10 16:07:16', '2024-05-10 16:07:16', '0000-00-00 00:00:00'),
(315, '99-8247', 44, 400000445, 0, 'KREDIT', 5365500, 303092, 2, 219, 100, '2024-04-22', 0, '', NULL, 34584, '2024-05-10 16:07:51', '2024-05-10 16:07:51', '0000-00-00 00:00:00'),
(316, '99-8248', 44, 400000445, 0, 'KREDIT', 5955000, 301386, 2, 219, 100, '2024-04-22', 0, '', NULL, 34584, '2024-05-10 16:08:29', '2024-05-10 16:08:29', '0000-00-00 00:00:00'),
(317, '99-8245', 44, 400000445, 0, 'KREDIT', 7650000, 303494, 2, 219, 100, '2024-04-23', 0, '', NULL, 34584, '2024-05-10 16:09:03', '2024-05-10 16:09:03', '0000-00-00 00:00:00'),
(318, '99-8233', 44, 400000445, 0, 'KREDIT', 7522500, 305223, 2, 219, 100, '2024-04-24', 0, '', NULL, 34584, '2024-05-10 16:11:25', '2024-05-10 16:11:25', '0000-00-00 00:00:00'),
(319, '99-8232', 44, 400000445, 0, 'KREDIT', 2340000, 301393, 2, 219, 100, '2024-04-24', 0, '', NULL, 34584, '2024-05-10 16:11:54', '2024-05-10 16:11:54', '0000-00-00 00:00:00'),
(320, '99-8231', 44, 400000445, 0, 'KREDIT', 1170000, 303099, 2, 219, 100, '2024-04-25', 0, '', NULL, 34584, '2024-05-10 16:12:29', '2024-05-10 16:12:29', '0000-00-00 00:00:00'),
(321, '99-8230', 44, 400000445, 0, 'KREDIT', 3510000, 304800, 2, 219, 100, '2024-04-25', 0, '', NULL, 34584, '2024-05-10 16:13:12', '2024-05-10 16:13:12', '0000-00-00 00:00:00'),
(322, '99-9995', 57, 400000475, 0, 'KREDIT', 4920000, 305823, 2, 117, 100, '2023-10-08', 0, '', NULL, 34584, '2024-05-10 19:18:32', '2024-05-10 19:18:32', '0000-00-00 00:00:00'),
(323, '77-051129', 57, 400000475, 0, 'KREDIT', 3080000, 301435, 2, 117, 100, '2024-01-26', 0, '', NULL, 34584, '2024-05-10 19:19:09', '2024-05-10 19:19:09', '0000-00-00 00:00:00'),
(324, '99-8880', 57, 400000475, 0, 'KREDIT', 1205000, 307351, 2, 117, 100, '2024-02-23', 0, '', NULL, 34584, '2024-05-10 19:19:39', '2024-05-10 19:19:39', '0000-00-00 00:00:00'),
(325, '99-8864', 57, 400000475, 0, 'KREDIT', 1000000, 303672, 2, 117, 100, '2024-02-23', 0, '', NULL, 34584, '2024-05-10 19:20:18', '2024-05-10 19:20:18', '0000-00-00 00:00:00'),
(326, '99-8557', 57, 400000475, 0, 'KREDIT', 9000000, 307304, 2, 117, 100, '2024-04-04', 0, '', NULL, 34584, '2024-05-10 19:20:48', '2024-05-10 19:20:48', '0000-00-00 00:00:00'),
(327, '77-050490', 57, 400000475, 0, 'KREDIT', 2445000, 305286, 2, 117, 100, '2024-04-22', 0, '', NULL, 34584, '2024-05-10 19:21:26', '2024-05-10 19:21:26', '0000-00-00 00:00:00'),
(328, '77-050489', 57, 400000475, 0, 'KREDIT', 4890000, 306483, 2, 117, 100, '2024-04-22', 0, '', NULL, 34584, '2024-05-10 19:21:52', '2024-05-10 19:21:52', '0000-00-00 00:00:00'),
(329, '77-050488', 57, 400000475, 0, 'KREDIT', 2340000, 301395, 2, 117, 100, '2024-04-22', 0, '', NULL, 34584, '2024-05-10 19:22:30', '2024-05-10 19:22:30', '0000-00-00 00:00:00'),
(330, '77-050487', 57, 400000475, 0, 'KREDIT', 775000, 303402, 2, 117, 100, '2024-04-22', 0, '', NULL, 34584, '2024-05-10 19:23:06', '2024-05-10 19:23:06', '0000-00-00 00:00:00'),
(331, '77-050486', 57, 400000475, 0, 'KREDIT', 2550000, 303673, 2, 117, 100, '2024-04-22', 0, '', NULL, 34584, '2024-05-10 19:23:37', '2024-05-10 19:23:37', '0000-00-00 00:00:00'),
(332, '77-42532', 57, 400000475, 0, 'KREDIT', 9454000, 303680, 2, 117, 100, '2024-05-03', 0, '', NULL, 34584, '2024-05-10 19:24:05', '2024-05-10 19:24:05', '0000-00-00 00:00:00'),
(333, '77-42531', 57, 400000475, 0, 'KREDIT', 3825000, 303568, 2, 117, 100, '2024-05-02', 0, '', NULL, 34584, '2024-05-10 19:24:32', '2024-05-10 19:24:32', '0000-00-00 00:00:00'),
(334, '77-42530', 57, 400000475, 0, 'KREDIT', 3825000, 305822, 2, 117, 100, '2024-05-02', 0, '', NULL, 34584, '2024-05-10 19:24:59', '2024-05-10 19:24:59', '0000-00-00 00:00:00'),
(335, '77-42529', 57, 400000475, 0, 'KREDIT', 3825000, 306267, 2, 117, 100, '2024-05-02', 0, '', NULL, 34584, '2024-05-10 19:25:26', '2024-05-10 19:25:26', '0000-00-00 00:00:00'),
(336, '77-42527', 57, 400000475, 0, 'KREDIT', 15300000, 305489, 2, 117, 100, '2024-04-30', 0, '', NULL, 34584, '2024-05-10 19:25:55', '2024-05-10 19:25:55', '0000-00-00 00:00:00'),
(337, '77-42526', 57, 400000475, 0, 'KREDIT', 2550000, 303675, 2, 117, 100, '2024-04-29', 0, '', NULL, 34584, '2024-05-10 19:26:23', '2024-05-10 19:26:23', '0000-00-00 00:00:00'),
(338, '99-8822', 57, 400000475, 0, 'KREDIT', 637500, 305156, 2, 117, 100, '2024-04-29', 0, '', NULL, 34584, '2024-05-10 19:26:55', '2024-05-10 19:26:55', '0000-00-00 00:00:00'),
(339, '77-42525', 57, 400000475, 0, 'KREDIT', 15300000, 303679, 2, 117, 100, '2024-04-29', 0, '', NULL, 34584, '2024-05-10 19:27:44', '2024-05-10 19:27:44', '0000-00-00 00:00:00'),
(340, '77-42528', 57, 400000475, 0, 'KREDIT', 7855000, 307268, 2, 117, 100, '2024-04-30', 0, '', NULL, 34584, '2024-05-10 19:28:44', '2024-05-10 19:28:44', '0000-00-00 00:00:00'),
(341, '77-050852', 56, 400000449, 0, 'KREDIT', 2394000, 305655, 2, 220, 100, '2023-09-28', 0, '', NULL, 34584, '2024-05-10 19:38:28', '2024-05-10 19:38:28', '0000-00-00 00:00:00'),
(342, '99-8535', 56, 400000449, 0, 'KREDIT', 1200000, 305653, 2, 220, 100, '2023-12-13', 0, '', NULL, 34584, '2024-05-10 19:39:10', '2024-05-10 19:39:10', '0000-00-00 00:00:00'),
(343, '99-8533', 56, 400000449, 0, 'KREDIT', 5200000, 305775, 2, 220, 100, '2023-12-14', 0, '', NULL, 34584, '2024-05-10 19:40:34', '2024-05-10 19:40:34', '0000-00-00 00:00:00'),
(344, '77-050799', 56, 400000449, 0, 'KREDIT', 3000000, 305379, 2, 220, 100, '2023-12-27', 0, '', NULL, 34584, '2024-05-10 19:42:52', '2024-05-10 19:42:52', '0000-00-00 00:00:00'),
(345, '99-9653', 56, 400000449, 0, 'KREDIT', 11910000, 307313, 2, 220, 100, '2024-02-06', 0, '', NULL, 34584, '2024-05-10 19:44:18', '2024-05-10 19:44:18', '0000-00-00 00:00:00'),
(346, '99-8433', 56, 400000449, 0, 'KREDIT', 1275000, 305776, 2, 220, 100, '2024-03-20', 0, '', NULL, 34584, '2024-05-10 19:44:52', '2024-05-10 19:44:52', '0000-00-00 00:00:00'),
(347, '99-8427', 56, 400000449, 0, 'KREDIT', 16080000, 303096, 2, 220, 100, '2024-03-22', 0, '', NULL, 34584, '2024-05-10 19:47:02', '2024-05-10 19:47:02', '0000-00-00 00:00:00'),
(348, '99-8905', 56, 400000449, 0, 'KREDIT', 5000000, 304136, 2, 220, 100, '2024-04-02', 0, '', NULL, 34584, '2024-05-10 19:47:30', '2024-05-10 19:47:30', '0000-00-00 00:00:00'),
(349, '99-8902', 56, 400000449, 0, 'KREDIT', 8000000, 304137, 2, 220, 100, '2024-04-03', 0, '', NULL, 34584, '2024-05-10 19:54:50', '2024-05-10 19:54:50', '0000-00-00 00:00:00'),
(350, '99-8281', 56, 400000449, 0, 'KREDIT', 37440000, 303647, 2, 220, 100, '2024-04-25', 0, '', NULL, 34584, '2024-05-10 19:56:15', '2024-05-10 19:56:15', '0000-00-00 00:00:00'),
(351, '99-8275', 56, 400000449, 0, 'KREDIT', 17640000, 307312, 2, 220, 100, '2024-04-29', 0, '', NULL, 34584, '2024-05-10 19:57:18', '2024-05-10 19:57:18', '0000-00-00 00:00:00'),
(352, '99-8272', 56, 400000449, 0, 'KREDIT', 1170000, 306060, 2, 220, 100, '2024-04-30', 0, '', NULL, 34584, '2024-05-10 19:58:43', '2024-05-10 19:58:43', '0000-00-00 00:00:00'),
(353, '99-8271', 56, 400000449, 0, 'KREDIT', 1275000, 305270, 2, 220, 100, '2024-04-30', 0, '', NULL, 34584, '2024-05-10 19:59:33', '2024-05-10 19:59:33', '0000-00-00 00:00:00'),
(354, '99-8270', 56, 400000449, 0, 'KREDIT', 2550000, 305744, 2, 220, 100, '2024-04-30', 0, '', NULL, 34584, '2024-05-10 20:00:04', '2024-05-10 20:00:04', '0000-00-00 00:00:00'),
(355, '99-8269', 56, 400000449, 0, 'KREDIT', 2550000, 305146, 2, 220, 100, '2024-04-30', 0, '', NULL, 34584, '2024-05-10 20:00:50', '2024-05-10 20:00:50', '0000-00-00 00:00:00'),
(356, '99-8268', 56, 400000449, 0, 'KREDIT', 15300000, 304967, 2, 220, 100, '2024-04-30', 0, '', NULL, 34584, '2024-05-10 20:01:15', '2024-05-10 20:01:15', '0000-00-00 00:00:00'),
(357, '99-8267', 56, 400000449, 0, 'KREDIT', 2550000, 305162, 2, 220, 100, '2024-05-01', 0, '', NULL, 34584, '2024-05-10 20:01:44', '2024-05-10 20:01:44', '0000-00-00 00:00:00'),
(358, '99-8266', 56, 400000449, 0, 'KREDIT', 1170000, 306026, 2, 220, 100, '2024-05-01', 0, '', NULL, 34584, '2024-05-10 20:02:09', '2024-05-10 20:02:09', '0000-00-00 00:00:00'),
(359, '99-8265', 56, 400000449, 0, 'KREDIT', 1170000, 306009, 2, 220, 100, '2024-05-01', 0, '', NULL, 34584, '2024-05-10 20:02:36', '2024-05-10 20:02:36', '0000-00-00 00:00:00'),
(360, '99-8264', 56, 400000449, 0, 'KREDIT', 1275000, 306044, 2, 220, 100, '2024-05-01', 0, '', NULL, 34584, '2024-05-10 20:03:22', '2024-05-10 20:03:22', '0000-00-00 00:00:00'),
(361, '7451', 38, 400000454, 0, 'KREDIT', 595000, 300488, 10, 49, 1, '2024-04-23', 0, '', NULL, 34597, '2024-05-13 09:47:45', '2024-05-13 09:47:45', '0000-00-00 00:00:00'),
(362, '01751', 61, 400000271, 0, 'KREDIT', 2825000, 307708, 7, 300, 108, '2024-03-18', 0, '', NULL, 34591, '2024-05-13 12:07:04', '2024-05-13 12:07:04', '0000-00-00 00:00:00'),
(363, '01756', 61, 400000271, 0, 'KREDIT', 654000, 307709, 7, 300, 108, '2024-05-03', 0, '', NULL, 34591, '2024-05-13 12:07:27', '2024-05-13 12:07:27', '0000-00-00 00:00:00'),
(364, '3456', 70, 400000481, 0, 'CASH', 195500000, 307711, 18, 336, 157, '2024-05-16', 195500000, 'Lunas', NULL, 34606, '2024-05-16 19:52:54', '2024-05-16 19:53:12', '0000-00-00 00:00:00'),
(365, '77788', 70, 400000481, 0, 'CASH', 437000000, 307710, 18, 336, 157, '2024-05-16', 437000000, 'Lunas', NULL, 34606, '2024-05-16 19:53:36', '2024-05-16 19:56:50', '2024-05-16 19:56:50'),
(366, '6677', 70, 400000481, 0, 'KREDIT', 115000000, 307713, 18, 336, 157, '2024-05-16', NULL, '', NULL, 34606, '2024-05-16 19:54:04', '2024-05-16 19:55:06', '2024-05-16 19:55:06'),
(367, '7789', 70, 400000481, 0, 'KREDIT', 0, 307713, 18, 336, 157, '2024-05-16', NULL, '', 1, 34606, '2024-05-16 19:55:14', '2024-05-17 14:57:43', '0000-00-00 00:00:00'),
(368, '5567', 70, 400000481, 0, 'CASH', 0, 307710, 18, 336, 157, '2024-05-16', NULL, 'Lunas', NULL, 34606, '2024-05-16 19:57:00', '2024-05-16 19:57:00', '0000-00-00 00:00:00'),
(369, '5578', 71, 400000482, 0, 'CASH', 172500000, 307711, 18, 335, 157, '2024-05-16', 172500000, 'Lunas', NULL, 34606, '2024-05-16 20:07:29', '2024-05-16 20:07:40', '0000-00-00 00:00:00'),
(370, '5579', 71, 400000482, 0, 'CASH', 253000000, 307710, 18, 335, 157, '2024-05-16', 253000000, 'Lunas', NULL, 34606, '2024-05-16 20:07:53', '2024-05-16 20:08:07', '0000-00-00 00:00:00'),
(371, '9900', 71, 400000482, 0, 'KREDIT', 34500000, 307713, 18, 335, 157, '2024-05-16', NULL, '', 1, 34606, '2024-05-16 20:08:18', '2024-05-17 14:57:43', '0000-00-00 00:00:00'),
(372, '9909', 71, 400000482, 0, 'KREDIT', 11500000, 307712, 18, 335, 157, '2024-05-16', 1500000, '', 1, 34606, '2024-05-16 20:08:35', '2024-05-17 14:57:43', '0000-00-00 00:00:00'),
(373, '7789', 72, 400000476, 0, 'CASH', 11500000, 307711, 18, 333, 157, '2024-05-16', 11500000, 'Lunas', NULL, 34606, '2024-05-16 20:46:24', '2024-05-16 21:05:04', '0000-00-00 00:00:00'),
(374, '1605', 73, 400000481, 0, 'CASH', 0, 307711, 18, 333, 157, '2024-05-16', 0, 'Lunas', NULL, 34606, '2024-05-16 21:32:03', '2024-05-16 21:32:13', '0000-00-00 00:00:00'),
(375, '1111', 74, 400000481, 0, 'CASH', 8000000, 307711, 18, 333, 157, '2024-05-16', 8000000, 'Lunas', NULL, 34606, '2024-05-16 21:35:33', '2024-05-16 21:35:40', '0000-00-00 00:00:00'),
(376, '124', 74, 400000481, 0, 'KREDIT', 6400000, 307712, 18, 333, 157, '2024-05-16', NULL, '', 1, 34606, '2024-05-16 21:38:47', '2024-05-17 14:57:43', '0000-00-00 00:00:00');

-- --------------------------------------------------------

--
-- Struktur dari tabel `nota_detail`
--

CREATE TABLE `nota_detail` (
  `id_nota_detail` int(11) NOT NULL,
  `id_nota` int(11) NOT NULL,
  `id_product` int(11) NOT NULL,
  `id_sales_detail` int(111) NOT NULL,
  `id_jenis_harga` int(11) NOT NULL,
  `harga_nota` int(11) DEFAULT NULL,
  `satuan_penjualan` int(12) NOT NULL,
  `diskon_penjualan` int(12) NOT NULL,
  `created_at` datetime NOT NULL,
  `updated_at` datetime NOT NULL,
  `deleted_at` datetime NOT NULL
) ENGINE=InnoDB DEFAULT CHARSET=utf8mb4 COLLATE=utf8mb4_general_ci;

--
-- Dumping data untuk tabel `nota_detail`
--

INSERT INTO `nota_detail` (`id_nota_detail`, `id_nota`, `id_product`, `id_sales_detail`, `id_jenis_harga`, `harga_nota`, `satuan_penjualan`, `diskon_penjualan`, `created_at`, `updated_at`, `deleted_at`) VALUES
(1, 120, 10000021, 0, 2, 11400, 500, 0, '2024-04-30 07:13:20', '2024-04-30 07:13:20', '0000-00-00 00:00:00'),
(2, 120, 10000020, 0, 2, 11100, 700, 0, '2024-04-30 07:13:34', '2024-04-30 07:13:34', '0000-00-00 00:00:00'),
(3, 121, 10000021, 0, 2, 11400, 200, 0, '2024-04-30 07:14:06', '2024-04-30 07:14:06', '0000-00-00 00:00:00'),
(4, 121, 10000020, 0, 2, 11100, 300, 0, '2024-04-30 07:14:19', '2024-04-30 07:14:19', '0000-00-00 00:00:00'),
(5, 122, 10000021, 0, 2, 11400, 1000, 0, '2024-04-30 09:36:21', '2024-04-30 09:36:21', '0000-00-00 00:00:00'),
(7, 122, 10000020, 0, 2, 11100, 1000, 0, '2024-04-30 09:37:42', '2024-04-30 09:37:42', '0000-00-00 00:00:00'),
(8, 123, 10000021, 0, 2, 11400, 2000, 0, '2024-04-30 09:39:10', '2024-04-30 09:39:10', '0000-00-00 00:00:00'),
(9, 123, 10000020, 0, 2, 11100, 2000, 0, '2024-04-30 09:39:21', '2024-04-30 09:39:21', '0000-00-00 00:00:00'),
(10, 123, 10000032, 0, 2, 10750, 500, 0, '2024-04-30 09:39:33', '2024-04-30 09:39:33', '0000-00-00 00:00:00'),
(11, 124, 10000193, 0, 2, 19800, 10000, 0, '2024-05-06 15:00:14', '2024-05-06 15:00:14', '0000-00-00 00:00:00'),
(12, 124, 10000026, 0, 2, 10750, 20000, 0, '2024-05-06 15:01:02', '2024-05-06 15:01:02', '0000-00-00 00:00:00'),
(13, 125, 10000026, 0, 2, 10750, 5000, 0, '2024-05-06 15:01:28', '2024-05-06 15:01:28', '0000-00-00 00:00:00'),
(14, 126, 10000021, 0, 5, 11200, 2000, 0, '2024-05-07 13:40:25', '2024-05-07 13:40:25', '0000-00-00 00:00:00'),
(15, 126, 10000032, 0, 5, 11500, 2000, 0, '2024-05-07 13:40:43', '2024-05-07 13:40:43', '0000-00-00 00:00:00'),
(16, 129, 10000032, 0, 2, 10750, 15000, 0, '2024-05-07 14:05:21', '2024-05-07 14:05:21', '0000-00-00 00:00:00'),
(17, 129, 10000021, 0, 2, 11400, 10000, 0, '2024-05-07 14:05:27', '2024-05-07 14:05:27', '0000-00-00 00:00:00'),
(18, 364, 10000365, 0, 2, 11500, 7000, 0, '2024-05-16 19:53:04', '2024-05-16 19:53:04', '0000-00-00 00:00:00'),
(19, 364, 10000381, 0, 2, 11500, 10000, 0, '2024-05-16 19:53:12', '2024-05-16 19:53:12', '0000-00-00 00:00:00'),
(20, 365, 10000365, 0, 2, 11500, 20000, 0, '2024-05-16 19:53:41', '2024-05-16 19:53:41', '0000-00-00 00:00:00'),
(21, 365, 10000381, 0, 2, 11500, 18000, 0, '2024-05-16 19:53:50', '2024-05-16 19:53:50', '0000-00-00 00:00:00'),
(22, 366, 10000381, 0, 2, 11500, 10000, 0, '2024-05-16 19:54:13', '2024-05-16 19:54:13', '0000-00-00 00:00:00'),
(23, 369, 10000365, 0, 2, 11500, 10000, 0, '2024-05-16 20:07:34', '2024-05-16 20:07:34', '0000-00-00 00:00:00'),
(24, 369, 10000381, 0, 2, 11500, 5000, 0, '2024-05-16 20:07:40', '2024-05-16 20:07:40', '0000-00-00 00:00:00'),
(25, 370, 10000365, 0, 2, 11500, 2000, 0, '2024-05-16 20:08:02', '2024-05-16 20:08:02', '0000-00-00 00:00:00'),
(26, 370, 10000381, 0, 2, 11500, 20000, 0, '2024-05-16 20:08:07', '2024-05-16 20:08:07', '0000-00-00 00:00:00'),
(27, 371, 10000381, 0, 2, 11500, 3000, 0, '2024-05-16 20:08:24', '2024-05-16 20:08:24', '0000-00-00 00:00:00'),
(28, 372, 10000365, 0, 2, 11500, 1000, 0, '2024-05-16 20:08:42', '2024-05-16 20:08:42', '0000-00-00 00:00:00'),
(29, 373, 10000365, 0, 2, 11500, 2000, 0, '2024-05-16 20:47:35', '2024-05-16 20:47:41', '0000-00-00 00:00:00'),
(30, 373, 10000365, 0, 2, 11500, 1000, 0, '2024-05-16 20:48:47', '2024-05-16 21:04:39', '0000-00-00 00:00:00'),
(31, 373, 10000365, 0, 2, 11500, 1000, 0, '2024-05-16 21:05:04', '2024-05-16 21:05:04', '0000-00-00 00:00:00'),
(32, 375, 10000380, 0, 2, 16000, 500, 0, '2024-05-16 21:35:40', '2024-05-16 21:35:40', '0000-00-00 00:00:00'),
(33, 376, 10000380, 0, 2, 16000, 400, 0, '2024-05-16 21:38:55', '2024-05-16 21:38:55', '0000-00-00 00:00:00');

-- --------------------------------------------------------

--
-- Struktur dari tabel `sales`
--

CREATE TABLE `sales` (
  `id_sales` int(200) NOT NULL,
  `id_partner` int(200) NOT NULL,
  `id_asset` int(200) NOT NULL,
  `id_area` int(200) NOT NULL,
  `id_branch` int(11) NOT NULL,
  `km` int(200) NOT NULL,
  `week` varchar(2) NOT NULL,
  `tgl_do` datetime NOT NULL,
  `keterangan` text NOT NULL,
  `created_at` datetime NOT NULL,
  `updated_at` datetime NOT NULL,
  `deleted_at` datetime NOT NULL
) ENGINE=InnoDB DEFAULT CHARSET=utf8mb4 COLLATE=utf8mb4_general_ci;

--
-- Dumping data untuk tabel `sales`
--

INSERT INTO `sales` (`id_sales`, `id_partner`, `id_asset`, `id_area`, `id_branch`, `km`, `week`, `tgl_do`, `keterangan`, `created_at`, `updated_at`, `deleted_at`) VALUES
(20, 400000074, 50000030, 90, 1, 204500, '19', '2024-05-07 13:35:27', '9945', '2024-05-07 13:36:08', '2024-05-07 13:36:08', '0000-00-00 00:00:00'),
(21, 400000380, 50000001, 87, 1, 21000, '19', '2024-05-07 14:04:25', '9988', '2024-05-07 14:04:44', '2024-05-07 14:04:44', '0000-00-00 00:00:00'),
(24, 400000128, 50000405, 93, 1, 20, '19', '2024-05-08 12:41:00', '8876', '2024-05-08 12:42:07', '2024-05-08 12:42:07', '0000-00-00 00:00:00'),
(25, 400000075, 50000032, 88, 1, 2001, '18', '2024-05-08 13:16:16', '8876', '2024-05-08 13:18:12', '2024-05-08 13:18:12', '0000-00-00 00:00:00'),
(26, 400000073, 50000019, 92, 1, 25000, '18', '2024-05-08 15:52:44', '9987', '2024-05-08 15:53:25', '2024-05-08 15:53:25', '0000-00-00 00:00:00'),
(27, 400000074, 50000019, 90, 1, 2, '18', '2024-05-09 14:42:46', '99987', '2024-05-09 14:43:03', '2024-05-09 14:43:03', '0000-00-00 00:00:00'),
(28, 400000080, 50000049, 93, 1, 20100, '18', '2024-05-09 15:12:43', '99874', '2024-05-09 15:13:16', '2024-05-09 15:13:16', '0000-00-00 00:00:00'),
(29, 400000073, 50000021, 94, 1, 70258, '18', '2024-05-09 15:34:01', '99783', '2024-05-09 15:34:25', '2024-05-09 15:34:25', '0000-00-00 00:00:00'),
(30, 400000078, 50000030, 84, 1, 28000, '18', '2024-05-09 16:22:24', '0', '2024-05-09 16:22:58', '2024-05-09 16:22:58', '0000-00-00 00:00:00'),
(31, 400000473, 50000011, 327, 3, 0, '18', '2024-05-09 17:38:35', '0', '2024-05-09 17:38:46', '2024-05-10 13:38:12', '2024-05-10 13:38:12'),
(32, 400000112, 50000065, 204, 2, 123, '19', '2024-05-09 17:38:58', '', '2024-05-09 17:45:20', '2024-05-09 17:47:20', '2024-05-09 17:47:20'),
(33, 400000112, 50000065, 204, 2, 123, '18', '2024-05-09 18:02:39', 'DO AWAL', '2024-05-09 18:03:09', '2024-05-09 18:04:34', '2024-05-09 18:04:34'),
(34, 400000425, 50000007, 49, 10, 0, '18', '2024-05-09 18:39:31', '0', '2024-05-09 18:43:40', '2024-05-10 10:48:55', '2024-05-10 10:48:55'),
(35, 400000425, 50000007, 49, 10, 0, '18', '2024-05-10 09:51:30', '0', '2024-05-10 09:52:46', '2024-05-10 09:52:46', '0000-00-00 00:00:00'),
(36, 400000072, 50000036, 89, 1, 96321, '18', '2024-05-10 09:57:06', '00062', '2024-05-10 09:57:44', '2024-05-10 09:57:44', '0000-00-00 00:00:00'),
(37, 400000194, 50000382, 158, 12, 201013, '19', '2024-05-10 10:12:35', '0', '2024-05-10 10:18:36', '2024-05-10 10:18:36', '0000-00-00 00:00:00'),
(38, 400000454, 50000007, 49, 10, 0, '18', '2024-05-10 10:27:15', '', '2024-05-10 10:27:44', '2024-05-10 10:27:44', '0000-00-00 00:00:00'),
(39, 400000435, 50000386, 156, 12, 192200, '19', '2024-05-06 10:17:58', '99-00543', '2024-05-10 10:27:57', '2024-05-10 11:15:13', '2024-05-10 11:15:13'),
(40, 400000077, 50000001, 91, 1, 154000, '18', '2024-05-10 10:43:56', '8879', '2024-05-10 10:44:20', '2024-05-10 10:44:20', '0000-00-00 00:00:00'),
(41, 400000076, 50000019, 87, 1, 178000, '18', '2024-05-10 10:59:10', '99782', '2024-05-10 10:59:39', '2024-05-10 10:59:39', '0000-00-00 00:00:00'),
(42, 400000078, 50000023, 85, 1, 120500, '18', '2024-05-10 11:24:50', '88875', '2024-05-10 11:25:15', '2024-05-10 11:25:15', '0000-00-00 00:00:00'),
(43, 400000449, 50000064, 267, 2, 168331, '19', '2024-05-10 13:16:47', '77-00372', '2024-05-10 13:22:16', '2024-05-10 13:38:13', '2024-05-10 13:38:13'),
(44, 400000445, 50000046, 219, 2, 168130, '19', '2024-05-10 13:22:52', '77-00373', '2024-05-10 13:24:30', '2024-05-10 13:24:30', '0000-00-00 00:00:00'),
(45, 400000397, 50000050, 283, 2, 246874, '19', '2024-05-10 13:24:53', '77-00374', '2024-05-10 13:26:23', '2024-05-10 13:26:23', '0000-00-00 00:00:00'),
(46, 400000475, 50000044, 221, 2, 196010, '19', '2024-05-10 13:33:17', '77-00375', '2024-05-10 13:37:36', '2024-05-10 13:37:36', '0000-00-00 00:00:00'),
(47, 400000449, 50000064, 266, 2, 168331, '19', '2024-05-10 13:38:25', '77-00372', '2024-05-10 13:39:44', '2024-05-10 13:39:44', '0000-00-00 00:00:00'),
(48, 400000425, 50000007, 54, 10, 0, '18', '2024-05-10 14:17:13', '0', '2024-05-10 14:17:44', '2024-05-10 14:17:44', '0000-00-00 00:00:00'),
(49, 400000473, 50000011, 327, 3, 20000, '18', '2024-05-10 14:27:01', 'ddd', '2024-05-10 14:27:13', '2024-05-10 14:27:13', '0000-00-00 00:00:00'),
(50, 400000426, 50000004, 34, 9, 0, '18', '2024-05-10 14:31:41', '0', '2024-05-10 14:32:22', '2024-05-10 14:32:22', '0000-00-00 00:00:00'),
(51, 400000079, 50000019, 88, 1, 178000, '18', '2024-05-10 14:35:52', '2228', '2024-05-10 14:36:33', '2024-05-10 14:36:33', '0000-00-00 00:00:00'),
(52, 400000426, 50000393, 29, 9, 0, '18', '2024-05-10 14:44:35', '0', '2024-05-10 14:44:57', '2024-05-10 14:44:57', '0000-00-00 00:00:00'),
(53, 400000453, 50000393, 29, 9, 0, '18', '2024-05-10 14:56:16', '0', '2024-05-10 14:56:54', '2024-05-10 14:56:54', '0000-00-00 00:00:00'),
(54, 400000387, 50000047, 270, 2, 218589, '19', '2024-05-10 15:43:18', '123', '2024-05-10 15:45:52', '2024-05-10 15:45:52', '0000-00-00 00:00:00'),
(55, 400000302, 50000048, 249, 2, 256109, '19', '2024-05-10 15:46:01', '123', '2024-05-10 15:46:54', '2024-05-10 15:46:54', '0000-00-00 00:00:00'),
(56, 400000449, 50000064, 220, 2, 168078, '19', '2024-05-10 16:01:29', '123', '2024-05-10 16:02:27', '2024-05-10 16:02:27', '0000-00-00 00:00:00'),
(57, 400000475, 50000044, 117, 2, 145988, '19', '2024-05-10 16:02:34', '123', '2024-05-10 16:03:19', '2024-05-10 16:03:19', '0000-00-00 00:00:00'),
(58, 400000476, 50000406, 329, 18, 900000, '4', '2024-05-11 07:44:31', 'DO', '2024-05-11 07:44:47', '2024-05-11 07:46:41', '0000-00-00 00:00:00'),
(59, 400000476, 50000406, 329, 18, 100000, '6', '2024-05-11 07:52:50', 'Test 1', '2024-05-11 07:53:09', '2024-05-11 07:53:09', '0000-00-00 00:00:00'),
(60, 400000438, 50000089, 117, 2, 90846, '19', '2024-05-11 09:37:41', '77-00378', '2024-05-11 09:41:21', '2024-05-11 09:41:21', '0000-00-00 00:00:00'),
(61, 400000271, 50000087, 300, 7, 195957, '19', '2024-05-13 12:05:40', '0', '2024-05-13 12:06:21', '2024-05-13 12:06:21', '0000-00-00 00:00:00'),
(62, 400000476, 50000406, 329, 18, 20000, '19', '2024-05-15 12:21:32', '55567', '2024-05-15 12:22:01', '2024-05-16 19:51:08', '0000-00-00 00:00:00'),
(63, 400000476, 50000406, 329, 18, 335, '19', '2024-05-15 19:06:34', '44463', '2024-05-15 19:06:46', '2024-05-15 19:06:46', '0000-00-00 00:00:00'),
(64, 400000476, 50000406, 329, 18, 9, '1', '2024-05-16 16:14:33', 'ooo', '2024-05-16 16:14:58', '2024-05-16 16:14:58', '0000-00-00 00:00:00'),
(65, 400000476, 50000406, 329, 18, 0, '1', '2024-05-16 16:15:21', 'oo', '2024-05-16 16:15:38', '2024-05-16 16:15:38', '0000-00-00 00:00:00'),
(66, 400000476, 50000406, 329, 18, 5, '1', '2024-05-16 16:16:47', 'oooooo', '2024-05-16 16:17:23', '2024-05-16 16:17:23', '0000-00-00 00:00:00'),
(67, 400000476, 50000406, 329, 18, 5, '1', '2024-05-16 16:23:11', '00', '2024-05-16 16:23:26', '2024-05-16 16:23:26', '0000-00-00 00:00:00'),
(68, 400000476, 50000406, 329, 18, 8, '15', '2024-05-16 16:26:17', 'o', '2024-05-16 16:26:34', '2024-05-16 16:26:34', '0000-00-00 00:00:00'),
(69, 400000476, 50000406, 329, 18, 5, '3', '2024-05-16 16:30:37', 'o', '2024-05-16 16:32:14', '2024-05-16 16:32:14', '0000-00-00 00:00:00'),
(70, 400000481, 50000406, 336, 18, 20100, '20', '2024-05-16 19:51:29', '675858', '2024-05-16 19:51:47', '2024-05-16 19:51:47', '0000-00-00 00:00:00'),
(71, 400000482, 50000406, 335, 18, 70258, '20', '2024-05-16 20:06:44', '53635', '2024-05-16 20:06:58', '2024-05-16 20:06:58', '0000-00-00 00:00:00'),
(72, 400000476, 50000406, 333, 18, 78000, '20', '2024-05-16 20:32:19', '8899', '2024-05-16 20:32:34', '2024-05-16 20:32:34', '0000-00-00 00:00:00'),
(73, 400000481, 50000406, 333, 18, 0, '21', '2024-05-16 21:30:48', '1605', '2024-05-16 21:31:18', '2024-05-16 21:31:18', '0000-00-00 00:00:00'),
(74, 400000481, 50000406, 333, 18, 0, '21', '2024-05-16 21:34:40', '16051', '2024-05-16 21:35:01', '2024-05-16 21:35:01', '0000-00-00 00:00:00');

-- --------------------------------------------------------

--
-- Struktur dari tabel `sales_detail`
--

CREATE TABLE `sales_detail` (
  `id_sales_detail` int(111) NOT NULL,
  `id_sales` int(111) NOT NULL,
  `id_product` int(111) NOT NULL,
  `id_price_detail` int(133) NOT NULL,
  `satuan_sales_detail` int(111) NOT NULL,
  `jumlah_sales` int(123) NOT NULL,
  `created_at` datetime NOT NULL,
  `updated_at` datetime NOT NULL,
  `deleted_at` datetime NOT NULL
) ENGINE=InnoDB DEFAULT CHARSET=utf8mb4 COLLATE=utf8mb4_general_ci;

--
-- Dumping data untuk tabel `sales_detail`
--

INSERT INTO `sales_detail` (`id_sales_detail`, `id_sales`, `id_product`, `id_price_detail`, `satuan_sales_detail`, `jumlah_sales`, `created_at`, `updated_at`, `deleted_at`) VALUES
(1, 15, 10000021, 0, 1000, 300, '2024-04-30 07:12:31', '2024-04-30 07:12:31', '0000-00-00 00:00:00'),
(2, 15, 10000020, 0, 2000, 1000, '2024-04-30 07:12:41', '2024-04-30 07:12:41', '0000-00-00 00:00:00'),
(4, 16, 10000021, 0, 10000, 0, '2024-04-30 09:29:46', '2024-04-30 09:29:46', '0000-00-00 00:00:00'),
(6, 16, 10000020, 0, 10000, 0, '2024-04-30 09:32:54', '2024-04-30 09:32:54', '0000-00-00 00:00:00'),
(7, 16, 10000032, 0, 1000, 0, '2024-04-30 09:34:45', '2024-04-30 09:34:45', '0000-00-00 00:00:00'),
(8, 17, 10000193, 0, 5000, -5000, '2024-05-06 14:58:40', '2024-05-06 14:58:40', '0000-00-00 00:00:00'),
(9, 17, 10000026, 0, 25000, 0, '2024-05-06 14:58:50', '2024-05-06 14:58:50', '0000-00-00 00:00:00'),
(10, 18, 10000032, 0, 20000, 20000, '2024-05-07 09:59:47', '2024-05-07 10:45:55', '2024-05-07 10:45:55'),
(11, 18, 10000021, 0, 15000, 15000, '2024-05-07 10:00:01', '2024-05-07 10:00:01', '0000-00-00 00:00:00'),
(12, 18, 10000193, 0, 2000, 2000, '2024-05-07 10:00:13', '2024-05-07 10:02:26', '2024-05-07 10:02:26'),
(13, 18, 10000032, 0, 20000, 20000, '2024-05-07 10:45:46', '2024-05-07 10:45:46', '0000-00-00 00:00:00'),
(14, 19, 10000032, 0, 20000, 20000, '2024-05-07 11:23:33', '2024-05-07 11:23:33', '0000-00-00 00:00:00'),
(15, 20, 10000032, 0, 15000, 15000, '2024-05-07 13:36:47', '2024-05-07 13:37:32', '2024-05-07 13:37:32'),
(16, 20, 10000021, 0, 10000, 0, '2024-05-07 13:36:57', '2024-05-07 13:36:57', '0000-00-00 00:00:00'),
(17, 20, 10000193, 0, 5000, 0, '2024-05-07 13:37:06', '2024-05-07 13:37:06', '0000-00-00 00:00:00'),
(18, 20, 10000032, 0, 14000, 0, '2024-05-07 13:37:40', '2024-05-07 13:37:40', '0000-00-00 00:00:00'),
(19, 20, 10000032, 0, 30000, 30000, '2024-05-07 13:48:41', '2024-05-07 13:48:41', '0000-00-00 00:00:00'),
(20, 21, 10000032, 0, 20000, 0, '2024-05-07 14:04:52', '2024-05-07 14:04:52', '0000-00-00 00:00:00'),
(21, 21, 10000021, 0, 15000, 0, '2024-05-07 14:04:59', '2024-05-07 14:04:59', '0000-00-00 00:00:00'),
(22, 33, 10000302, 0, 10, 10, '2024-05-09 18:03:31', '2024-05-09 18:03:57', '2024-05-09 18:03:57'),
(23, 33, 10000300, 0, 10, 10, '2024-05-09 18:03:44', '2024-05-09 18:03:51', '2024-05-09 18:03:51'),
(24, 39, 10000314, 0, 136, 136, '2024-05-10 10:29:07', '2024-05-10 10:29:07', '0000-00-00 00:00:00'),
(25, 39, 10000312, 0, 97, 97, '2024-05-10 10:33:31', '2024-05-10 10:34:04', '2024-05-10 10:34:04'),
(26, 31, 10000373, 0, 97, 97, '2024-05-10 10:40:24', '2024-05-10 10:40:27', '2024-05-10 10:40:27'),
(27, 31, 10000373, 0, 97, 97, '2024-05-10 13:38:04', '2024-05-10 13:38:04', '0000-00-00 00:00:00'),
(28, 47, 10000300, 0, 0, 0, '2024-05-14 12:43:17', '2024-05-14 12:43:27', '2024-05-14 12:43:27'),
(29, 47, 10000300, 0, 10900, 10900, '2024-05-14 12:44:14', '2024-05-14 12:44:14', '0000-00-00 00:00:00'),
(30, 47, 10000303, 0, 18000, 18000, '2024-05-14 12:45:01', '2024-05-14 12:45:01', '0000-00-00 00:00:00'),
(31, 47, 10000304, 0, 600, 600, '2024-05-14 12:45:39', '2024-05-14 12:45:39', '0000-00-00 00:00:00'),
(32, 47, 10000301, 0, 100, 100, '2024-05-14 12:45:58', '2024-05-14 12:45:58', '0000-00-00 00:00:00'),
(33, 47, 10000301, 0, 100, 100, '2024-05-14 12:45:58', '2024-05-14 12:45:58', '0000-00-00 00:00:00'),
(34, 47, 10000305, 0, 100, 100, '2024-05-14 12:46:18', '2024-05-14 12:46:18', '0000-00-00 00:00:00'),
(35, 62, 10000380, 0, 2000, 2000, '2024-05-15 12:22:08', '2024-05-15 12:22:08', '0000-00-00 00:00:00'),
(36, 62, 10000365, 0, 20000, 20000, '2024-05-15 12:22:16', '2024-05-15 12:22:16', '0000-00-00 00:00:00'),
(37, 63, 10000381, 0, 78, 78, '2024-05-15 19:06:52', '2024-05-15 19:06:52', '0000-00-00 00:00:00'),
(38, 67, 10000380, 0, 6000, 6000, '2024-05-16 16:24:06', '2024-05-16 16:24:10', '2024-05-16 16:24:10'),
(39, 70, 10000365, 0, 30000, 0, '2024-05-16 19:51:55', '2024-05-16 19:51:55', '0000-00-00 00:00:00'),
(40, 70, 10000380, 0, 1000, 0, '2024-05-16 19:52:01', '2024-05-16 19:52:01', '0000-00-00 00:00:00'),
(41, 70, 10000381, 0, 40000, 0, '2024-05-16 19:52:39', '2024-05-16 19:52:39', '0000-00-00 00:00:00'),
(42, 71, 10000381, 0, 30000, 0, '2024-05-16 20:07:07', '2024-05-16 20:07:07', '0000-00-00 00:00:00'),
(43, 71, 10000365, 0, 15000, 0, '2024-05-16 20:07:14', '2024-05-16 20:07:14', '0000-00-00 00:00:00'),
(44, 72, 10000365, 0, 5000, 4000, '2024-05-16 20:32:42', '2024-05-16 20:32:42', '0000-00-00 00:00:00'),
(45, 73, 10000365, 0, 1, 1, '2024-05-16 21:31:42', '2024-05-16 21:31:42', '0000-00-00 00:00:00'),
(46, 74, 10000380, 0, 1000, 100, '2024-05-16 21:35:11', '2024-05-16 21:35:11', '0000-00-00 00:00:00');

--
-- Indexes for dumped tables
--

--
-- Indeks untuk tabel `nota`
--
ALTER TABLE `nota`
  ADD PRIMARY KEY (`id_nota`);

--
-- Indeks untuk tabel `nota_detail`
--
ALTER TABLE `nota_detail`
  ADD PRIMARY KEY (`id_nota_detail`);

--
-- Indeks untuk tabel `sales`
--
ALTER TABLE `sales`
  ADD PRIMARY KEY (`id_sales`);

--
-- Indeks untuk tabel `sales_detail`
--
ALTER TABLE `sales_detail`
  ADD PRIMARY KEY (`id_sales_detail`);

--
-- AUTO_INCREMENT untuk tabel yang dibuang
--

--
-- AUTO_INCREMENT untuk tabel `nota`
--
ALTER TABLE `nota`
  MODIFY `id_nota` int(11) NOT NULL AUTO_INCREMENT, AUTO_INCREMENT=377;

--
-- AUTO_INCREMENT untuk tabel `nota_detail`
--
ALTER TABLE `nota_detail`
  MODIFY `id_nota_detail` int(11) NOT NULL AUTO_INCREMENT, AUTO_INCREMENT=34;

--
-- AUTO_INCREMENT untuk tabel `sales`
--
ALTER TABLE `sales`
  MODIFY `id_sales` int(200) NOT NULL AUTO_INCREMENT, AUTO_INCREMENT=75;

--
-- AUTO_INCREMENT untuk tabel `sales_detail`
--
ALTER TABLE `sales_detail`
  MODIFY `id_sales_detail` int(111) NOT NULL AUTO_INCREMENT, AUTO_INCREMENT=47;
COMMIT;

/*!40101 SET CHARACTER_SET_CLIENT=@OLD_CHARACTER_SET_CLIENT */;
/*!40101 SET CHARACTER_SET_RESULTS=@OLD_CHARACTER_SET_RESULTS */;
/*!40101 SET COLLATION_CONNECTION=@OLD_COLLATION_CONNECTION */;
